x,y,z,time,seconds
0.010522,0.076204,1.052404,14:15:00.000000,0.000000000
0.157796,0.180784,1.143147,14:15:00.000667,0.000666667
0.133544,0.134688,1.086114,14:15:00.001333,0.001333333
0.024711,0.042732,1.047272,14:15:00.002000,0.002000000
0.020091,0.050986,1.016983,14:15:00.002667,0.002666667
0.140619,0.119070,1.058111,14:15:00.003333,0.003333333
0.174249,0.105201,1.042436,14:15:00.004000,0.004000000
0.092814,0.055247,1.039734,14:15:00.004667,0.004666667
0.040666,0.017404,1.000654,14:15:00.005333,0.005333333
0.050840,0.025691,1.022592,14:15:00.006000,0.006000000
0.064203,0.061061,1.029577,14:15:00.006667,0.006666667
0.077735,0.049082,1.003612,14:15:00.007333,0.007333333
0.033133,0.035045,0.977118,14:15:00.008000,0.008000000
0.016377,0.025045,1.028684,14:15:00.008667,0.008666667
0.068137,0.051616,1.023377,14:15:00.009333,0.009333333
0.092012,0.037797,1.031582,14:15:00.010000,0.010000000
0.127607,0.060236,1.046737,14:15:00.010667,0.010666667
0.214587,0.108077,1.093329,14:15:00.011333,0.011333333
0.129976,0.068038,1.045279,14:15:00.012000,0.012000000
0.040659,-0.032412,0.982638,14:15:00.012667,0.012666667
0.058529,-0.017527,0.998113,14:15:00.013333,0.013333333
0.095723,0.031513,0.993604,14:15:00.014000,0.014000000
0.129252,0.037446,1.004533,14:15:00.014667,0.014666667
0.055889,-0.015273,0.947993,14:15:00.015333,0.015333333
0.030822,-0.045162,0.940890,14:15:00.016000,0.016000000
-0.011742,-0.058490,0.918746,14:15:00.016667,0.016666667
0.020995,-0.006090,0.950633,14:15:00.017333,0.017333333
0.030290,-0.007333,0.947268,14:15:00.018000,0.018000000
-0.045654,-0.047406,0.941126,14:15:00.018667,0.018666667
-0.054807,-0.036664,0.968722,14:15:00.019333,0.019333333
-0.003739,-0.022199,0.959601,14:15:00.020000,0.020000000
0.059074,0.015235,0.998895,14:15:00.020667,0.020666667
0.105047,0.063761,1.013892,14:15:00.021333,0.021333333
0.164146,0.105259,1.041643,14:15:00.022000,0.022000000
0.026299,0.020709,1.008498,14:15:00.022667,0.022666667
-0.033824,-0.064249,0.962011,14:15:00.023333,0.023333333
0.019262,-0.043256,0.972448,14:15:00.024000,0.024000000
0.062721,0.000624,1.003716,14:15:00.024667,0.024666667
0.017038,-0.009461,1.001801,14:15:00.025333,0.025333333
-0.043297,-0.074147,0.979373,14:15:00.026000,0.026000000
-0.098839,-0.099120,0.979605,14:15:00.026667,0.026666667
-0.047250,-0.050024,0.951801,14:15:00.027333,0.027333333
-0.032060,-0.064070,0.998795,14:15:00.028000,0.028000000
-0.098084,-0.064324,0.998526,14:15:00.028667,0.028666667
-0.115542,-0.097191,0.968824,14:15:00.029333,0.029333333
-0.093956,-0.081517,0.984265,14:15:00.030000,0.030000000
-0.122853,-0.062777,1.009447,14:15:00.030667,0.030666667
-0.071737,-0.042518,1.014129,14:15:00.031333,0.031333333
0.056078,-0.002080,1.014126,14:15:00.032000,0.032000000
0.043927,0.035899,1.060982,14:15:00.032667,0.032666667
-0.109039,-0.046186,1.007905,14:15:00.033333,0.033333333
-0.135886,-0.064813,0.987359,14:15:00.034000,0.034000000
-0.067963,-0.046723,1.005632,14:15:00.034667,0.034666667
-0.053926,-0.001474,1.015364,14:15:00.035333,0.035333333
-0.042901,-0.019273,0.996701,14:15:00.036000,0.036000000
-0.140771,-0.056539,0.970662,14:15:00.036667,0.036666667
-0.140751,-0.043825,0.955587,14:15:00.037333,0.037333333
-0.085141,-0.037653,0.989636,14:15:00.038000,0.038000000
-0.092400,0.005659,1.025818,14:15:00.038667,0.038666667
-0.118945,-0.015536,0.978861,14:15:00.039333,0.039333333
-0.080791,-0.006857,1.010810,14:15:00.040000,0.040000000
-0.081263,0.032435,1.020184,14:15:00.040667,0.040666667
-0.059993,0.016366,1.029317,14:15:00.041333,0.041333333
-0.016823,0.060783,1.066291,14:15:00.042000,0.042000000
0.158628,0.175331,1.136072,14:15:00.042667,0.042666667
0.125221,0.129124,1.080538,14:15:00.043333,0.043333333
0.000445,0.062472,1.051081,14:15:00.044000,0.044000000
-0.005225,0.050718,0.999170,14:15:00.044667,0.044666667
0.084918,0.102473,1.048619,14:15:00.045333,0.045333333
0.152363,0.088485,1.074257,14:15:00.046000,0.046000000
0.135550,0.052952,1.060121,14:15:00.046667,0.046666667
0.034767,0.011155,1.009048,14:15:00.047333,0.047333333
0.054717,0.008972,1.003788,14:15:00.048000,0.048000000
0.057499,0.067935,0.996069,14:15:00.048667,0.048666667
0.083068,0.058350,1.033736,14:15:00.049333,0.049333333
0.056866,0.027846,1.033952,14:15:00.050000,0.050000000
0.044789,0.033879,1.045663,14:15:00.050667,0.050666667
0.039327,0.043370,1.048572,14:15:00.051333,0.051333333
0.102113,0.067571,1.029493,14:15:00.052000,0.052000000
0.096550,0.075087,1.049274,14:15:00.052667,0.052666667
0.206639,0.142689,1.088442,14:15:00.053333,0.053333333
0.181028,0.073299,1.049635,14:15:00.054000,0.054000000
0.038861,-0.005619,0.992785,14:15:00.054667,0.054666667
0.017820,-0.029265,0.962411,14:15:00.055333,0.055333333
0.099532,0.032620,1.020802,14:15:00.056000,0.056000000
0.135216,0.022595,1.005811,14:15:00.056667,0.056666667
0.046625,0.001077,0.948248,14:15:00.057333,0.057333333
-0.022949,-0.028743,0.935484,14:15:00.058000,0.058000000
-0.013428,-0.045066,0.937639,14:15:00.058667,0.058666667
0.022470,-0.030725,0.942028,14:15:00.059333,0.059333333
0.009422,0.003339,0.960474,14:15:00.060000,0.060000000
0.006582,-0.034237,0.958655,14:15:00.060667,0.060666667
0.001203,-0.020594,0.939044,14:15:00.061333,0.061333333
0.016720,-0.008041,0.954666,14:15:00.062000,0.062000000
0.006728,-0.008991,0.987047,14:15:00.062667,0.062666667
0.126007,0.008486,1.018899,14:15:00.063333,0.063333333
0.164970,0.087179,1.054937,14:15:00.064000,0.064000000
0.063099,0.011217,1.000259,14:15:00.064667,0.064666667
-0.039770,-0.034333,0.966244,14:15:00.065333,0.065333333
0.006013,-0.069584,0.956472,14:15:00.066000,0.066000000
0.074348,0.033702,0.991938,14:15:00.066667,0.066666667
0.065258,-0.028023,0.970391,14:15:00.067333,0.067333333
-0.030783,-0.042348,0.971905,14:15:00.068000,0.068000000
-0.071926,-0.114275,0.950265,14:15:00.068667,0.068666667
-0.116866,-0.053703,0.971816,14:15:00.069333,0.069333333
-0.033721,-0.090545,0.993876,14:15:00.070000,0.070000000
-0.061304,-0.069368,0.993655,14:15:00.070667,0.070666667
-0.092196,-0.089221,0.987038,14:15:00.071333,0.071333333
-0.096240,-0.082895,0.974444,14:15:00.072000,0.072000000
-0.058894,-0.057449,0.979750,14:15:00.072667,0.072666667
-0.045042,-0.032610,1.008577,14:15:00.073333,0.073333333
0.004195,0.054195,1.033684,14:15:00.074000,0.074000000
0.022774,0.040233,1.062957,14:15:00.074667,0.074666667
-0.074304,-0.031253,1.008307,14:15:00.075333,0.075333333
-0.127101,-0.120353,0.943088,14:15:00.076000,0.076000000
-0.075320,-0.040888,0.978757,14:15:00.076667,0.076666667
-0.025379,-0.021635,1.028136,14:15:00.077333,0.077333333
-0.027647,-0.032850,0.984502,14:15:00.078000,0.078000000
-0.113077,-0.078192,0.971924,14:15:00.078667,0.078666667
-0.152249,-0.096821,0.961087,14:15:00.079333,0.079333333
-0.132296,-0.052268,0.962187,14:15:00.080000,0.080000000
-0.092609,-0.030440,0.994782,14:15:00.080667,0.080666667
-0.104815,-0.001866,1.000174,14:15:00.081333,0.081333333
-0.114130,0.003556,1.005024,14:15:00.082000,0.082000000
-0.066831,0.021261,1.020740,14:15:00.082667,0.082666667
-0.037862,0.029699,1.029218,14:15:00.083333,0.083333333
-0.007311,0.043448,1.015829,14:15:00.084000,0.084000000
0.139605,0.123702,1.096945,14:15:00.084667,0.084666667
0.158074,0.168021,1.111860,14:15:00.085333,0.085333333
0.001087,0.056809,1.056959,14:15:00.086000,0.086000000
0.010241,0.005850,1.009231,14:15:00.086667,0.086666667
0.082523,0.073045,1.058910,14:15:00.087333,0.087333333
0.117072,0.088305,1.099634,14:15:00.088000,0.088000000
0.090060,0.055725,1.008300,14:15:00.088667,0.088666667
0.051807,0.059513,1.036696,14:15:00.089333,0.089333333
0.012554,0.046379,1.011558,14:15:00.090000,0.090000000
0.070675,0.037178,1.035382,14:15:00.090667,0.090666667
0.073505,0.051798,1.046294,14:15:00.091333,0.091333333
0.033057,0.025524,1.018260,14:15:00.092000,0.092000000
0.031980,-0.012828,1.029331,14:15:00.092667,0.092666667
0.063252,0.009146,1.058722,14:15:00.093333,0.093333333
0.097328,0.041526,1.054793,14:15:00.094000,0.094000000
0.105842,0.062265,1.055794,14:15:00.094667,0.094666667
0.247782,0.153941,1.111544,14:15:00.095333,0.095333333
0.164165,0.085473,1.079806,14:15:00.096000,0.096000000
0.057148,-0.003785,0.988851,14:15:00.096667,0.096666667
0.010376,-0.020661,0.970603,14:15:00.097333,0.097333333
0.103048,0.054632,0.999318,14:15:00.098000,0.098000000
0.125994,0.056163,1.010997,14:15:00.098667,0.098666667
0.045202,-0.001927,0.985192,14:15:00.099333,0.099333333
0.005775,-0.067300,0.950508,14:15:00.100000,0.100000000
0.008375,-0.069140,0.946371,14:15:00.100667,0.100666667
0.011087,-0.032749,0.935957,14:15:00.101333,0.101333333
0.036421,0.006491,0.977225,14:15:00.102000,0.102000000
0.000916,-0.019914,0.946408,14:15:00.102667,0.102666667
-0.030637,-0.048697,0.968091,14:15:00.103333,0.103333333
-0.013821,-0.011993,0.962925,14:15:00.104000,0.104000000
0.015299,-0.017048,0.998106,14:15:00.104667,0.104666667
0.020798,-0.007222,0.976278,14:15:00.105333,0.105333333
0.151035,0.112340,1.055364,14:15:00.106000,0.106000000
0.058077,0.014946,0.986069,14:15:00.106667,0.106666667
-0.045045,-0.080031,0.952617,14:15:00.107333,0.107333333
-0.004721,-0.027194,0.965676,14:15:00.108000,0.108000000
0.090820,-0.002893,1.010659,14:15:00.108667,0.108666667
0.087522,-0.019765,0.988234,14:15:00.109333,0.109333333
-0.000034,-0.048773,0.986265,14:15:00.110000,0.110000000
-0.070500,-0.069901,0.965303,14:15:00.110667,0.110666667
-0.028621,-0.093133,0.984358,14:15:00.111333,0.111333333
-0.023074,-0.041560,0.963392,14:15:00.112000,0.112000000
-0.073692,-0.065387,0.959019,14:15:00.112667,0.112666667
-0.095466,-0.078880,0.955047,14:15:00.113333,0.113333333
-0.109521,-0.074665,0.984866,14:15:00.114000,0.114000000
-0.063263,-0.075448,1.006972,14:15:00.114667,0.114666667
-0.054630,-0.024620,1.009286,14:15:00.115333,0.115333333
-0.016754,0.014812,1.055823,14:15:00.116000,0.116000000
0.091150,0.065285,1.109537,14:15:00.116667,0.116666667
-0.056664,-0.051222,0.997605,14:15:00.117333,0.117333333
-0.147738,-0.085832,0.963162,14:15:00.118000,0.118000000
-0.068055,-0.038607,0.988496,14:15:00.118667,0.118666667
-0.005572,-0.028668,1.009157,14:15:00.119333,0.119333333
-0.031631,-0.045539,1.001938,14:15:00.120000,0.120000000
-0.093753,-0.087174,0.967508,14:15:00.120667,0.120666667
-0.132854,-0.089910,0.962556,14:15:00.121333,0.121333333
-0.125594,-0.070760,0.959121,14:15:00.122000,0.122000000
-0.120432,-0.010695,0.968356,14:15:00.122667,0.122666667
-0.124220,-0.040039,0.991518,14:15:00.123333,0.123333333
-0.121174,-0.013501,0.996892,14:15:00.124000,0.124000000
-0.095410,-0.024583,0.985171,14:15:00.124667,0.124666667
-0.062004,0.015246,1.032362,14:15:00.125333,0.125333333
-0.052823,0.075849,1.038266,14:15:00.126000,0.126000000
0.091748,0.117057,1.086839,14:15:00.126667,0.126666667
0.143413,0.156787,1.090968,14:15:00.127333,0.127333333
-0.010946,0.071238,1.048617,14:15:00.128000,0.128000000
-0.028658,0.055617,1.017833,14:15:00.128667,0.128666667
0.041164,0.100833,1.029939,14:15:00.129333,0.129333333
0.097279,0.119659,1.066122,14:15:00.130000,0.130000000
0.118024,0.109580,1.049468,14:15:00.130667,0.130666667
0.035841,0.037716,1.023544,14:15:00.131333,0.131333333
-0.002093,0.015201,0.975679,14:15:00.132000,0.132000000
0.022869,0.063931,1.009238,14:15:00.132667,0.132666667
0.077847,0.049887,1.033807,14:15:00.133333,0.133333333
0.045634,0.051243,1.036289,14:15:00.134000,0.134000000
0.039922,0.042730,1.017483,14:15:00.134667,0.134666667
0.055210,0.023500,1.038919,14:15:00.135333,0.135333333
0.049337,0.101901,1.058975,14:15:00.136000,0.136000000
0.104999,0.075672,1.038394,14:15:00.136667,0.136666667
0.181668,0.154822,1.084181,14:15:00.137333,0.137333333
0.210617,0.111100,1.074680,14:15:00.138000,0.138000000
0.073895,0.024048,1.029307,14:15:00.138667,0.138666667
0.024725,0.009472,1.008866,14:15:00.139333,0.139333333
0.105488,0.027984,1.003040,14:15:00.140000,0.140000000
0.140702,0.029766,1.038115,14:15:00.140667,0.140666667
0.074178,0.011294,1.011591,14:15:00.141333,0.141333333
0.016522,0.002529,0.972777,14:15:00.142000,0.142000000
-0.011742,-0.028950,0.962887,14:15:00.142667,0.142666667
-0.007996,-0.026983,0.964776,14:15:00.143333,0.143333333
-0.002205,-0.037881,0.947920,14:15:00.144000,0.144000000
-0.011722,-0.059991,0.974224,14:15:00.144667,0.144666667
-0.032620,-0.046038,0.937038,14:15:00.145333,0.145333333
-0.044954,-0.004746,0.981602,14:15:00.146000,0.146000000
0.033913,-0.006780,0.995382,14:15:00.146667,0.146666667
0.050863,0.006801,0.977030,14:15:00.147333,0.147333333
0.160384,0.099006,1.034509,14:15:00.148000,0.148000000
0.098029,0.057853,1.007129,14:15:00.148667,0.148666667
-0.011212,-0.042857,0.956212,14:15:00.149333,0.149333333
-0.012627,-0.070128,0.951668,14:15:00.150000,0.150000000
0.053624,0.029831,0.948431,14:15:00.150667,0.150666667
0.077074,0.000435,1.000203,14:15:00.151333,0.151333333
0.020585,-0.048917,0.969396,14:15:00.152000,0.152000000
-0.066653,-0.064892,0.926394,14:15:00.152667,0.152666667
-0.049745,-0.056905,0.941539,14:15:00.153333,0.153333333
-0.008320,-0.071670,0.980779,14:15:00.154000,0.154000000
-0.063552,-0.057344,0.984210,14:15:00.154667,0.154666667
-0.086681,-0.061988,0.973655,14:15:00.155333,0.155333333
-0.104769,-0.038666,0.967163,14:15:00.156000,0.156000000
-0.045239,-0.009747,0.986094,14:15:00.156667,0.156666667
-0.068983,-0.053451,1.005714,14:15:00.157333,0.157333333
-0.008688,0.002684,1.011149,14:15:00.158000,0.158000000
0.113257,0.059338,1.072315,14:15:00.158667,0.158666667
-0.043230,-0.015672,1.023995,14:15:00.159333,0.159333333
-0.110519,-0.043954,0.970583,14:15:00.160000,0.160000000
-0.134996,-0.079084,0.990075,14:15:00.160667,0.160666667
-0.038931,-0.014769,1.005785,14:15:00.161333,0.161333333
-0.041305,-0.000370,1.017992,14:15:00.162000,0.162000000
-0.083436,-0.058770,0.981263,14:15:00.162667,0.162666667
-0.136250,-0.097857,0.939675,14:15:00.163333,0.163333333
-0.137953,-0.080275,0.972248,14:15:00.164000,0.164000000
-0.104324,-0.095877,0.981952,14:15:00.164667,0.164666667
-0.128499,-0.025864,0.991141,14:15:00.165333,0.165333333
-0.132086,-0.050622,0.979362,14:15:00.166000,0.166000000
-0.090288,0.007958,1.009525,14:15:00.166667,0.166666667
-0.077664,-0.010728,1.025565,14:15:00.167333,0.167333333
-0.016977,0.022322,1.053935,14:15:00.168000,0.168000000
0.016961,0.097005,1.048060,14:15:00.168667,0.168666667
0.108960,0.157781,1.104744,14:15:00.169333,0.169333333
0.025169,0.067870,1.041016,14:15:00.170000,0.170000000
-0.047819,0.023436,0.988974,14:15:00.170667,0.170666667
0.014144,0.048582,1.029469,14:15:00.171333,0.171333333
0.085963,0.104357,1.062710,14:15:00.172000,0.172000000
0.083927,0.096312,1.055146,14:15:00.172667,0.172666667
0.031879,0.014471,1.018065,14:15:00.173333,0.173333333
0.025628,0.008896,1.016501,14:15:00.174000,0.174000000
0.046905,0.036897,1.014644,14:15:00.174667,0.174666667
0.076393,0.050536,0.996957,14:15:00.175333,0.175333333
0.070844,0.054679,1.039024,14:15:00.176000,0.176000000
0.018956,0.010513,1.036789,14:15:00.176667,0.176666667
0.051577,0.043803,1.040541,14:15:00.177333,0.177333333
0.084603,0.092676,1.047478,14:15:00.178000,0.178000000
0.112360,0.050689,1.041445,14:15:00.178667,0.178666667
0.199820,0.152348,1.093984,14:15:00.179333,0.179333333
0.222091,0.164886,1.087237,14:15:00.180000,0.180000000
0.068498,0.029579,1.029732,14:15:00.180667,0.180666667
0.038635,0.003674,0.995044,14:15:00.181333,0.181333333
0.124529,0.004368,1.005547,14:15:00.182000,0.182000000
0.138783,0.041857,1.055253,14:15:00.182667,0.182666667
0.059515,0.035261,1.001733,14:15:00.183333,0.183333333
0.018690,-0.022490,0.938775,14:15:00.184000,0.184000000
0.005475,-0.036504,0.940844,14:15:00.184667,0.184666667
0.031122,-0.034020,0.944244,14:15:00.185333,0.185333333
0.040871,-0.018523,0.983788,14:15:00.186000,0.186000000
0.002633,-0.034563,0.945288,14:15:00.186667,0.186666667
-0.036316,-0.057968,0.955740,14:15:00.187333,0.187333333
-0.003929,-0.009261,0.985041,14:15:00.188000,0.188000000
-0.004615,-0.011057,0.980678,14:15:00.188667,0.188666667
0.024909,0.006335,1.001711,14:15:00.189333,0.189333333
0.194836,0.076473,1.051678,14:15:00.190000,0.190000000
0.112820,0.092654,1.019407,14:15:00.190667,0.190666667
0.009116,-0.052237,0.964296,14:15:00.191333,0.191333333
0.001818,-0.035541,0.901529,14:15:00.192000,0.192000000
0.050177,0.026358,0.976224,14:15:00.192667,0.192666667
0.105350,0.046780,0.988833,14:15:00.193333,0.193333333
0.029133,0.006956,0.957757,14:15:00.194000,0.194000000
-0.026100,-0.057460,0.953594,14:15:00.194667,0.194666667
-0.033503,-0.069209,0.952663,14:15:00.195333,0.195333333
-0.021705,-0.032315,0.950843,14:15:00.196000,0.196000000
-0.058031,-0.048399,0.964931,14:15:00.196667,0.196666667
-0.067814,-0.068592,0.963089,14:15:00.197333,0.197333333
-0.074585,-0.085113,0.948820,14:15:00.198000,0.198000000
-0.022759,-0.069147,0.992608,14:15:00.198667,0.198666667
-0.049801,-0.083491,0.992997,14:15:00.199333,0.199333333
-0.043064,-0.060792,0.982491,14:15:00.200000,0.200000000
0.119814,0.058882,1.073781,14:15:00.200667,0.200666667
0.013073,0.031731,1.020673,14:15:00.201333,0.201333333
-0.117823,-0.066535,0.992602,14:15:00.202000,0.202000000
-0.122407,-0.079107,0.976816,14:15:00.202667,0.202666667
-0.026391,-0.001688,1.014608,14:15:00.203333,0.203333333
-0.000549,-0.018926,1.007523,14:15:00.204000,0.204000000
-0.087780,-0.087638,0.941053,14:15:00.204667,0.204666667
-0.140387,-0.082648,0.960030,14:15:00.205333,0.205333333
-0.142862,-0.066487,0.952024,14:15:00.206000,0.206000000
-0.099087,-0.063725,0.990089,14:15:00.206667,0.206666667
-0.139142,-0.036008,0.991923,14:15:00.207333,0.207333333
-0.161610,-0.048004,1.007396,14:15:00.208000,0.208000000
-0.120770,-0.044653,1.004881,14:15:00.208667,0.208666667
-0.076005,-0.019764,1.014243,14:15:00.209333,0.209333333
-0.087493,0.004917,1.016541,14:15:00.210000,0.210000000
-0.010743,0.086108,1.046696,14:15:00.210667,0.210666667
0.124290,0.137161,1.108334,14:15:00.211333,0.211333333
-0.005016,0.087060,1.050006,14:15:00.212000,0.212000000
-0.081995,-0.008734,1.005054,14:15:00.212667,0.212666667
-0.026800,0.059165,1.008570,14:15:00.213333,0.213333333
0.092773,0.109734,1.041411,14:15:00.214000,0.214000000
0.100114,0.079796,1.039479,14:15:00.214667,0.214666667
0.022339,0.060314,0.996831,14:15:00.215333,0.215333333
0.000683,0.010693,1.028837,14:15:00.216000,0.216000000
0.024251,0.013934,1.029812,14:15:00.216667,0.216666667
0.055216,0.042644,1.025097,14:15:00.217333,0.217333333
0.061288,0.070328,1.031705,14:15:00.218000,0.218000000
0.020557,0.063512,1.028941,14:15:00.218667,0.218666667
0.018347,0.048867,1.026113,14:15:00.219333,0.219333333
0.044677,0.068607,1.049042,14:15:00.220000,0.220000000
0.082515,0.104321,1.052164,14:15:00.220667,0.220666667
0.174547,0.149671,1.116630,14:15:00.221333,0.221333333
0.206207,0.160991,1.123168,14:15:00.222000,0.222000000
0.128296,0.105214,1.061185,14:15:00.222667,0.222666667
0.022454,0.014248,1.010255,14:15:00.223333,0.223333333
0.102117,0.036615,1.013186,14:15:00.224000,0.224000000
0.137894,0.060754,1.025439,14:15:00.224667,0.224666667
0.143358,0.054975,0.993003,14:15:00.225333,0.225333333
0.016469,0.002473,0.970023,14:15:00.226000,0.226000000
-0.017448,-0.017591,0.942956,14:15:00.226667,0.226666667
0.054313,-0.001633,0.955026,14:15:00.227333,0.227333333
0.033368,-0.006978,0.969698,14:15:00.228000,0.228000000
0.010689,-0.041337,0.961437,14:15:00.228667,0.228666667
-0.017888,-0.028961,0.951459,14:15:00.229333,0.229333333
0.015082,-0.020459,0.979253,14:15:00.230000,0.230000000
0.051545,-0.017129,0.997579,14:15:00.230667,0.230666667
0.039059,0.023497,0.986926,14:15:00.231333,0.231333333
0.151950,0.080538,1.058579,14:15:00.232000,0.232000000
0.147420,0.069727,1.009214,14:15:00.232667,0.232666667
-0.013986,-0.016898,0.967827,14:15:00.233333,0.233333333
-0.036492,-0.025904,0.939394,14:15:00.234000,0.234000000
0.052670,0.019663,0.965621,14:15:00.234667,0.234666667
0.105222,0.050807,1.019684,14:15:00.235333,0.235333333
0.043715,0.003518,0.965323,14:15:00.236000,0.236000000
0.001708,-0.058170,0.951871,14:15:00.236667,0.236666667
-0.050644,-0.068620,0.924622,14:15:00.237333,0.237333333
-0.014949,-0.051135,0.975917,14:15:00.238000,0.238000000
-0.041276,-0.048069,0.954047,14:15:00.238667,0.238666667
-0.019081,-0.071700,0.980839,14:15:00.239333,0.239333333
-0.081692,-0.064204,0.963230,14:15:00.240000,0.240000000
-0.024263,-0.058546,0.995035,14:15:00.240667,0.240666667
-0.031004,-0.019198,1.022425,14:15:00.241333,0.241333333
-0.017387,-0.031131,0.989304,14:15:00.242000,0.242000000
0.086131,0.073268,1.061180,14:15:00.242667,0.242666667
0.061181,0.021243,1.016225,14:15:00.243333,0.243333333
-0.083452,-0.047216,0.969820,14:15:00.244000,0.244000000
-0.111429,-0.071309,0.958478,14:15:00.244667,0.244666667
-0.047715,-0.023443,1.011037,14:15:00.245333,0.245333333
0.025574,-0.023604,1.017018,14:15:00.246000,0.246000000
-0.044518,-0.084025,1.002365,14:15:00.246667,0.246666667
-0.148984,-0.080131,0.951283,14:15:00.247333,0.247333333
-0.129487,-0.060552,0.934358,14:15:00.248000,0.248000000
-0.131883,-0.088501,0.989472,14:15:00.248667,0.248666667
-0.096780,-0.070464,1.009648,14:15:00.249333,0.249333333
-0.158063,-0.069764,0.983889,14:15:00.250000,0.250000000
-0.152505,-0.046948,1.005833,14:15:00.250667,0.250666667
-0.100516,-0.036549,1.009605,14:15:00.251333,0.251333333
-0.058549,-0.014293,1.033920,14:15:00.252000,0.252000000
-0.045949,0.037869,1.064767,14:15:00.252667,0.252666667
0.093788,0.167843,1.109662,14:15:00.253333,0.253333333
0.035434,0.050792,1.043551,14:15:00.254000,0.254000000
-0.063091,0.022061,1.006187,14:15:00.254667,0.254666667
-0.039359,0.024164,1.020734,14:15:00.255333,0.255333333
0.052013,0.073375,1.027943,14:15:00.256000,0.256000000
0.082438,0.069230,1.059764,14:15:00.256667,0.256666667
-0.000421,0.042086,1.016194,14:15:00.257333,0.257333333
-0.013216,0.031017,0.968425,14:15:00.258000,0.258000000
-0.008227,0.026928,1.018848,14:15:00.258667,0.258666667
0.027700,0.034222,1.022152,14:15:00.259333,0.259333333
0.019983,0.060152,1.036803,14:15:00.260000,0.260000000
0.025742,0.078724,1.016914,14:15:00.260667,0.260666667
0.054411,0.046674,1.044439,14:15:00.261333,0.261333333
0.049322,0.069226,1.058208,14:15:00.262000,0.262000000
0.047308,0.069474,1.096746,14:15:00.262667,0.262666667
0.158138,0.103250,1.081825,14:15:00.263333,0.263333333
0.240442,0.140223,1.129110,14:15:00.264000,0.264000000
0.118638,0.068941,1.057934,14:15:00.264667,0.264666667
0.036711,0.021010,1.009825,14:15:00.265333,0.265333333
0.059283,0.013749,1.021223,14:15:00.266000,0.266000000
0.164205,0.117996,1.037722,14:15:00.266667,0.266666667
0.119328,0.066707,1.016362,14:15:00.267333,0.267333333
0.056451,-0.018338,1.007917,14:15:00.268000,0.268000000
0.055191,-0.047527,0.962399,14:15:00.268667,0.268666667
0.063507,-0.004805,0.945582,14:15:00.269333,0.269333333
0.042731,0.024893,0.967644,14:15:00.270000,0.270000000
0.020385,-0.032861,0.966052,14:15:00.270667,0.270666667
-0.059874,-0.018806,0.964723,14:15:00.271333,0.271333333
0.007202,-0.022362,0.966439,14:15:00.272000,0.272000000
0.035865,-0.003902,0.968582,14:15:00.272667,0.272666667
0.036223,-0.003036,0.997874,14:15:00.273333,0.273333333
0.157442,0.095607,1.025002,14:15:00.274000,0.274000000
0.173925,0.092925,1.027923,14:15:00.274667,0.274666667
0.018884,0.023054,0.990913,14:15:00.275333,0.275333333
-0.010354,-0.032774,0.953546,14:15:00.276000,0.276000000
0.026005,0.006836,0.975918,14:15:00.276667,0.276666667
0.109007,0.027246,0.989071,14:15:00.277333,0.277333333
0.061225,-0.008893,0.974617,14:15:00.278000,0.278000000
0.011401,-0.061494,0.950609,14:15:00.278667,0.278666667
-0.057077,-0.071560,0.944007,14:15:00.279333,0.279333333
-0.030676,-0.078812,0.955840,14:15:00.280000,0.280000000
0.023197,-0.038182,0.954865,14:15:00.280667,0.280666667
-0.060317,-0.057811,0.991019,14:15:00.281333,0.281333333
-0.086784,-0.091247,0.962093,14:15:00.282000,0.282000000
-0.069288,-0.085041,0.979691,14:15:00.282667,0.282666667
-0.015022,-0.016682,0.990379,14:15:00.283333,0.283333333
-0.009185,-0.035944,0.993094,14:15:00.284000,0.284000000
0.095933,0.042910,1.058831,14:15:00.284667,0.284666667
0.075012,0.061159,1.029082,14:15:00.285333,0.285333333
-0.087730,-0.049543,1.007322,14:15:00.286000,0.286000000
-0.114626,-0.075146,0.934293,14:15:00.286667,0.286666667
-0.044146,-0.072959,0.987338,14:15:00.287333,0.287333333
-0.014020,0.010463,1.001692,14:15:00.288000,0.288000000
-0.041857,-0.069454,0.980187,14:15:00.288667,0.288666667
-0.122733,-0.103822,0.946196,14:15:00.289333,0.289333333
-0.142300,-0.079601,0.971179,14:15:00.290000,0.290000000
-0.136541,-0.074615,0.990273,14:15:00.290667,0.290666667
-0.114577,-0.081471,0.972146,14:15:00.291333,0.291333333
-0.131516,-0.040876,0.972629,14:15:00.292000,0.292000000
-0.136254,-0.051372,0.986630,14:15:00.292667,0.292666667
-0.103158,-0.080234,0.987468,14:15:00.293333,0.293333333
-0.097223,-0.019665,1.030005,14:15:00.294000,0.294000000
-0.041267,-0.009649,1.006998,14:15:00.294667,0.294666667
0.059252,0.139855,1.090728,14:15:00.295333,0.295333333
0.035344,0.054155,1.068789,14:15:00.296000,0.296000000
-0.108769,0.012102,1.008785,14:15:00.296667,0.296666667
-0.066757,0.000197,0.992087,14:15:00.297333,0.297333333
0.035832,0.024314,1.025638,14:15:00.298000,0.298000000
0.027936,0.087786,1.047856,14:15:00.298667,0.298666667
0.012168,0.040792,1.028428,14:15:00.299333,0.299333333
-0.033850,0.000769,1.009453,14:15:00.300000,0.300000000
-0.026295,0.036973,0.990867,14:15:00.300667,0.300666667
0.044239,0.047270,1.036065,14:15:00.301333,0.301333333
-0.011293,0.037062,1.034035,14:15:00.302000,0.302000000
0.009190,0.063505,1.040817,14:15:00.302667,0.302666667
0.057387,0.058398,1.043281,14:15:00.303333,0.303333333
0.023542,0.077803,1.059707,14:15:00.304000,0.304000000
0.075189,0.115014,1.088829,14:15:00.304667,0.304666667
0.113728,0.117602,1.055087,14:15:00.305333,0.305333333
0.225794,0.160906,1.128572,14:15:00.306000,0.306000000
0.168904,0.146815,1.031544,14:15:00.306667,0.306666667
0.028083,0.043604,1.030454,14:15:00.307333,0.307333333
0.091690,0.038617,1.026371,14:15:00.308000,0.308000000
0.146189,0.032927,1.035114,14:15:00.308667,0.308666667
0.117680,0.064113,1.033271,14:15:00.309333,0.309333333
0.063424,0.038555,0.993517,14:15:00.310000,0.310000000
-0.025980,-0.015991,0.984548,14:15:00.310667,0.310666667
0.017782,-0.014496,0.963269,14:15:00.311333,0.311333333
0.035880,-0.002074,0.982900,14:15:00.312000,0.312000000
0.037570,-0.037827,0.987223,14:15:00.312667,0.312666667
-0.009735,-0.019617,0.955444,14:15:00.313333,0.313333333
0.029601,-0.005150,0.967522,14:15:00.314000,0.314000000
0.000444,-0.004887,0.996547,14:15:00.314667,0.314666667
0.026575,-0.011213,0.990729,14:15:00.315333,0.315333333
0.095227,0.048100,1.026041,14:15:00.316000,0.316000000
0.157606,0.118178,1.025440,14:15:00.316667,0.316666667
0.055833,0.004838,0.976946,14:15:00.317333,0.317333333
0.008852,-0.030100,0.947464,14:15:00.318000,0.318000000
0.028145,-0.042645,0.971746,14:15:00.318667,0.318666667
0.065066,0.000528,0.983454,14:15:00.319333,0.319333333
0.071084,0.002472,0.976820,14:15:00.320000,0.320000000
0.009479,-0.042031,0.946547,14:15:00.320667,0.320666667
-0.002365,-0.038549,0.927269,14:15:00.321333,0.321333333
-0.019460,-0.069169,0.945264,14:15:00.322000,0.322000000
-0.001819,-0.038184,0.968408,14:15:00.322667,0.322666667
-0.027845,-0.020638,0.978094,14:15:00.323333,0.323333333
-0.088579,-0.046960,0.971132,14:15:00.324000,0.324000000
-0.057807,-0.045913,0.958646,14:15:00.324667,0.324666667
-0.044139,-0.027945,0.988655,14:15:00.325333,0.325333333
-0.024750,0.001210,1.002730,14:15:00.326000,0.326000000
0.093806,0.055669,1.016457,14:15:00.326667,0.326666667
0.117780,0.058512,1.067141,14:15:00.327333,0.327333333
-0.014859,-0.050952,1.007378,14:15:00.328000,0.328000000
-0.113464,-0.115952,0.953505,14:15:00.328667,0.328666667
-0.050367,-0.011398,0.980984,14:15:00.329333,0.329333333
0.011025,-0.026567,0.995925,14:15:00.330000,0.330000000
-0.036680,-0.052546,1.002711,14:15:00.330667,0.330666667
-0.110686,-0.094617,0.977007,14:15:00.331333,0.331333333
-0.156331,-0.092245,0.972519,14:15:00.332000,0.332000000
-0.103645,-0.099075,0.969897,14:15:00.332667,0.332666667
-0.097263,-0.067762,0.974833,14:15:00.333333,0.333333333
-0.144958,-0.046947,0.968695,14:15:00.334000,0.334000000
-0.134889,-0.091463,0.980834,14:15:00.334667,0.334666667
-0.139422,-0.072147,0.988848,14:15:00.335333,0.335333333
-0.096722,-0.005210,1.003785,14:15:00.336000,0.336000000
-0.072320,-0.040387,1.008365,14:15:00.336667,0.336666667
0.046670,0.099427,1.047313,14:15:00.337333,0.337333333
0.022161,0.074799,1.055838,14:15:00.338000,0.338000000
-0.083413,-0.011804,1.003090,14:15:00.338667,0.338666667
-0.090933,-0.002607,0.976572,14:15:00.339333,0.339333333
-0.018105,0.039081,1.042883,14:15:00.340000,0.340000000
0.002953,0.081936,1.045757,14:15:00.340667,0.340666667
0.006383,0.056665,1.049229,14:15:00.341333,0.341333333
-0.040781,0.027485,0.987609,14:15:00.342000,0.342000000
-0.054101,0.033305,0.989728,14:15:00.342667,0.342666667
-0.009921,0.065942,1.014520,14:15:00.343333,0.343333333
0.047046,0.053766,1.063770,14:15:00.344000,0.344000000
-0.008182,0.044246,1.037892,14:15:00.344667,0.344666667
0.018094,0.017852,1.063971,14:15:00.345333,0.345333333
0.036027,0.075723,1.078796,14:15:00.346000,0.346000000
0.108062,0.092002,1.078142,14:15:00.346667,0.346666667
0.077271,0.110643,1.083658,14:15:00.347333,0.347333333
0.258846,0.184032,1.155208,14:15:00.348000,0.348000000
0.156790,0.143720,1.092022,14:15:00.348667,0.348666667
0.059583,0.048518,1.032468,14:15:00.349333,0.349333333
0.033289,0.018167,1.035950,14:15:00.350000,0.350000000
0.145028,0.088697,1.037774,14:15:00.350667,0.350666667
0.179496,0.105131,1.056515,14:15:00.351333,0.351333333
0.057699,0.047139,1.013504,14:15:00.352000,0.352000000
0.042154,-0.016802,1.001369,14:15:00.352667,0.352666667
0.000187,-0.025929,0.989137,14:15:00.353333,0.353333333
0.047917,-0.001142,0.968840,14:15:00.354000,0.354000000
0.055917,-0.007721,0.985432,14:15:00.354667,0.354666667
0.032847,-0.048126,0.946142,14:15:00.355333,0.355333333
-0.012673,-0.016397,0.960319,14:15:00.356000,0.356000000
0.029874,-0.050959,0.982555,14:15:00.356667,0.356666667
0.027807,-0.003398,0.995425,14:15:00.357333,0.357333333
0.096032,0.034163,1.002592,14:15:00.358000,0.358000000
0.159264,0.107122,1.047287,14:15:00.358667,0.358666667
0.080933,0.024468,1.011713,14:15:00.359333,0.359333333
0.010387,-0.021888,0.964382,14:15:00.360000,0.360000000
0.006072,0.005781,0.972858,14:15:00.360667,0.360666667
0.087021,0.001853,0.991230,14:15:00.361333,0.361333333
0.118423,0.036055,0.987261,14:15:00.362000,0.362000000
-0.001584,-0.024146,0.926741,14:15:00.362667,0.362666667
-0.055673,-0.062774,0.924924,14:15:00.363333,0.363333333
-0.003822,-0.088008,0.941384,14:15:00.364000,0.364000000
0.010733,-0.016025,0.955736,14:15:00.364667,0.364666667
-0.008370,-0.041498,0.958058,14:15:00.365333,0.365333333
-0.050945,-0.025308,0.986512,14:15:00.366000,0.366000000
-0.068565,-0.035387,0.947356,14:15:00.366667,0.366666667
-0.052499,-0.034547,0.971753,14:15:00.367333,0.367333333
-0.004738,0.000370,1.002059,14:15:00.368000,0.368000000
0.064114,0.042066,1.025153,14:15:00.368667,0.368666667
0.106433,0.097995,1.042547,14:15:00.369333,0.369333333
-0.015477,-0.024399,1.002534,14:15:00.370000,0.370000000
-0.089992,-0.080794,0.974904,14:15:00.370667,0.370666667
-0.090989,-0.049818,0.975040,14:15:00.371333,0.371333333
0.012743,-0.014912,1.001469,14:15:00.372000,0.372000000
-0.019102,-0.034856,0.997577,14:15:00.372667,0.372666667
-0.092841,-0.078017,0.960649,14:15:00.373333,0.373333333
-0.127344,-0.123460,0.957827,14:15:00.374000,0.374000000
-0.093346,-0.068484,0.968520,14:15:00.374667,0.374666667
-0.144080,-0.051939,0.972633,14:15:00.375333,0.375333333
-0.103834,-0.081085,0.972322,14:15:00.376000,0.376000000
-0.142686,-0.069928,0.969017,14:15:00.376667,0.376666667
-0.127909,-0.068661,0.972655,14:15:00.377333,0.377333333
-0.115724,-0.037965,0.990983,14:15:00.378000,0.378000000
-0.083693,-0.042483,0.992468,14:15:00.378667,0.378666667
-0.007236,0.059144,1.068310,14:15:00.379333,0.379333333
0.018321,0.092276,1.050236,14:15:00.380000,0.380000000
-0.065924,0.005433,0.990361,14:15:00.380667,0.380666667
-0.109946,-0.016172,0.972682,14:15:00.381333,0.381333333
-0.015686,0.023085,1.009805,14:15:00.382000,0.382000000
0.019497,0.056604,1.036526,14:15:00.382667,0.382666667
-0.002859,0.027445,0.992142,14:15:00.383333,0.383333333
-0.061328,-0.015036,0.997544,14:15:00.384000,0.384000000
-0.053548,0.017032,1.017592,14:15:00.384667,0.384666667
-0.056659,0.032682,1.016806,14:15:00.385333,0.385333333
-0.000732,0.046861,1.025058,14:15:00.386000,0.386000000
0.019499,0.036313,1.009033,14:15:00.386667,0.386666667
0.003563,0.038077,1.040119,14:15:00.387333,0.387333333
0.029266,0.066647,1.029937,14:15:00.388000,0.388000000
0.058131,0.081527,1.068371,14:15:00.388667,0.388666667
0.109594,0.061521,1.086492,14:15:00.389333,0.389333333
0.219721,0.176215,1.126084,14:15:00.390000,0.390000000
0.175438,0.137544,1.085859,14:15:00.390667,0.390666667
0.039289,0.071250,1.053900,14:15:00.391333,0.391333333
0.016569,0.038305,0.992179,14:15:00.392000,0.392000000
0.103157,0.077539,1.027009,14:15:00.392667,0.392666667
0.157986,0.091375,1.046904,14:15:00.393333,0.393333333
0.102829,0.022459,0.998699,14:15:00.394000,0.394000000
0.039853,0.007640,0.982313,14:15:00.394667,0.394666667
0.034565,-0.030863,0.986025,14:15:00.395333,0.395333333
0.066195,0.021468,0.987186,14:15:00.396000,0.396000000
0.052262,-0.026711,0.991573,14:15:00.396667,0.396666667
0.012178,-0.025738,0.982946,14:15:00.397333,0.397333333
-0.019393,-0.000622,0.953579,14:15:00.398000,0.398000000
0.011851,0.038651,0.997489,14:15:00.398667,0.398666667
0.079549,0.020623,1.015181,14:15:00.399333,0.399333333
0.060031,0.005498,1.001664,14:15:00.400000,0.400000000
0.180511,0.131026,1.069913,14:15:00.400667,0.400666667
0.120267,0.078973,1.010260,14:15:00.401333,0.401333333
0.001238,-0.036457,0.933937,14:15:00.402000,0.402000000
0.000752,-0.043833,0.936199,14:15:00.402667,0.402666667
0.064742,0.017483,0.933598,14:15:00.403333,0.403333333
0.085641,0.027649,0.953375,14:15:00.404000,0.404000000
0.024796,-0.036964,0.955450,14:15:00.404667,0.404666667
-0.043016,-0.053648,0.953489,14:15:00.405333,0.405333333
-0.025636,-0.045789,0.938778,14:15:00.406000,0.406000000
-0.020871,-0.034014,0.937639,14:15:00.406667,0.406666667
-0.018786,-0.037560,0.959809,14:15:00.407333,0.407333333
-0.041682,-0.032144,0.960471,14:15:00.408000,0.408000000
-0.073630,-0.049350,0.981590,14:15:00.408667,0.408666667
-0.027837,-0.059616,1.003436,14:15:00.409333,0.409333333
0.014959,-0.032802,0.978943,14:15:00.410000,0.410000000
0.034345,-0.008745,1.021799,14:15:00.410667,0.410666667
0.160125,0.079998,1.055146,14:15:00.411333,0.411333333
0.011400,0.001693,1.018172,14:15:00.412000,0.412000000
-0.066150,-0.069668,0.960296,14:15:00.412667,0.412666667
-0.056995,-0.070009,0.987091,14:15:00.413333,0.413333333
0.015806,-0.009668,1.016667,14:15:00.414000,0.414000000
0.001866,-0.022334,0.998637,14:15:00.414667,0.414666667
-0.071296,-0.098886,0.962600,14:15:00.415333,0.415333333
-0.111110,-0.120592,0.953545,14:15:00.416000,0.416000000
-0.119787,-0.098143,0.973093,14:15:00.416667,0.416666667
-0.117716,-0.079190,0.981306,14:15:00.417333,0.417333333
-0.144946,-0.066297,0.984656,14:15:00.418000,0.418000000
-0.145070,-0.102111,0.942310,14:15:00.418667,0.418666667
-0.126711,-0.083774,0.990505,14:15:00.419333,0.419333333
-0.131831,-0.023152,1.021271,14:15:00.420000,0.420000000
-0.106189,-0.036651,1.009043,14:15:00.420667,0.420666667
0.003638,0.030826,1.042729,14:15:00.421333,0.421333333
0.045473,0.081467,1.084117,14:15:00.422000,0.422000000
-0.031832,-0.007242,0.969977,14:15:00.422667,0.422666667
-0.099710,-0.022712,0.970184,14:15:00.423333,0.423333333
-0.063882,0.009829,1.009739,14:15:00.424000,0.424000000
0.013901,0.061792,1.027483,14:15:00.424667,0.424666667
0.020610,0.049292,1.003680,14:15:00.425333,0.425333333
-0.057769,-0.004036,1.008757,14:15:00.426000,0.426000000
-0.097025,0.004682,0.963605,14:15:00.426667,0.426666667
-0.027081,0.029898,1.036086,14:15:00.427333,0.427333333
0.002366,0.047245,1.029490,14:15:00.428000,0.428000000
-0.006343,0.047926,1.010233,14:15:00.428667,0.428666667
0.003297,0.030708,1.047830,14:15:00.429333,0.429333333
-0.030525,0.062190,1.036871,14:15:00.430000,0.430000000
0.044149,0.066168,1.055790,14:15:00.430667,0.430666667
0.063402,0.109250,1.068314,14:15:00.431333,0.431333333
0.196182,0.175521,1.116169,14:15:00.432000,0.432000000
0.182282,0.177920,1.115245,14:15:00.432667,0.432666667
0.086342,0.054991,1.055640,14:15:00.433333,0.433333333
0.046438,0.032373,1.027569,14:15:00.434000,0.434000000
0.143395,0.087691,1.050470,14:15:00.434667,0.434666667
0.188620,0.096620,1.024065,14:15:00.435333,0.435333333
0.134116,0.040619,1.030708,14:15:00.436000,0.436000000
0.050500,0.017399,1.002476,14:15:00.436667,0.436666667
0.026143,-0.005864,1.007351,14:15:00.437333,0.437333333
0.046225,0.004924,0.998351,14:15:00.438000,0.438000000
0.077342,-0.012175,1.009102,14:15:00.438667,0.438666667
0.054566,0.002068,1.009342,14:15:00.439333,0.439333333
0.020141,0.024201,0.974573,14:15:00.440000,0.440000000
0.057685,0.028855,1.003469,14:15:00.440667,0.440666667
0.074400,0.042750,0.979031,14:15:00.441333,0.441333333
0.061976,0.036764,1.006514,14:15:00.442000,0.442000000
0.204870,0.085962,1.034413,14:15:00.442667,0.442666667
0.137302,0.059775,1.047748,14:15:00.443333,0.443333333
0.005485,-0.023450,0.970224,14:15:00.444000,0.444000000
0.014903,-0.033950,0.951456,14:15:00.444667,0.444666667
0.070741,0.011753,1.005062,14:15:00.445333,0.445333333
0.051644,0.035224,0.987932,14:15:00.446000,0.446000000
0.066009,-0.022139,0.954210,14:15:00.446667,0.446666667
-0.009278,-0.060175,0.922838,14:15:00.447333,0.447333333
-0.004602,-0.042086,0.955005,14:15:00.448000,0.448000000
-0.016646,-0.017578,0.956224,14:15:00.448667,0.448666667
-0.005749,-0.023983,0.962412,14:15:00.449333,0.449333333
-0.024522,-0.031425,0.975547,14:15:00.450000,0.450000000
-0.048413,-0.055594,0.979872,14:15:00.450667,0.450666667
-0.032045,-0.036085,0.974629,14:15:00.451333,0.451333333
-0.032664,-0.052095,0.983753,14:15:00.452000,0.452000000
0.023314,-0.011782,0.996470,14:15:00.452667,0.452666667
0.127548,0.075211,1.061010,14:15:00.453333,0.453333333
0.073034,0.027934,1.019096,14:15:00.454000,0.454000000
-0.056306,-0.082340,0.973723,14:15:00.454667,0.454666667
-0.053080,-0.029695,0.964822,14:15:00.455333,0.455333333
0.012974,-0.003931,0.995335,14:15:00.456000,0.456000000
0.024055,-0.020238,1.003704,14:15:00.456667,0.456666667
-0.055924,-0.050645,0.971486,14:15:00.457333,0.457333333
-0.119801,-0.111979,0.972025,14:15:00.458000,0.458000000
-0.151665,-0.114700,0.970908,14:15:00.458667,0.458666667
-0.107094,-0.069444,0.995945,14:15:00.459333,0.459333333
-0.126859,-0.081040,0.989967,14:15:00.460000,0.460000000
-0.160424,-0.069216,0.982686,14:15:00.460667,0.460666667
-0.121773,-0.090124,0.969575,14:15:00.461333,0.461333333
-0.086726,-0.056628,0.981781,14:15:00.462000,0.462000000
-0.094503,-0.030514,1.011296,14:15:00.462667,0.462666667
-0.028351,0.013488,1.045947,14:15:00.463333,0.463333333
0.055635,0.095431,1.038536,14:15:00.464000,0.464000000
-0.034093,0.008775,1.023081,14:15:00.464667,0.464666667
-0.116960,-0.071999,0.982285,14:15:00.465333,0.465333333
-0.068151,-0.013106,1.015031,14:15:00.466000,0.466000000
0.013401,0.054576,1.020167,14:15:00.466667,0.466666667
0.008474,0.023089,1.028259,14:15:00.467333,0.467333333
-0.050696,0.025492,1.000271,14:15:00.468000,0.468000000
-0.084413,-0.034846,0.985089,14:15:00.468667,0.468666667
-0.097156,0.001395,1.008434,14:15:00.469333,0.469333333
-0.029115,0.026700,1.020789,14:15:00.470000,0.470000000
-0.051342,0.025252,1.018427,14:15:00.470667,0.470666667
-0.008226,0.005256,1.039966,14:15:00.471333,0.471333333
-0.010808,0.008357,1.045042,14:15:00.472000,0.472000000
0.015041,0.085609,1.023412,14:15:00.472667,0.472666667
0.058499,0.114191,1.072811,14:15:00.473333,0.473333333
0.164723,0.171275,1.100389,14:15:00.474000,0.474000000
0.249477,0.181292,1.093064,14:15:00.474667,0.474666667
0.095885,0.093286,1.047984,14:15:00.475333,0.475333333
-0.000196,0.058959,1.063021,14:15:00.476000,0.476000000
0.144698,0.073549,1.018372,14:15:00.476667,0.476666667
0.167244,0.095134,1.076311,14:15:00.477333,0.477333333
0.110260,0.069198,1.042363,14:15:00.478000,0.478000000
0.084475,0.035972,1.030428,14:15:00.478667,0.478666667
0.050747,0.007743,0.998817,14:15:00.479333,0.479333333
0.012532,0.021106,1.001772,14:15:00.480000,0.480000000
0.095152,0.006809,1.005539,14:15:00.480667,0.480666667
0.042569,-0.000459,0.990137,14:15:00.481333,0.481333333
0.006560,0.003628,0.972839,14:15:00.482000,0.482000000
0.013333,0.025083,0.973865,14:15:00.482667,0.482666667
0.053253,0.028654,1.024150,14:15:00.483333,0.483333333
0.054474,0.047400,1.020221,14:15:00.484000,0.484000000
0.204667,0.111536,1.051129,14:15:00.484667,0.484666667
0.183360,0.120300,1.020682,14:15:00.485333,0.485333333
0.035364,0.006621,0.982630,14:15:00.486000,0.486000000
0.009404,-0.047703,0.925431,14:15:00.486667,0.486666667
0.021873,0.031581,0.975578,14:15:00.487333,0.487333333
0.134972,0.027233,0.988040,14:15:00.488000,0.488000000
0.068589,-0.002263,0.955107,14:15:00.488667,0.488666667
0.024174,-0.065173,0.933975,14:15:00.489333,0.489333333
0.007188,-0.040018,0.900212,14:15:00.490000,0.490000000
0.014766,-0.016995,0.956025,14:15:00.490667,0.490666667
-0.024120,-0.021126,0.961397,14:15:00.491333,0.491333333
-0.001145,-0.032073,0.946196,14:15:00.492000,0.492000000
-0.026116,-0.019530,0.955396,14:15:00.492667,0.492666667
-0.031863,-0.017202,0.945825,14:15:00.493333,0.493333333
0.003552,0.000919,0.990139,14:15:00.494000,0.494000000
0.035414,0.000161,0.978984,14:15:00.494667,0.494666667
0.186675,0.087148,1.056039,14:15:00.495333,0.495333333
0.110142,0.032202,1.020950,14:15:00.496000,0.496000000
-0.031240,-0.065114,0.956846,14:15:00.496667,0.496666667
-0.058723,-0.051350,0.967375,14:15:00.497333,0.497333333
0.010873,-0.016028,0.996652,14:15:00.498000,0.498000000
0.050020,0.005419,1.026619,14:15:00.498667,0.498666667
-0.034817,-0.083527,1.001120,14:15:00.499333,0.499333333
-0.107523,-0.088085,0.949071,14:15:00.500000,0.500000000
-0.086377,-0.109207,0.978778,14:15:00.500667,0.500666667
-0.088080,-0.097440,0.997521,14:15:00.501333,0.501333333
-0.098213,-0.071840,0.975846,14:15:00.502000,0.502000000
-0.132181,-0.091867,0.980170,14:15:00.502667,0.502666667
-0.120884,-0.087744,0.976787,14:15:00.503333,0.503333333
-0.119411,-0.029773,1.004591,14:15:00.504000,0.504000000
-0.108744,-0.039538,1.005321,14:15:00.504667,0.504666667
-0.084954,-0.043816,1.010152,14:15:00.505333,0.505333333
0.064620,0.118434,1.077499,14:15:00.506000,0.506000000
-0.014846,0.052543,1.049952,14:15:00.506667,0.506666667
-0.145734,-0.061563,0.993075,14:15:00.507333,0.507333333
-0.078359,-0.037489,0.978867,14:15:00.508000,0.508000000
-0.007888,0.026858,1.014253,14:15:00.508667,0.508666667
0.005089,0.015732,1.009765,14:15:00.509333,0.509333333
-0.042631,-0.003913,1.004776,14:15:00.510000,0.510000000
-0.102166,0.006172,0.965560,14:15:00.510667,0.510666667
-0.082774,-0.019074,1.004194,14:15:00.511333,0.511333333
-0.053422,0.017713,1.020540,14:15:00.512000,0.512000000
-0.038906,0.005605,1.000631,14:15:00.512667,0.512666667
-0.068417,-0.002391,1.014104,14:15:00.513333,0.513333333
-0.039676,0.038614,1.036445,14:15:00.514000,0.514000000
-0.001992,0.049118,1.073856,14:15:00.514667,0.514666667
0.034621,0.081047,1.064845,14:15:00.515333,0.515333333
0.107328,0.137915,1.083481,14:15:00.516000,0.516000000
0.235021,0.159442,1.128289,14:15:00.516667,0.516666667
0.106155,0.122489,1.070445,14:15:00.517333,0.517333333
0.010851,0.047699,1.024569,14:15:00.518000,0.518000000
0.101881,0.042541,1.021732,14:15:00.518667,0.518666667
0.205566,0.103630,1.061925,14:15:00.519333,0.519333333
0.109725,0.105226,1.053803,14:15:00.520000,0.520000000
0.099932,0.042279,1.025817,14:15:00.520667,0.520666667
0.026408,0.011267,1.019325,14:15:00.521333,0.521333333
0.034418,0.013949,1.027668,14:15:00.522000,0.522000000
0.073193,0.027995,1.017381,14:15:00.522667,0.522666667
0.020105,0.019305,1.019053,14:15:00.523333,0.523333333
0.044130,0.002435,1.013025,14:15:00.524000,0.524000000
0.035814,-0.009614,0.982792,14:15:00.524667,0.524666667
0.069810,-0.009477,1.029943,14:15:00.525333,0.525333333
0.054783,0.016336,1.002938,14:15:00.526000,0.526000000
0.165011,0.100359,1.072441,14:15:00.526667,0.526666667
0.172159,0.124721,1.061526,14:15:00.527333,0.527333333
0.070646,0.005233,0.991066,14:15:00.528000,0.528000000
-0.028070,-0.024915,0.965602,14:15:00.528667,0.528666667
0.063633,-0.015601,0.976413,14:15:00.529333,0.529333333
0.107202,-0.005044,0.992510,14:15:00.530000,0.530000000
0.069487,0.013501,0.962151,14:15:00.530667,0.530666667
-0.051015,-0.006932,0.963131,14:15:00.531333,0.531333333
-0.024771,-0.027954,0.913045,14:15:00.532000,0.532000000
-0.021750,-0.040237,0.939925,14:15:00.532667,0.532666667
0.018126,-0.025497,0.953759,14:15:00.533333,0.533333333
-0.040308,-0.022127,0.936159,14:15:00.534000,0.534000000
-0.011476,-0.022775,0.944432,14:15:00.534667,0.534666667
-0.020420,-0.016894,0.967984,14:15:00.535333,0.535333333
-0.001190,-0.013168,0.987486,14:15:00.536000,0.536000000
0.018435,-0.011180,0.980563,14:15:00.536667,0.536666667
0.166072,0.085327,1.022297,14:15:00.537333,0.537333333
0.123502,0.032738,1.008365,14:15:00.538000,0.538000000
-0.013129,-0.048944,0.981718,14:15:00.538667,0.538666667
-0.050882,-0.089463,0.973825,14:15:00.539333,0.539333333
0.014783,-0.018710,0.982004,14:15:00.540000,0.540000000
0.055095,0.003872,0.996274,14:15:00.540667,0.540666667
-0.021627,-0.054888,0.981083,14:15:00.541333,0.541333333
-0.088844,-0.103063,0.935434,14:15:00.542000,0.542000000
-0.111301,-0.099957,0.949807,14:15:00.542667,0.542666667
-0.092049,-0.077587,0.969149,14:15:00.543333,0.543333333
-0.092430,-0.063658,0.972196,14:15:00.544000,0.544000000
-0.124173,-0.086091,0.979734,14:15:00.544667,0.544666667
-0.106451,-0.104145,0.973599,14:15:00.545333,0.545333333
-0.107308,-0.078844,0.994920,14:15:00.546000,0.546000000
-0.078138,-0.034588,1.006753,14:15:00.546667,0.546666667
-0.089296,-0.025151,0.991916,14:15:00.547333,0.547333333
0.047005,0.074026,1.075313,14:15:00.548000,0.548000000
0.014832,0.010500,1.044906,14:15:00.548667,0.548666667
-0.142458,-0.065051,0.955103,14:15:00.549333,0.549333333
-0.114547,-0.057990,0.969839,14:15:00.550000,0.550000000
-0.002205,0.003569,1.010128,14:15:00.550667,0.550666667
-0.006671,0.012113,1.003799,14:15:00.551333,0.551333333
-0.043140,0.004360,0.994627,14:15:00.552000,0.552000000
-0.085356,-0.040811,0.973877,14:15:00.552667,0.552666667
-0.125081,-0.013771,0.962034,14:15:00.553333,0.553333333
-0.067616,0.029395,1.011309,14:15:00.554000,0.554000000
-0.061348,0.017997,1.037231,14:15:00.554667,0.554666667
-0.069033,-0.012546,0.989950,14:15:00.555333,0.555333333
-0.094395,0.014266,1.016811,14:15:00.556000,0.556000000
-0.007339,0.060092,1.018112,14:15:00.556667,0.556666667
0.002354,0.096149,1.058440,14:15:00.557333,0.557333333
0.071111,0.134911,1.091803,14:15:00.558000,0.558000000
0.211450,0.190705,1.112842,14:15:00.558667,0.558666667
0.109939,0.138090,1.087781,14:15:00.559333,0.559333333
0.012592,0.037395,1.013617,14:15:00.560000,0.560000000
0.085177,0.071333,1.032270,14:15:00.560667,0.560666667
0.136427,0.112739,1.041479,14:15:00.561333,0.561333333
0.137937,0.094071,1.073381,14:15:00.562000,0.562000000
0.089092,0.067005,1.014594,14:15:00.562667,0.562666667
0.044181,0.017010,1.004028,14:15:00.563333,0.563333333
0.037743,0.061299,1.016729,14:15:00.564000,0.564000000
0.030599,0.049516,1.012716,14:15:00.564667,0.564666667
0.042912,0.015383,1.018832,14:15:00.565333,0.565333333
0.029312,0.005867,1.023363,14:15:00.566000,0.566000000
0.028939,0.011196,1.007549,14:15:00.566667,0.566666667
0.098888,0.008670,1.034027,14:15:00.567333,0.567333333
0.076534,0.070695,1.027907,14:15:00.568000,0.568000000
0.167479,0.067300,1.038914,14:15:00.568667,0.568666667
0.186046,0.129758,1.061616,14:15:00.569333,0.569333333
0.115914,0.050286,1.023913,14:15:00.570000,0.570000000
0.037843,-0.014662,0.939845,14:15:00.570667,0.570666667
0.042332,0.005340,0.957613,14:15:00.571333,0.571333333
0.107117,0.001890,0.982533,14:15:00.572000,0.572000000
0.103694,0.014561,0.978760,14:15:00.572667,0.572666667
0.025607,-0.032558,0.939355,14:15:00.573333,0.573333333
-0.028774,-0.041001,0.913369,14:15:00.574000,0.574000000
-0.012454,-0.049177,0.963536,14:15:00.574667,0.574666667
0.007064,0.005105,0.940551,14:15:00.575333,0.575333333
-0.003232,-0.037573,0.965463,14:15:00.576000,0.576000000
-0.027431,-0.034751,0.982458,14:15:00.576667,0.576666667
-0.022670,-0.019253,0.993735,14:15:00.577333,0.577333333
-0.012649,0.011814,0.983154,14:15:00.578000,0.578000000
0.046556,0.013451,0.983341,14:15:00.578667,0.578666667
0.116801,0.090307,1.052766,14:15:00.579333,0.579333333
0.165338,0.093076,1.028296,14:15:00.580000,0.580000000
-0.000882,-0.043017,0.969225,14:15:00.580667,0.580666667
-0.057596,-0.075386,0.951396,14:15:00.581333,0.581333333
-0.009599,-0.026182,0.996687,14:15:00.582000,0.582000000
0.063765,0.025760,0.990674,14:15:00.582667,0.582666667
0.028512,-0.037144,0.992257,14:15:00.583333,0.583333333
-0.051948,-0.078393,0.947413,14:15:00.584000,0.584000000
-0.111738,-0.078753,0.969619,14:15:00.584667,0.584666667
-0.125726,-0.078715,0.973080,14:15:00.585333,0.585333333
-0.081232,-0.072563,0.968810,14:15:00.586000,0.586000000
-0.132503,-0.122773,0.978395,14:15:00.586667,0.586666667
-0.127340,-0.105571,0.982270,14:15:00.587333,0.587333333
-0.080601,-0.075545,0.984819,14:15:00.588000,0.588000000
-0.082806,-0.021365,1.019304,14:15:00.588667,0.588666667
-0.086644,-0.009434,1.012939,14:15:00.589333,0.589333333
0.041471,0.055229,1.066758,14:15:00.590000,0.590000000
0.026895,0.027653,1.057153,14:15:00.590667,0.590666667
-0.141105,-0.058540,0.979961,14:15:00.591333,0.591333333
-0.138889,-0.042812,0.985009,14:15:00.592000,0.592000000
-0.060341,-0.009252,0.990210,14:15:00.592667,0.592666667
-0.026846,0.011223,1.030728,14:15:00.593333,0.593333333
-0.078874,-0.030126,0.964339,14:15:00.594000,0.594000000
-0.092262,-0.040907,0.971973,14:15:00.594667,0.594666667
-0.114506,-0.039356,0.967529,14:15:00.595333,0.595333333
-0.079349,0.003096,1.004774,14:15:00.596000,0.596000000
-0.063446,-0.002740,1.000231,14:15:00.596667,0.596666667
-0.105098,-0.022010,1.021884,14:15:00.597333,0.597333333
-0.061866,0.011021,1.010447,14:15:00.598000,0.598000000
-0.043629,0.040793,1.037876,14:15:00.598667,0.598666667
-0.008246,0.061052,1.046486,14:15:00.599333,0.599333333
0.052045,0.087459,1.064418,14:15:00.600000,0.600000000
0.176921,0.160522,1.120568,14:15:00.600667,0.600666667
0.119482,0.143118,1.073194,14:15:00.601333,0.601333333
0.009201,0.027871,1.031917,14:15:00.602000,0.602000000
0.029404,0.043477,1.033188,14:15:00.602667,0.602666667
0.154581,0.082178,1.061835,14:15:00.603333,0.603333333
0.157530,0.127106,1.075514,14:15:00.604000,0.604000000
0.087616,0.059249,1.029115,14:15:00.604667,0.604666667
0.020646,0.034097,1.016462,14:15:00.605333,0.605333333
0.055713,0.014360,1.027766,14:15:00.606000,0.606000000
0.011525,0.028268,1.021997,14:15:00.606667,0.606666667
0.023888,0.015902,1.030613,14:15:00.607333,0.607333333
-0.008914,-0.001682,1.033665,14:15:00.608000,0.608000000
0.023817,0.039899,1.011810,14:15:00.608667,0.608666667
0.041057,0.017038,1.016249,14:15:00.609333,0.609333333
0.081655,0.039952,1.023397,14:15:00.610000,0.610000000
0.120440,0.066419,1.042794,14:15:00.610667,0.610666667
0.215384,0.148915,1.103225,14:15:00.611333,0.611333333
0.117964,0.024635,1.009718,14:15:00.612000,0.612000000
-0.012045,0.010264,0.974081,14:15:00.612667,0.612666667
0.050426,-0.012351,0.979108,14:15:00.613333,0.613333333
0.093329,0.028996,0.990081,14:15:00.614000,0.614000000
0.113638,0.052355,0.983072,14:15:00.614667,0.614666667
0.021187,-0.023282,0.968980,14:15:00.615333,0.615333333
-0.006736,-0.070045,0.911220,14:15:00.616000,0.616000000
-0.006198,-0.030679,0.927480,14:15:00.616667,0.616666667
0.006357,-0.026843,0.949246,14:15:00.617333,0.617333333
0.018101,-0.012765,0.938023,14:15:00.618000,0.618000000
-0.019340,-0.027035,0.932614,14:15:00.618667,0.618666667
-0.021193,-0.059501,0.965669,14:15:00.619333,0.619333333
0.038458,-0.021053,0.982172,14:15:00.620000,0.620000000
-0.012629,-0.005055,0.994362,14:15:00.620667,0.620666667
0.142989,0.058212,1.037747,14:15:00.621333,0.621333333
0.135971,0.082218,1.056845,14:15:00.622000,0.622000000
0.040354,-0.041048,0.993308,14:15:00.622667,0.622666667
-0.048255,-0.072385,0.949389,14:15:00.623333,0.623333333
-0.013888,-0.049345,0.931469,14:15:00.624000,0.624000000
0.089342,0.009186,0.998317,14:15:00.624667,0.624666667
0.043223,0.000711,0.974012,14:15:00.625333,0.625333333
-0.046372,-0.064109,0.960681,14:15:00.626000,0.626000000
-0.061518,-0.091189,0.938908,14:15:00.626667,0.626666667
-0.075524,-0.091665,0.963083,14:15:00.627333,0.627333333
-0.063886,-0.038255,0.981885,14:15:00.628000,0.628000000
-0.089390,-0.109528,0.972261,14:15:00.628667,0.628666667
-0.157245,-0.072923,0.978846,14:15:00.629333,0.629333333
-0.112930,-0.072011,0.979465,14:15:00.630000,0.630000000
-0.118459,-0.033634,0.985212,14:15:00.630667,0.630666667
-0.066834,-0.033025,0.996700,14:15:00.631333,0.631333333
0.085129,0.049943,1.092617,14:15:00.632000,0.632000000
0.060458,0.032679,1.045127,14:15:00.632667,0.632666667
-0.098495,-0.018248,0.974560,14:15:00.633333,0.633333333
-0.158239,-0.068651,0.962313,14:15:00.634000,0.634000000
-0.041130,-0.027073,0.979445,14:15:00.634667,0.634666667
-0.020990,0.020093,1.012578,14:15:00.635333,0.635333333
-0.081615,-0.026303,0.976301,14:15:00.636000,0.636000000
-0.142041,-0.090284,0.966012,14:15:00.636667,0.636666667
-0.121223,-0.049769,0.972662,14:15:00.637333,0.637333333
-0.095292,-0.022130,1.012204,14:15:00.638000,0.638000000
-0.112786,-0.008995,1.004125,14:15:00.638667,0.638666667
-0.100200,-0.001831,1.007855,14:15:00.639333,0.639333333
-0.073601,-0.008342,1.002980,14:15:00.640000,0.640000000
-0.061094,-0.002420,1.028183,14:15:00.640667,0.640666667
-0.043283,0.059072,1.051565,14:15:00.641333,0.641333333
-0.017424,0.087173,1.042953,14:15:00.642000,0.642000000
0.157587,0.152457,1.142794,14:15:00.642667,0.642666667
0.128971,0.154697,1.109609,14:15:00.643333,0.643333333
0.040253,0.054243,1.030151,14:15:00.644000,0.644000000
0.011987,0.017925,1.015141,14:15:00.644667,0.644666667
0.105928,0.109996,1.059955,14:15:00.645333,0.645333333
0.145173,0.111400,1.067277,14:15:00.646000,0.646000000
0.097088,0.078746,1.043711,14:15:00.646667,0.646666667
0.042936,0.048215,1.032454,14:15:00.647333,0.647333333
0.071322,0.006699,1.017797,14:15:00.648000,0.648000000
0.053474,0.039006,1.028020,14:15:00.648667,0.648666667
0.076276,0.030132,1.043293,14:15:00.649333,0.649333333
0.050451,0.012937,1.012514,14:15:00.650000,0.650000000
0.048481,0.001274,1.031414,14:15:00.650667,0.650666667
0.053790,0.057639,1.006797,14:15:00.651333,0.651333333
0.117660,0.064088,1.010471,14:15:00.652000,0.652000000
0.101806,0.081737,1.021547,14:15:00.652667,0.652666667
0.217209,0.143241,1.101159,14:15:00.653333,0.653333333
0.140070,0.071859,1.051436,14:15:00.654000,0.654000000
0.021050,-0.043135,0.997956,14:15:00.654667,0.654666667
0.049231,-0.003736,0.989406,14:15:00.655333,0.655333333
0.089434,0.043029,1.012042,14:15:00.656000,0.656000000
0.125437,0.037553,1.016667,14:15:00.656667,0.656666667
0.014196,-0.022396,0.972538,14:15:00.657333,0.657333333
-0.011744,-0.045445,0.957826,14:15:00.658000,0.658000000
0.015478,-0.043791,0.932176,14:15:00.658667,0.658666667
0.012045,-0.023030,0.958462,14:15:00.659333,0.659333333
0.004391,-0.033074,0.950741,14:15:00.660000,0.660000000
-0.039782,-0.021346,0.961404,14:15:00.660667,0.660666667
-0.033774,-0.033742,0.951784,14:15:00.661333,0.661333333
0.001734,-0.010268,0.976638,14:15:00.662000,0.662000000
0.019029,-0.005702,0.986027,14:15:00.662667,0.662666667
0.092717,0.039233,1.024838,14:15:00.663333,0.663333333
0.146264,0.099844,1.047021,14:15:00.664000,0.664000000
0.058514,0.000142,1.006437,14:15:00.664667,0.664666667
-0.027946,-0.079150,0.962471,14:15:00.665333,0.665333333
0.033597,-0.024290,0.977948,14:15:00.666000,0.666000000
0.067545,0.017250,0.989649,14:15:00.666667,0.666666667
0.061461,-0.009800,1.013362,14:15:00.667333,0.667333333
-0.017448,-0.018319,0.957364,14:15:00.668000,0.668000000
-0.084438,-0.088796,0.928467,14:15:00.668667,0.668666667
-0.035231,-0.078312,0.982278,14:15:00.669333,0.669333333
-0.062570,-0.057758,1.002528,14:15:00.670000,0.670000000
-0.059966,-0.082433,0.962512,14:15:00.670667,0.670666667
-0.087795,-0.085691,0.985597,14:15:00.671333,0.671333333
-0.082644,-0.082334,0.981974,14:15:00.672000,0.672000000
-0.094866,-0.061039,0.991754,14:15:00.672667,0.672666667
-0.100365,-0.037366,0.994603,14:15:00.673333,0.673333333
0.018316,0.017104,1.044145,14:15:00.674000,0.674000000
0.057220,0.050071,1.061103,14:15:00.674667,0.674666667
-0.051607,-0.005931,1.021285,14:15:00.675333,0.675333333
-0.129282,-0.096820,0.948622,14:15:00.676000,0.676000000
-0.118387,-0.049545,0.992488,14:15:00.676667,0.676666667
-0.048068,-0.008668,1.023186,14:15:00.677333,0.677333333
-0.036362,-0.023067,1.004190,14:15:00.678000,0.678000000
-0.089335,-0.048029,0.985343,14:15:00.678667,0.678666667
-0.109162,-0.047924,0.963375,14:15:00.679333,0.679333333
-0.107229,-0.025847,0.991577,14:15:00.680000,0.680000000
-0.075050,-0.024787,1.009641,14:15:00.680667,0.680666667
-0.109823,-0.028489,1.001661,14:15:00.681333,0.681333333
-0.134785,-0.018839,0.969297,14:15:00.682000,0.682000000
-0.047988,-0.019238,1.000268,14:15:00.682667,0.682666667
-0.030110,0.055571,1.013845,14:15:00.683333,0.683333333
-0.010244,0.057582,1.058480,14:15:00.684000,0.684000000
0.146620,0.170052,1.128096,14:15:00.684667,0.684666667
0.113777,0.150451,1.104742,14:15:00.685333,0.685333333
0.025471,0.038898,1.033997,14:15:00.686000,0.686000000
0.009604,0.044794,1.002452,14:15:00.686667,0.686666667
0.100505,0.088203,1.057345,14:15:00.687333,0.687333333
0.160234,0.126756,1.062748,14:15:00.688000,0.688000000
0.097440,0.089811,1.044954,14:15:00.688667,0.688666667
0.030519,-0.001773,1.021213,14:15:00.689333,0.689333333
0.016782,0.024217,0.993619,14:15:00.690000,0.690000000
0.043058,0.058298,1.047743,14:15:00.690667,0.690666667
0.061756,0.073500,1.025893,14:15:00.691333,0.691333333
0.054713,0.071850,1.003255,14:15:00.692000,0.692000000
0.039530,0.035126,1.052091,14:15:00.692667,0.692666667
0.068997,0.055978,1.018502,14:15:00.693333,0.693333333
0.075700,0.086759,1.047784,14:15:00.694000,0.694000000
0.101818,0.045223,1.036095,14:15:00.694667,0.694666667
0.227252,0.149161,1.091750,14:15:00.695333,0.695333333
0.187939,0.103741,1.053987,14:15:00.696000,0.696000000
0.073905,-0.005105,0.993107,14:15:00.696667,0.696666667
0.037341,-0.013515,0.980900,14:15:00.697333,0.697333333
0.087531,0.043486,1.011266,14:15:00.698000,0.698000000
0.107061,0.032964,0.996708,14:15:00.698667,0.698666667
0.088299,-0.005424,0.955813,14:15:00.699333,0.699333333
0.008699,-0.032411,0.934826,14:15:00.700000,0.700000000
-0.009108,-0.035250,0.937993,14:15:00.700667,0.700666667
0.020501,-0.042922,0.959049,14:15:00.701333,0.701333333
0.026023,-0.011403,0.983141,14:15:00.702000,0.702000000
-0.009806,-0.003409,0.934440,14:15:00.702667,0.702666667
-0.010305,-0.013707,0.978935,14:15:00.703333,0.703333333
0.022495,-0.036555,0.952181,14:15:00.704000,0.704000000
0.006043,0.023661,1.003062,14:15:00.704667,0.704666667
0.038553,0.012052,1.029210,14:15:00.705333,0.705333333
0.155535,0.117853,1.071759,14:15:00.706000,0.706000000
0.109731,0.058118,1.038189,14:15:00.706667,0.706666667
-0.071356,-0.053877,0.959904,14:15:00.707333,0.707333333
0.004442,-0.017272,0.964938,14:15:00.708000,0.708000000
0.056038,0.005999,0.990809,14:15:00.708667,0.708666667
0.086071,-0.003490,0.990054,14:15:00.709333,0.709333333
0.013108,-0.028810,0.975651,14:15:00.710000,0.710000000
-0.004548,-0.087034,0.949279,14:15:00.710667,0.710666667
-0.063767,-0.101249,0.949831,14:15:00.711333,0.711333333
-0.035108,-0.086946,0.970010,14:15:00.712000,0.712000000
-0.067439,-0.068933,0.974370,14:15:00.712667,0.712666667
-0.033836,-0.069865,0.948296,14:15:00.713333,0.713333333
-0.067746,-0.103852,0.974753,14:15:00.714000,0.714000000
-0.087809,-0.042322,1.018480,14:15:00.714667,0.714666667
-0.060749,-0.064693,1.006600,14:15:00.715333,0.715333333
-0.014691,-0.001178,1.017712,14:15:00.716000,0.716000000
0.060386,0.049280,1.067474,14:15:00.716667,0.716666667
-0.053139,-0.032817,1.020982,14:15:00.717333,0.717333333
-0.146926,-0.092041,0.937200,14:15:00.718000,0.718000000
-0.128785,-0.066711,0.958827,14:15:00.718667,0.718666667
-0.017341,-0.001351,1.001781,14:15:00.719333,0.719333333
-0.010941,-0.018765,1.008985,14:15:00.720000,0.720000000
-0.098406,-0.058683,0.977299,14:15:00.720667,0.720666667
-0.173900,-0.087828,0.961982,14:15:00.721333,0.721333333
-0.125073,-0.050431,0.966508,14:15:00.722000,0.722000000
-0.068507,-0.020984,0.982690,14:15:00.722667,0.722666667
-0.114922,-0.026205,1.009991,14:15:00.723333,0.723333333
-0.136836,-0.034076,0.991161,14:15:00.724000,0.724000000
-0.081499,-0.024960,1.001337,14:15:00.724667,0.724666667
-0.029512,0.030288,1.018650,14:15:00.725333,0.725333333
-0.056260,0.038278,1.051121,14:15:00.726000,0.726000000
0.089489,0.124410,1.068784,14:15:00.726667,0.726666667
0.152262,0.156620,1.099051,14:15:00.727333,0.727333333
0.031167,0.093249,1.030779,14:15:00.728000,0.728000000
-0.030740,0.039105,1.006458,14:15:00.728667,0.728666667
0.056551,0.051688,1.033183,14:15:00.729333,0.729333333
0.126342,0.076715,1.070412,14:15:00.730000,0.730000000
0.079327,0.063094,1.058724,14:15:00.730667,0.730666667
0.050571,0.027152,1.024647,14:15:00.731333,0.731333333
0.024573,0.028084,0.998791,14:15:00.732000,0.732000000
0.072891,0.066225,1.031879,14:15:00.732667,0.732666667
0.014729,0.059460,1.019136,14:15:00.733333,0.733333333
0.059537,0.061817,1.027194,14:15:00.734000,0.734000000
0.012938,0.034182,1.001677,14:15:00.734667,0.734666667
0.037210,0.046031,1.022808,14:15:00.735333,0.735333333
0.060059,0.058406,1.025174,14:15:00.736000,0.736000000
0.105259,0.052133,1.094104,14:15:00.736667,0.736666667
0.247062,0.150523,1.092776,14:15:00.737333,0.737333333
0.182314,0.149496,1.076943,14:15:00.738000,0.738000000
0.073490,0.025512,1.014718,14:15:00.738667,0.738666667
0.015660,0.001937,0.979565,14:15:00.739333,0.739333333
0.079120,0.042771,0.999295,14:15:00.740000,0.740000000
0.106597,0.048787,1.033869,14:15:00.740667,0.740666667
0.086766,-0.012760,0.988260,14:15:00.741333,0.741333333
-0.005791,-0.042974,0.951865,14:15:00.742000,0.742000000
-0.001404,-0.039689,0.956021,14:15:00.742667,0.742666667
0.015081,-0.030018,0.947455,14:15:00.743333,0.743333333
0.050725,-0.005501,0.945594,14:15:00.744000,0.744000000
0.006698,-0.010039,0.916770,14:15:00.744667,0.744666667
-0.008782,-0.023833,0.953171,14:15:00.745333,0.745333333
-0.018071,-0.017823,0.980472,14:15:00.746000,0.746000000
0.022688,0.000880,1.004171,14:15:00.746667,0.746666667
0.044651,0.013196,0.958106,14:15:00.747333,0.747333333
0.169321,0.110614,1.019971,14:15:00.748000,0.748000000
0.103745,0.076480,0.986853,14:15:00.748667,0.748666667
-0.009693,-0.035835,0.929190,14:15:00.749333,0.749333333
-0.010820,-0.030503,0.970032,14:15:00.750000,0.750000000
0.054026,0.030847,1.008097,14:15:00.750667,0.750666667
0.100556,0.018373,0.998653,14:15:00.751333,0.751333333
0.014531,-0.055189,0.946636,14:15:00.752000,0.752000000
-0.021900,-0.082691,0.945388,14:15:00.752667,0.752666667
-0.020606,-0.076172,0.949521,14:15:00.753333,0.753333333
-0.021925,-0.052237,0.949137,14:15:00.754000,0.754000000
-0.073269,-0.011452,0.956685,14:15:00.754667,0.754666667
-0.062699,-0.079850,0.978619,14:15:00.755333,0.755333333
-0.080060,-0.090500,0.986781,14:15:00.756000,0.756000000
-0.050573,-0.049480,1.017894,14:15:00.756667,0.756666667
-0.005176,-0.044221,0.986013,14:15:00.757333,0.757333333
0.012858,-0.021665,1.019166,14:15:00.758000,0.758000000
0.069416,0.047324,1.092062,14:15:00.758667,0.758666667
-0.019730,-0.023202,1.033966,14:15:00.759333,0.759333333
-0.100667,-0.089976,0.950369,14:15:00.760000,0.760000000
-0.098270,-0.072314,0.978948,14:15:00.760667,0.760666667
-0.034101,-0.003400,0.985766,14:15:00.761333,0.761333333
-0.028666,-0.038214,1.000698,14:15:00.762000,0.762000000
-0.097822,-0.063279,0.978562,14:15:00.762667,0.762666667
-0.138609,-0.083510,0.968964,14:15:00.763333,0.763333333
-0.118167,-0.092030,1.000603,14:15:00.764000,0.764000000
-0.110858,-0.041302,0.984241,14:15:00.764667,0.764666667
-0.132887,-0.049094,0.983966,14:15:00.765333,0.765333333
-0.128920,-0.033422,0.970692,14:15:00.766000,0.766000000
-0.133975,-0.029871,1.000802,14:15:00.766667,0.766666667
-0.092690,-0.013413,1.044488,14:15:00.767333,0.767333333
-0.026148,0.033611,1.047156,14:15:00.768000,0.768000000
0.075506,0.080943,1.057572,14:15:00.768667,0.768666667
0.117154,0.132135,1.114672,14:15:00.769333,0.769333333
0.026083,0.058634,1.065634,14:15:00.770000,0.770000000
0.001236,-0.008212,1.007638,14:15:00.770667,0.770666667
-0.022263,0.050889,1.019863,14:15:00.771333,0.771333333
0.104212,0.087865,1.042012,14:15:00.772000,0.772000000
0.109754,0.099250,1.054363,14:15:00.772667,0.772666667
0.019214,0.047508,1.035683,14:15:00.773333,0.773333333
-0.019023,0.022360,1.015866,14:15:00.774000,0.774000000
0.018212,0.052198,1.013458,14:15:00.774667,0.774666667
0.055033,0.075029,1.034263,14:15:00.775333,0.775333333
0.060138,0.064263,1.051275,14:15:00.776000,0.776000000
0.015079,0.070678,1.039968,14:15:00.776667,0.776666667
0.042347,0.044399,1.019566,14:15:00.777333,0.777333333
0.071482,0.079139,1.046826,14:15:00.778000,0.778000000
0.080169,0.082752,1.082217,14:15:00.778667,0.778666667
0.194024,0.150587,1.092949,14:15:00.779333,0.779333333
0.225255,0.177945,1.114024,14:15:00.780000,0.780000000
0.060084,0.081076,1.022175,14:15:00.780667,0.780666667
0.042939,0.003649,0.977142,14:15:00.781333,0.781333333
0.057062,0.047223,0.992981,14:15:00.782000,0.782000000
0.147463,0.073450,1.036630,14:15:00.782667,0.782666667
0.092489,0.043555,0.969013,14:15:00.783333,0.783333333
0.013596,-0.041721,0.971046,14:15:00.784000,0.784000000
0.007706,-0.016300,0.925937,14:15:00.784667,0.784666667
0.034515,-0.018710,0.977203,14:15:00.785333,0.785333333
0.013833,-0.025705,0.946866,14:15:00.786000,0.786000000
-0.002221,-0.019244,0.947221,14:15:00.786667,0.786666667
-0.039706,-0.040618,0.952986,14:15:00.787333,0.787333333
-0.012483,-0.022830,0.962214,14:15:00.788000,0.788000000
0.028795,-0.008428,1.004478,14:15:00.788667,0.788666667
0.048939,-0.008208,0.972464,14:15:00.789333,0.789333333
0.188445,0.081799,1.049443,14:15:00.790000,0.790000000
0.148277,0.069657,1.020850,14:15:00.790667,0.790666667
0.018321,-0.006222,0.962354,14:15:00.791333,0.791333333
0.013529,-0.043008,0.926071,14:15:00.792000,0.792000000
0.014445,0.000807,0.993611,14:15:00.792667,0.792666667
0.091992,0.046997,0.984747,14:15:00.793333,0.793333333
0.016261,-0.016872,0.966190,14:15:00.794000,0.794000000
-0.062811,-0.054118,0.936700,14:15:00.794667,0.794666667
-0.066403,-0.057741,0.939999,14:15:00.795333,0.795333333
-0.058837,-0.057941,0.965779,14:15:00.796000,0.796000000
-0.034249,-0.054802,0.989729,14:15:00.796667,0.796666667
-0.082683,-0.089048,0.987807,14:15:00.797333,0.797333333
-0.050101,-0.063390,0.968634,14:15:00.798000,0.798000000
-0.095205,-0.085954,0.989693,14:15:00.798667,0.798666667
-0.029435,-0.026806,0.992051,14:15:00.799333,0.799333333
-0.054659,-0.064197,0.999209,14:15:00.800000,0.800000000
0.088370,0.056816,1.056049,14:15:00.800667,0.800666667
0.030088,-0.016699,1.037198,14:15:00.801333,0.801333333
-0.096553,-0.077439,0.975665,14:15:00.802000,0.802000000
-0.126661,-0.087967,0.950900,14:15:00.802667,0.802666667
-0.046252,-0.009740,1.011294,14:15:00.803333,0.803333333
-0.037366,-0.006339,0.994809,14:15:00.804000,0.804000000
-0.095508,-0.052693,0.976945,14:15:00.804667,0.804666667
-0.160997,-0.101246,0.963687,14:15:00.805333,0.805333333
-0.132720,-0.104221,0.965469,14:15:00.806000,0.806000000
-0.105048,-0.091498,0.994322,14:15:00.806667,0.806666667
-0.105841,-0.022706,1.001364,14:15:00.807333,0.807333333
-0.145265,-0.032980,0.999526,14:15:00.808000,0.808000000
-0.158374,-0.017380,1.010784,14:15:00.808667,0.808666667
-0.123367,-0.021980,1.021001,14:15:00.809333,0.809333333
-0.070211,0.024300,1.012208,14:15:00.810000,0.810000000
0.009725,0.067057,1.043318,14:15:00.810667,0.810666667
0.085800,0.136064,1.110821,14:15:00.811333,0.811333333
0.032860,0.096143,1.050346,14:15:00.812000,0.812000000
-0.062495,0.016804,0.979758,14:15:00.812667,0.812666667
0.010435,-0.001110,1.023139,14:15:00.813333,0.813333333
0.044231,0.082328,1.058644,14:15:00.814000,0.814000000
0.093734,0.112763,1.030334,14:15:00.814667,0.814666667
0.057191,0.047341,1.022593,14:15:00.815333,0.815333333
0.027013,0.022483,1.012142,14:15:00.816000,0.816000000
0.015558,0.035736,1.009442,14:15:00.816667,0.816666667
0.073593,0.021696,1.031844,14:15:00.817333,0.817333333
0.012863,0.066610,1.057559,14:15:00.818000,0.818000000
0.015214,0.036088,1.022316,14:15:00.818667,0.818666667
0.047526,0.052721,1.048109,14:15:00.819333,0.819333333
0.045743,0.058211,1.075465,14:15:00.820000,0.820000000
0.054091,0.077495,1.035834,14:15:00.820667,0.820666667
0.200718,0.128731,1.074298,14:15:00.821333,0.821333333
0.222896,0.146552,1.111552,14:15:00.822000,0.822000000
0.106124,0.076143,1.040763,14:15:00.822667,0.822666667
0.037630,-0.011012,1.014815,14:15:00.823333,0.823333333
0.071502,0.063685,1.022083,14:15:00.824000,0.824000000
0.137297,0.060462,1.038112,14:15:00.824667,0.824666667
0.131865,0.049129,1.024360,14:15:00.825333,0.825333333
0.032425,-0.028340,0.957936,14:15:00.826000,0.826000000
0.020288,-0.022304,0.960729,14:15:00.826667,0.826666667
0.019635,-0.002687,0.974378,14:15:00.827333,0.827333333
0.012882,0.013669,0.977429,14:15:00.828000,0.828000000
0.026751,-0.024600,0.965006,14:15:00.828667,0.828666667
-0.031001,-0.015251,0.931338,14:15:00.829333,0.829333333
0.016648,0.003304,0.946498,14:15:00.830000,0.830000000
0.003133,-0.005603,1.004352,14:15:00.830667,0.830666667
0.023266,-0.001966,0.996757,14:15:00.831333,0.831333333
0.153149,0.086229,1.022445,14:15:00.832000,0.832000000
0.170385,0.066725,1.033257,14:15:00.832667,0.832666667
0.022128,-0.033779,0.984077,14:15:00.833333,0.833333333
-0.022977,-0.055613,0.950326,14:15:00.834000,0.834000000
0.047567,0.026458,0.979038,14:15:00.834667,0.834666667
0.062675,0.037490,0.979602,14:15:00.835333,0.835333333
0.076027,-0.008576,0.967483,14:15:00.836000,0.836000000
-0.024219,-0.081854,0.937246,14:15:00.836667,0.836666667
-0.036795,-0.091114,0.957101,14:15:00.837333,0.837333333
-0.030330,-0.062781,0.946121,14:15:00.838000,0.838000000
-0.012555,-0.058104,0.983628,14:15:00.838667,0.838666667
-0.027270,-0.098538,0.950377,14:15:00.839333,0.839333333
-0.081855,-0.068862,0.945481,14:15:00.840000,0.840000000
-0.036787,-0.079126,0.994736,14:15:00.840667,0.840666667
-0.022697,-0.025957,1.002594,14:15:00.841333,0.841333333
-0.058880,-0.034644,1.013330,14:15:00.842000,0.842000000
0.091847,0.063809,1.064478,14:15:00.842667,0.842666667
0.052029,-0.018005,1.046747,14:15:00.843333,0.843333333
-0.105748,-0.064321,0.975141,14:15:00.844000,0.844000000
-0.103806,-0.062988,0.965588,14:15:00.844667,0.844666667
0.014481,-0.045617,0.985992,14:15:00.845333,0.845333333
0.001212,-0.018725,1.026576,14:15:00.846000,0.846000000
-0.093216,-0.060195,0.968257,14:15:00.846667,0.846666667
-0.137384,-0.076666,0.953168,14:15:00.847333,0.847333333
-0.127880,-0.071677,0.977012,14:15:00.848000,0.848000000
-0.112935,-0.072642,0.988113,14:15:00.848667,0.848666667
-0.102477,-0.038611,0.986027,14:15:00.849333,0.849333333
-0.109806,-0.061929,0.996799,14:15:00.850000,0.850000000
-0.173745,-0.084662,0.987950,14:15:00.850667,0.850666667
-0.092377,-0.022534,1.030135,14:15:00.851333,0.851333333
-0.048425,0.043535,1.020942,14:15:00.852000,0.852000000
-0.036994,0.032403,1.007361,14:15:00.852667,0.852666667
0.103219,0.136260,1.106452,14:15:00.853333,0.853333333
0.018696,0.102118,1.066775,14:15:00.854000,0.854000000
-0.069648,0.012201,1.009596,14:15:00.854667,0.854666667
-0.011645,0.008075,1.026660,14:15:00.855333,0.855333333
0.076212,0.065374,1.029035,14:15:00.856000,0.856000000
0.070786,0.100414,1.043049,14:15:00.856667,0.856666667
0.008928,0.075873,1.013978,14:15:00.857333,0.857333333
-0.014076,0.000600,1.023068,14:15:00.858000,0.858000000
-0.007412,0.019259,1.014381,14:15:00.858667,0.858666667
0.045950,0.023050,1.023984,14:15:00.859333,0.859333333
0.042249,0.043017,1.030583,14:15:00.860000,0.860000000
0.028984,0.032905,1.049857,14:15:00.860667,0.860666667
0.036219,0.023830,1.052912,14:15:00.861333,0.861333333
0.060521,0.076739,1.050108,14:15:00.862000,0.862000000
0.065311,0.049980,1.031553,14:15:00.862667,0.862666667
0.156481,0.114316,1.099363,14:15:00.863333,0.863333333
0.218766,0.177175,1.136638,14:15:00.864000,0.864000000
0.157599,0.052871,1.061760,14:15:00.864667,0.864666667
0.016465,0.010276,0.989658,14:15:00.865333,0.865333333
0.080694,0.033457,1.022183,14:15:00.866000,0.866000000
0.144120,0.109941,1.030247,14:15:00.866667,0.866666667
0.147310,0.070745,1.031698,14:15:00.867333,0.867333333
0.035071,0.008311,0.984848,14:15:00.868000,0.868000000
0.023460,0.004695,0.963704,14:15:00.868667,0.868666667
0.009972,-0.025268,0.950008,14:15:00.869333,0.869333333
0.037257,-0.024287,0.979179,14:15:00.870000,0.870000000
0.018829,-0.001252,0.970288,14:15:00.870667,0.870666667
-0.001505,-0.047713,0.978610,14:15:00.871333,0.871333333
-0.008486,-0.025304,0.977899,14:15:00.872000,0.872000000
0.014449,-0.010838,0.974355,14:15:00.872667,0.872666667
0.048648,0.015346,0.962759,14:15:00.873333,0.873333333
0.128905,0.076326,1.015526,14:15:00.874000,0.874000000
0.161763,0.102230,1.030481,14:15:00.874667,0.874666667
0.022686,0.011123,0.987656,14:15:00.875333,0.875333333
-0.024221,-0.055896,0.952780,14:15:00.876000,0.876000000
0.013012,0.001636,0.967025,14:15:00.876667,0.876666667
0.104504,0.002642,1.002318,14:15:00.877333,0.877333333
0.065218,0.014897,0.980814,14:15:00.878000,0.878000000
-0.019198,-0.043358,0.943074,14:15:00.878667,0.878666667
-0.023693,-0.046405,0.934819,14:15:00.879333,0.879333333
-0.023328,-0.026615,0.926388,14:15:00.880000,0.880000000
-0.019975,-0.052276,0.997628,14:15:00.880667,0.880666667
-0.073461,-0.069638,0.945398,14:15:00.881333,0.881333333
-0.058241,-0.064977,0.976477,14:15:00.882000,0.882000000
-0.057014,-0.067598,0.971070,14:15:00.882667,0.882666667
-0.019346,-0.039066,0.980335,14:15:00.883333,0.883333333
-0.017264,-0.006788,0.996441,14:15:00.884000,0.884000000
0.094268,0.038366,1.058535,14:15:00.884667,0.884666667
0.098063,0.047265,1.016371,14:15:00.885333,0.885333333
-0.074826,-0.097519,0.960438,14:15:00.886000,0.886000000
-0.112951,-0.095728,0.963318,14:15:00.886667,0.886666667
-0.021712,-0.048420,1.023102,14:15:00.887333,0.887333333
-0.002571,-0.000533,1.012323,14:15:00.888000,0.888000000
-0.095163,-0.049387,1.020262,14:15:00.888667,0.888666667
-0.127870,-0.102309,0.951160,14:15:00.889333,0.889333333
-0.160246,-0.106111,0.959760,14:15:00.890000,0.890000000
-0.132798,-0.093213,0.961669,14:15:00.890667,0.890666667
-0.135955,-0.087968,0.997150,14:15:00.891333,0.891333333
-0.174780,-0.043870,0.974508,14:15:00.892000,0.892000000
-0.206696,-0.081781,0.979476,14:15:00.892667,0.892666667
-0.146084,-0.069406,0.998263,14:15:00.893333,0.893333333
-0.101337,-0.026456,1.028251,14:15:00.894000,0.894000000
-0.104549,0.009428,1.046005,14:15:00.894667,0.894666667
0.082489,0.113676,1.085879,14:15:00.895333,0.895333333
0.047491,0.086035,1.072597,14:15:00.896000,0.896000000
-0.079721,0.014467,1.048844,14:15:00.896667,0.896666667
-0.096714,0.021433,0.980707,14:15:00.897333,0.897333333
0.026448,0.082135,1.017684,14:15:00.898000,0.898000000
0.044002,0.071919,1.044491,14:15:00.898667,0.898666667
0.041456,0.040043,1.024120,14:15:00.899333,0.899333333
-0.031656,0.014740,1.023601,14:15:00.900000,0.900000000
-0.023828,0.044072,0.987954,14:15:00.900667,0.900666667
0.010086,0.037989,1.018010,14:15:00.901333,0.901333333
0.022854,0.061335,1.013230,14:15:00.902000,0.902000000
0.004874,0.060003,1.034456,14:15:00.902667,0.902666667
0.012995,0.038673,1.035412,14:15:00.903333,0.903333333
0.039765,0.065760,1.022269,14:15:00.904000,0.904000000
0.101695,0.072163,1.060249,14:15:00.904667,0.904666667
0.127644,0.103355,1.070449,14:15:00.905333,0.905333333
0.249630,0.177691,1.107803,14:15:00.906000,0.906000000
0.168432,0.088044,1.108790,14:15:00.906667,0.906666667
0.030773,0.038576,1.014417,14:15:00.907333,0.907333333
0.074009,0.044668,1.007018,14:15:00.908000,0.908000000
0.174545,0.081338,1.025899,14:15:00.908667,0.908666667
0.100687,0.090781,1.040997,14:15:00.909333,0.909333333
0.064261,0.010961,1.020215,14:15:00.910000,0.910000000
0.005807,-0.013838,0.956135,14:15:00.910667,0.910666667
0.031464,-0.031497,0.999612,14:15:00.911333,0.911333333
0.009150,-0.007826,0.990714,14:15:00.912000,0.912000000
0.030025,-0.022122,0.976090,14:15:00.912667,0.912666667
-0.006517,-0.029521,1.001704,14:15:00.913333,0.913333333
0.018041,-0.031619,0.978842,14:15:00.914000,0.914000000
0.004171,0.023737,0.990280,14:15:00.914667,0.914666667
0.060844,0.023707,1.000098,14:15:00.915333,0.915333333
0.120225,0.047573,1.000521,14:15:00.916000,0.916000000
0.155903,0.117950,1.034094,14:15:00.916667,0.916666667
0.074986,0.024253,0.973136,14:15:00.917333,0.917333333
-0.041837,-0.042844,0.922146,14:15:00.918000,0.918000000
0.008956,-0.021477,0.957474,14:15:00.918667,0.918666667
0.087243,0.033010,0.985753,14:15:00.919333,0.919333333
0.095019,0.024568,0.958358,14:15:00.920000,0.920000000
0.003650,-0.041512,0.942725,14:15:00.920667,0.920666667
-0.056064,-0.061934,0.939395,14:15:00.921333,0.921333333
-0.014148,-0.023964,0.960539,14:15:00.922000,0.922000000
0.016215,-0.025009,0.978265,14:15:00.922667,0.922666667
-0.039309,-0.024579,0.981832,14:15:00.923333,0.923333333
-0.040285,-0.065470,0.966496,14:15:00.924000,0.924000000
-0.073704,-0.038108,0.976973,14:15:00.924667,0.924666667
-0.010110,-0.032174,0.970673,14:15:00.925333,0.925333333
0.003664,-0.010138,0.977596,14:15:00.926000,0.926000000
0.105577,0.027726,1.060265,14:15:00.926667,0.926666667
0.123102,0.061920,1.060566,14:15:00.927333,0.927333333
-0.068615,-0.043884,1.010083,14:15:00.928000,0.928000000
-0.095290,-0.116040,0.971862,14:15:00.928667,0.928666667
-0.041907,-0.042381,0.999579,14:15:00.929333,0.929333333
-0.003736,-0.007594,0.982977,14:15:00.930000,0.930000000
-0.019915,-0.035989,0.972109,14:15:00.930667,0.930666667
-0.124025,-0.074920,0.945691,14:15:00.931333,0.931333333
-0.131101,-0.119997,0.953311,14:15:00.932000,0.932000000
-0.096816,-0.069083,0.990313,14:15:00.932667,0.932666667
-0.138533,-0.067828,0.990177,14:15:00.933333,0.933333333
-0.161700,-0.067489,0.971736,14:15:00.934000,0.934000000
-0.167347,-0.080813,1.013246,14:15:00.934667,0.934666667
-0.129031,-0.046191,0.992250,14:15:00.935333,0.935333333
-0.100390,-0.003100,1.026092,14:15:00.936000,0.936000000
-0.072571,0.021063,1.010639,14:15:00.936667,0.936666667
0.027165,0.064764,1.077554,14:15:00.937333,0.937333333
0.030207,0.057707,1.062695,14:15:00.938000,0.938000000
-0.030484,-0.007155,1.022289,14:15:00.938667,0.938666667
-0.101218,0.005541,0.973176,14:15:00.939333,0.939333333
-0.002031,0.045204,1.027876,14:15:00.940000,0.940000000
0.052895,0.092246,1.047691,14:15:00.940667,0.940666667
0.018228,0.062154,1.029549,14:15:00.941333,0.941333333
-0.035295,0.004452,0.987812,14:15:00.942000,0.942000000
-0.031839,0.003422,1.006380,14:15:00.942667,0.942666667
0.015500,0.036238,1.038473,14:15:00.943333,0.943333333
0.035336,0.030623,1.011515,14:15:00.944000,0.944000000
-0.030073,0.017995,1.034533,14:15:00.944667,0.944666667
0.029442,0.059561,1.044053,14:15:00.945333,0.945333333
0.012024,0.079365,1.060158,14:15:00.946000,0.946000000
0.080552,0.084001,1.078460,14:15:00.946667,0.946666667
0.098145,0.068989,1.060512,14:15:00.947333,0.947333333
0.240313,0.173404,1.131569,14:15:00.948000,0.948000000
0.167692,0.115201,1.103508,14:15:00.948667,0.948666667
0.034405,0.051681,1.038116,14:15:00.949333,0.949333333
0.057309,0.013530,1.004741,14:15:00.950000,0.950000000
0.107604,0.070901,1.024224,14:15:00.950667,0.950666667
0.160466,0.097857,1.027631,14:15:00.951333,0.951333333
0.057320,0.035325,1.026875,14:15:00.952000,0.952000000
0.016770,0.008751,0.981211,14:15:00.952667,0.952666667
0.000871,-0.009295,0.983796,14:15:00.953333,0.953333333
0.048652,0.019946,0.985495,14:15:00.954000,0.954000000
0.035408,-0.005375,0.978257,14:15:00.954667,0.954666667
0.009165,-0.041657,0.971578,14:15:00.955333,0.955333333
-0.008589,-0.033148,0.977483,14:15:00.956000,0.956000000
0.029723,0.001677,0.960319,14:15:00.956667,0.956666667
0.053176,0.007127,1.019215,14:15:00.957333,0.957333333
0.066098,-0.000898,1.033735,14:15:00.958000,0.958000000
0.168882,0.127797,1.049802,14:15:00.958667,0.958666667
0.084884,0.041495,0.983474,14:15:00.959333,0.959333333
0.005798,-0.036892,0.959460,14:15:00.960000,0.960000000
0.047744,-0.013068,0.962973,14:15:00.960667,0.960666667
0.078604,0.039192,0.965387,14:15:00.961333,0.961333333
0.092411,0.029622,0.973165,14:15:00.962000,0.962000000
0.028052,-0.041579,0.966084,14:15:00.962667,0.962666667
-0.022783,-0.071081,0.891749,14:15:00.963333,0.963333333
-0.020403,-0.058817,0.945110,14:15:00.964000,0.964000000
-0.027093,-0.050988,0.949419,14:15:00.964667,0.964666667
-0.006818,-0.041212,0.975169,14:15:00.965333,0.965333333
-0.018067,-0.055510,0.962724,14:15:00.966000,0.966000000
-0.060410,-0.039280,0.986474,14:15:00.966667,0.966666667
0.009328,-0.021731,0.958613,14:15:00.967333,0.967333333
-0.012929,-0.032682,0.980730,14:15:00.968000,0.968000000
0.075170,0.029594,1.029917,14:15:00.968667,0.968666667
0.127259,0.051923,1.067345,14:15:00.969333,0.969333333
0.013417,-0.046329,0.971115,14:15:00.970000,0.970000000
-0.114130,-0.098307,0.947920,14:15:00.970667,0.970666667
-0.060596,-0.053429,0.976985,14:15:00.971333,0.971333333
0.009936,-0.006378,1.019079,14:15:00.972000,0.972000000
-0.023998,-0.042351,0.993110,14:15:00.972667,0.972666667
-0.104686,-0.054696,0.945492,14:15:00.973333,0.973333333
-0.130631,-0.089247,0.956190,14:15:00.974000,0.974000000
-0.116542,-0.083972,0.965425,14:15:00.974667,0.974666667
-0.083918,-0.056685,0.973848,14:15:00.975333,0.975333333
-0.146071,-0.066274,0.976145,14:15:00.976000,0.976000000
-0.118233,-0.086140,0.994508,14:15:00.976667,0.976666667
-0.152364,-0.063254,0.990572,14:15:00.977333,0.977333333
-0.084767,-0.039718,1.038561,14:15:00.978000,0.978000000
-0.089982,-0.031154,1.030063,14:15:00.978667,0.978666667
0.030594,0.044851,1.060929,14:15:00.979333,0.979333333
0.079095,0.076022,1.059769,14:15:00.980000,0.980000000
-0.067650,-0.015971,1.017027,14:15:00.980667,0.980666667
-0.130010,-0.007343,0.995132,14:15:00.981333,0.981333333
-0.062263,0.037905,1.005424,14:15:00.982000,0.982000000
0.040930,0.075846,1.022602,14:15:00.982667,0.982666667
0.016868,0.015780,1.018092,14:15:00.983333,0.983333333
-0.057394,0.014166,1.030156,14:15:00.984000,0.984000000
-0.047431,0.008735,0.985311,14:15:00.984667,0.984666667
-0.008095,0.011445,1.000449,14:15:00.985333,0.985333333
0.023780,0.029775,1.018612,14:15:00.986000,0.986000000
-0.030774,0.044636,1.006573,14:15:00.986667,0.986666667
0.003875,0.023812,1.027730,14:15:00.987333,0.987333333
0.008007,0.049214,1.061231,14:15:00.988000,0.988000000
0.081690,0.081046,1.059898,14:15:00.988667,0.988666667
0.057917,0.071434,1.048269,14:15:00.989333,0.989333333
0.220597,0.161804,1.112680,14:15:00.990000,0.990000000
0.163477,0.151629,1.100815,14:15:00.990667,0.990666667
0.058053,0.035309,1.029320,14:15:00.991333,0.991333333
0.063013,0.029104,1.043158,14:15:00.992000,0.992000000
0.143335,0.095080,1.035800,14:15:00.992667,0.992666667
0.146886,0.079088,1.042671,14:15:00.993333,0.993333333
0.126599,0.040486,1.038369,14:15:00.994000,0.994000000
0.047196,0.006113,0.990629,14:15:00.994667,0.994666667
0.032228,0.029456,0.984772,14:15:00.995333,0.995333333
0.040102,0.014311,0.969757,14:15:00.996000,0.996000000
0.026195,0.014172,0.990658,14:15:00.996667,0.996666667
0.006595,-0.022792,0.976369,14:15:00.997333,0.997333333
0.022851,0.017329,0.953639,14:15:00.998000,0.998000000
0.039526,0.005756,0.986882,14:15:00.998667,0.998666667
0.049383,-0.006767,1.008200,14:15:00.999333,0.999333333
0.043081,0.034101,0.996601,14:15:01.000000,1.000000000
0.197418,0.117944,1.065288,14:15:01.000667,1.000666667
0.104350,0.094778,1.011274,14:15:01.001333,1.001333333
0.015617,-0.038236,0.959623,14:15:01.002000,1.002000000
-0.008367,-0.010191,0.976372,14:15:01.002667,1.002666667
0.070967,0.011957,0.977813,14:15:01.003333,1.003333333
0.095539,0.012902,0.995292,14:15:01.004000,1.004000000
0.064424,-0.008496,0.944801,14:15:01.004667,1.004666667
-0.047366,-0.069675,0.957815,14:15:01.005333,1.005333333
-0.041241,-0.045046,0.921322,14:15:01.006000,1.006000000
-0.012551,-0.049359,0.956957,14:15:01.006667,1.006666667
-0.029204,-0.074790,0.955967,14:15:01.007333,1.007333333
-0.035953,-0.047546,0.976456,14:15:01.008000,1.008000000
-0.038713,-0.034597,0.953669,14:15:01.008667,1.008666667
0.001378,-0.024505,0.965638,14:15:01.009333,1.009333333
0.016045,-0.019732,1.002004,14:15:01.010000,1.010000000
0.031928,0.030492,1.022903,14:15:01.010667,1.010666667
0.122275,0.103439,1.070336,14:15:01.011333,1.011333333
0.038940,0.008704,0.999544,14:15:01.012000,1.012000000
-0.069133,-0.077094,0.962499,14:15:01.012667,1.012666667
-0.033625,-0.069510,0.969334,14:15:01.013333,1.013333333
0.028876,-0.035594,1.035831,14:15:01.014000,1.014000000
-0.005070,-0.018755,0.991897,14:15:01.014667,1.014666667
-0.041894,-0.064456,0.985327,14:15:01.015333,1.015333333
-0.152393,-0.132146,0.950474,14:15:01.016000,1.016000000
-0.097423,-0.066917,0.958699,14:15:01.016667,1.016666667
-0.091046,-0.065008,0.963628,14:15:01.017333,1.017333333
-0.100045,-0.104562,0.947055,14:15:01.018000,1.018000000
-0.168717,-0.080630,0.973315,14:15:01.018667,1.018666667
-0.135878,-0.075244,0.978869,14:15:01.019333,1.019333333
-0.114702,-0.049354,0.996072,14:15:01.020000,1.020000000
-0.061028,0.019068,1.025145,14:15:01.020667,1.020666667
0.001571,0.048492,1.043521,14:15:01.021333,1.021333333
0.048998,0.111348,1.073915,14:15:01.022000,1.022000000
-0.075434,-0.000284,1.001239,14:15:01.022667,1.022666667
-0.150389,-0.062536,0.958373,14:15:01.023333,1.023333333
-0.070111,0.001482,1.012539,14:15:01.024000,1.024000000
0.031273,0.036409,1.056527,14:15:01.024667,1.024666667
0.019825,0.043917,1.043041,14:15:01.025333,1.025333333
-0.073810,-0.010474,1.008385,14:15:01.026000,1.026000000
-0.060626,0.019395,0.977858,14:15:01.026667,1.026666667
-0.050956,0.000521,0.998716,14:15:01.027333,1.027333333
-0.001653,0.041715,1.024460,14:15:01.028000,1.028000000
-0.012277,0.039127,1.031801,14:15:01.028667,1.028666667
-0.028231,0.000797,1.044425,14:15:01.029333,1.029333333
-0.033548,0.059048,1.019861,14:15:01.030000,1.030000000
0.040264,0.098436,1.064161,14:15:01.030667,1.030666667
0.062038,0.090975,1.078037,14:15:01.031333,1.031333333
0.205757,0.168849,1.130893,14:15:01.032000,1.032000000
0.244574,0.141723,1.094260,14:15:01.032667,1.032666667
0.082748,0.049804,1.045529,14:15:01.033333,1.033333333
0.043821,0.012581,1.023319,14:15:01.034000,1.034000000
0.120408,0.046202,1.034945,14:15:01.034667,1.034666667
0.160149,0.113353,1.064744,14:15:01.035333,1.035333333
0.135589,0.050500,1.034020,14:15:01.036000,1.036000000
0.015044,0.017348,0.988172,14:15:01.036667,1.036666667
0.067385,0.003377,0.992332,14:15:01.037333,1.037333333
0.051556,-0.000636,0.998618,14:15:01.038000,1.038000000
0.067961,0.004560,0.969058,14:15:01.038667,1.038666667
0.025194,0.020099,0.998610,14:15:01.039333,1.039333333
0.020875,0.000363,0.973840,14:15:01.040000,1.040000000
-0.026269,0.012726,0.989433,14:15:01.040667,1.040666667
0.073692,0.004451,1.004513,14:15:01.041333,1.041333333
0.056097,0.020192,0.999964,14:15:01.042000,1.042000000
0.197875,0.124778,1.067376,14:15:01.042667,1.042666667
0.133449,0.040455,1.023470,14:15:01.043333,1.043333333
0.033072,-0.008339,1.000578,14:15:01.044000,1.044000000
-0.002967,-0.020000,0.936550,14:15:01.044667,1.044666667
0.090826,0.043868,0.977059,14:15:01.045333,1.045333333
0.119829,0.003774,0.993386,14:15:01.046000,1.046000000
0.016517,0.021246,0.959426,14:15:01.046667,1.046666667
-0.008082,-0.030791,0.914016,14:15:01.047333,1.047333333
-0.020240,-0.038880,0.937002,14:15:01.048000,1.048000000
0.028149,-0.029550,0.937100,14:15:01.048667,1.048666667
-0.006834,-0.020120,0.984646,14:15:01.049333,1.049333333
0.007362,-0.054016,0.982323,14:15:01.050000,1.050000000
-0.033057,-0.036546,0.944143,14:15:01.050667,1.050666667
0.004182,-0.027959,0.979608,14:15:01.051333,1.051333333
-0.016359,-0.013195,0.991902,14:15:01.052000,1.052000000
0.017977,0.019250,0.985258,14:15:01.052667,1.052666667
0.173971,0.119956,1.039056,14:15:01.053333,1.053333333
0.074302,0.017010,1.023700,14:15:01.054000,1.054000000
-0.018083,-0.076783,0.954609,14:15:01.054667,1.054666667
-0.043393,-0.083270,0.995963,14:15:01.055333,1.055333333
0.034571,-0.002845,1.033519,14:15:01.056000,1.056000000
0.010973,-0.014625,1.005081,14:15:01.056667,1.056666667
-0.028537,-0.071556,0.974961,14:15:01.057333,1.057333333
-0.085001,-0.120880,0.949709,14:15:01.058000,1.058000000
-0.096531,-0.093135,0.984523,14:15:01.058667,1.058666667
-0.082833,-0.078901,0.956800,14:15:01.059333,1.059333333
-0.113482,-0.060381,0.970625,14:15:01.060000,1.060000000
-0.116608,-0.086030,0.957524,14:15:01.060667,1.060666667
-0.126894,-0.097122,0.985785,14:15:01.061333,1.061333333
-0.091825,-0.052379,0.972227,14:15:01.062000,1.062000000
-0.130022,-0.009428,1.020270,14:15:01.062667,1.062666667
-0.068183,0.007862,1.058961,14:15:01.063333,1.063333333
0.046982,0.079763,1.079914,14:15:01.064000,1.064000000
-0.059497,0.009844,1.002027,14:15:01.064667,1.064666667
-0.148510,-0.042075,0.969861,14:15:01.065333,1.065333333
-0.075636,-0.040895,1.007880,14:15:01.066000,1.066000000
0.008324,0.021188,1.025773,14:15:01.066667,1.066666667
0.002278,0.055246,1.015476,14:15:01.067333,1.067333333
-0.067069,0.000127,0.992745,14:15:01.068000,1.068000000
-0.090917,-0.013910,0.993461,14:15:01.068667,1.068666667
-0.079276,-0.012515,0.989780,14:15:01.069333,1.069333333
-0.021447,0.040962,1.013672,14:15:01.070000,1.070000000
-0.020970,0.033516,1.022201,14:15:01.070667,1.070666667
-0.029586,0.011438,0.997223,14:15:01.071333,1.071333333
-0.035181,0.031894,1.046414,14:15:01.072000,1.072000000
0.035297,0.084423,1.052737,14:15:01.072667,1.072666667
0.075357,0.071395,1.068880,14:15:01.073333,1.073333333
0.158185,0.132234,1.109634,14:15:01.074000,1.074000000
0.234484,0.167701,1.131346,14:15:01.074667,1.074666667
0.107596,0.104682,1.051324,14:15:01.075333,1.075333333
0.050244,0.010876,1.035109,14:15:01.076000,1.076000000
0.125688,0.062439,1.036287,14:15:01.076667,1.076666667
0.164999,0.122727,1.070525,14:15:01.077333,1.077333333
0.134121,0.083503,1.019804,14:15:01.078000,1.078000000
0.065660,0.025561,1.016621,14:15:01.078667,1.078666667
0.029674,0.012999,0.999181,14:15:01.079333,1.079333333
0.076296,-0.006290,0.991621,14:15:01.080000,1.080000000
0.063803,-0.006516,0.986182,14:15:01.080667,1.080666667
0.056848,0.016847,1.016500,14:15:01.081333,1.081333333
0.026578,0.024533,1.004394,14:15:01.082000,1.082000000
0.008830,0.005566,0.995212,14:15:01.082667,1.082666667
0.040628,0.009470,1.002421,14:15:01.083333,1.083333333
0.091485,0.021258,1.017179,14:15:01.084000,1.084000000
0.169457,0.110856,1.063881,14:15:01.084667,1.084666667
0.161071,0.066030,1.049114,14:15:01.085333,1.085333333
0.061323,-0.006673,0.980220,14:15:01.086000,1.086000000
-0.005428,-0.055187,0.960520,14:15:01.086667,1.086666667
0.055228,-0.005995,0.987667,14:15:01.087333,1.087333333
0.072197,0.030508,1.002705,14:15:01.088000,1.088000000
0.072252,0.005518,0.972402,14:15:01.088667,1.088666667
-0.016690,-0.046921,0.925981,14:15:01.089333,1.089333333
-0.054990,-0.055736,0.930774,14:15:01.090000,1.090000000
-0.034606,-0.032359,0.955943,14:15:01.090667,1.090666667
0.014313,-0.045605,0.982637,14:15:01.091333,1.091333333
0.008571,-0.044434,0.954633,14:15:01.092000,1.092000000
-0.037663,-0.053223,0.929656,14:15:01.092667,1.092666667
-0.014554,-0.040651,0.950546,14:15:01.093333,1.093333333
0.016696,-0.014302,0.969066,14:15:01.094000,1.094000000
-0.036663,-0.015185,0.978050,14:15:01.094667,1.094666667
0.171974,0.089563,1.058303,14:15:01.095333,1.095333333
0.070576,0.056916,1.049040,14:15:01.096000,1.096000000
-0.033403,-0.043703,0.972902,14:15:01.096667,1.096666667
-0.065210,-0.071426,0.978683,14:15:01.097333,1.097333333
0.017222,-0.032018,0.966449,14:15:01.098000,1.098000000
0.020823,0.006548,1.000500,14:15:01.098667,1.098666667
-0.017699,-0.061975,0.953917,14:15:01.099333,1.099333333
-0.092597,-0.078012,0.948490,14:15:01.100000,1.100000000
-0.106600,-0.066990,0.952421,14:15:01.100667,1.100666667
-0.084934,-0.057275,0.958729,14:15:01.101333,1.101333333
-0.106628,-0.080461,0.977408,14:15:01.102000,1.102000000
-0.127019,-0.104633,0.978178,14:15:01.102667,1.102666667
-0.151586,-0.120156,0.996643,14:15:01.103333,1.103333333
-0.116449,-0.043787,0.972600,14:15:01.104000,1.104000000
-0.120790,-0.025355,1.033848,14:15:01.104667,1.104666667
-0.074277,0.011962,1.024519,14:15:01.105333,1.105333333
0.058916,0.079487,1.065409,14:15:01.106000,1.106000000
-0.042090,0.022058,1.017871,14:15:01.106667,1.106666667
-0.128899,-0.048179,0.957564,14:15:01.107333,1.107333333
-0.111343,-0.049742,0.985414,14:15:01.108000,1.108000000
-0.030591,-0.006256,1.013672,14:15:01.108667,1.108666667
0.008309,0.032527,1.022423,14:15:01.109333,1.109333333
-0.035066,0.003708,1.005218,14:15:01.110000,1.110000000
-0.126172,-0.065906,0.975680,14:15:01.110667,1.110666667
-0.105833,0.001547,1.010035,14:15:01.111333,1.111333333
-0.039462,0.003673,1.010682,14:15:01.112000,1.112000000
-0.054539,0.043127,1.017400,14:15:01.112667,1.112666667
-0.029414,0.003293,1.035147,14:15:01.113333,1.113333333
-0.040670,0.045588,1.016276,14:15:01.114000,1.114000000
-0.028587,0.073572,1.044192,14:15:01.114667,1.114666667
0.043635,0.090103,1.063410,14:15:01.115333,1.115333333
0.120011,0.154908,1.096770,14:15:01.116000,1.116000000
0.206709,0.171172,1.121521,14:15:01.116667,1.116666667
0.076351,0.057853,1.086850,14:15:01.117333,1.117333333
0.009032,0.018745,1.054418,14:15:01.118000,1.118000000
0.082955,0.080885,1.019951,14:15:01.118667,1.118666667
0.153473,0.117900,1.067753,14:15:01.119333,1.119333333
0.146696,0.089095,1.052735,14:15:01.120000,1.120000000
0.090594,0.040463,1.012062,14:15:01.120667,1.120666667
0.042440,0.001377,1.011385,14:15:01.121333,1.121333333
0.064224,-0.019345,1.005160,14:15:01.122000,1.122000000
0.068092,0.014259,1.053508,14:15:01.122667,1.122666667
0.071707,0.021002,1.011283,14:15:01.123333,1.123333333
0.022738,0.016127,1.046162,14:15:01.124000,1.124000000
0.011689,-0.011982,1.004096,14:15:01.124667,1.124666667
0.063184,0.024086,1.013739,14:15:01.125333,1.125333333
0.037174,0.046116,1.028677,14:15:01.126000,1.126000000
0.147824,0.089622,1.077340,14:15:01.126667,1.126666667
0.215568,0.104352,1.061637,14:15:01.127333,1.127333333
0.057638,-0.003103,0.991687,14:15:01.128000,1.128000000
0.029659,-0.021195,0.942534,14:15:01.128667,1.128666667
0.064075,0.005630,0.977990,14:15:01.129333,1.129333333
0.095976,0.038195,0.996242,14:15:01.130000,1.130000000
0.051057,0.003025,0.958452,14:15:01.130667,1.130666667
-0.014661,-0.043776,0.939092,14:15:01.131333,1.131333333
-0.032610,-0.052763,0.914125,14:15:01.132000,1.132000000
-0.002614,-0.045585,0.951010,14:15:01.132667,1.132666667
-0.037209,-0.020628,0.954385,14:15:01.133333,1.133333333
-0.015508,-0.022759,0.940929,14:15:01.134000,1.134000000
-0.050424,-0.045722,0.969785,14:15:01.134667,1.134666667
0.003597,-0.010203,0.946894,14:15:01.135333,1.135333333
0.012193,-0.034677,0.999793,14:15:01.136000,1.136000000
0.004134,-0.008188,0.984105,14:15:01.136667,1.136666667
0.158182,0.092627,1.023735,14:15:01.137333,1.137333333
0.128590,0.063785,1.042702,14:15:01.138000,1.138000000
-0.017853,-0.031079,0.986487,14:15:01.138667,1.138666667
-0.023491,-0.081197,0.946435,14:15:01.139333,1.139333333
0.019089,-0.048925,0.988601,14:15:01.140000,1.140000000
0.042724,-0.004932,1.011526,14:15:01.140667,1.140666667
-0.002186,-0.016676,0.971296,14:15:01.141333,1.141333333
-0.068593,-0.081657,0.978788,14:15:01.142000,1.142000000
-0.096787,-0.118436,0.963840,14:15:01.142667,1.142666667
-0.083328,-0.077126,0.955005,14:15:01.143333,1.143333333
-0.089117,-0.092085,0.972107,14:15:01.144000,1.144000000
-0.117610,-0.097723,0.975622,14:15:01.144667,1.144666667
-0.141813,-0.065982,1.018093,14:15:01.145333,1.145333333
-0.107174,-0.040357,1.013157,14:15:01.146000,1.146000000
-0.068881,-0.031987,0.999699,14:15:01.146667,1.146666667
-0.115543,-0.027269,1.023752,14:15:01.147333,1.147333333
0.034511,0.083711,1.064424,14:15:01.148000,1.148000000
-0.023461,0.039815,1.038257,14:15:01.148667,1.148666667
-0.105488,-0.052243,0.979422,14:15:01.149333,1.149333333
-0.088572,-0.074785,0.978619,14:15:01.150000,1.150000000
-0.030021,0.018435,1.014505,14:15:01.150667,1.150666667
-0.025415,0.018679,1.021928,14:15:01.151333,1.151333333
-0.054690,-0.000222,0.989185,14:15:01.152000,1.152000000
-0.121322,-0.006916,0.981152,14:15:01.152667,1.152666667
-0.075838,-0.025707,0.976036,14:15:01.153333,1.153333333
-0.051608,-0.005619,1.012569,14:15:01.154000,1.154000000
-0.061888,0.018495,1.004075,14:15:01.154667,1.154666667
-0.073123,0.005624,1.029026,14:15:01.155333,1.155333333
-0.039290,0.013362,1.032341,14:15:01.156000,1.156000000
-0.030759,0.018716,1.025464,14:15:01.156667,1.156666667
0.016136,0.072233,1.046851,14:15:01.157333,1.157333333
0.105844,0.102178,1.059662,14:15:01.158000,1.158000000
0.190900,0.173199,1.135810,14:15:01.158667,1.158666667
0.078989,0.093592,1.099483,14:15:01.159333,1.159333333
-0.005184,0.069561,1.025264,14:15:01.160000,1.160000000
0.089094,0.038152,1.024178,14:15:01.160667,1.160666667
0.142994,0.089096,1.074176,14:15:01.161333,1.161333333
0.168794,0.105722,1.089947,14:15:01.162000,1.162000000
0.119046,0.061391,1.050121,14:15:01.162667,1.162666667
0.062061,0.002410,1.032573,14:15:01.163333,1.163333333
0.038709,0.005347,0.999081,14:15:01.164000,1.164000000
0.090036,0.032698,1.044521,14:15:01.164667,1.164666667
0.066296,0.041703,1.015201,14:15:01.165333,1.165333333
0.030350,0.028668,1.006135,14:15:01.166000,1.166000000
0.025754,-0.025980,1.010184,14:15:01.166667,1.166666667
0.087840,0.010829,1.036750,14:15:01.167333,1.167333333
0.050384,0.069765,1.045847,14:15:01.168000,1.168000000
0.131095,0.073396,1.058044,14:15:01.168667,1.168666667
0.203849,0.145536,1.072323,14:15:01.169333,1.169333333
0.061485,0.056111,1.004616,14:15:01.170000,1.170000000
0.011391,-0.034021,0.979654,14:15:01.170667,1.170666667
0.047784,-0.003327,0.987578,14:15:01.171333,1.171333333
0.121202,0.044335,0.989110,14:15:01.172000,1.172000000
0.091309,-0.013279,0.963412,14:15:01.172667,1.172666667
0.037142,-0.001107,0.948705,14:15:01.173333,1.173333333
-0.024290,-0.061691,0.938646,14:15:01.174000,1.174000000
-0.005968,-0.057280,0.925995,14:15:01.174667,1.174666667
0.005182,-0.025283,0.935311,14:15:01.175333,1.175333333
-0.032233,-0.036082,0.938915,14:15:01.176000,1.176000000
-0.028718,-0.049102,0.972517,14:15:01.176667,1.176666667
-0.012606,-0.038595,0.990713,14:15:01.177333,1.177333333
-0.015596,0.029488,0.977820,14:15:01.178000,1.178000000
0.053597,0.018612,0.978134,14:15:01.178667,1.178666667
0.136002,0.045280,1.035350,14:15:01.179333,1.179333333
0.108046,0.073942,1.050724,14:15:01.180000,1.180000000
0.011957,-0.035830,0.967484,14:15:01.180667,1.180666667
-0.033282,-0.060987,0.949364,14:15:01.181333,1.181333333
-0.007604,0.004128,0.991586,14:15:01.182000,1.182000000
0.084478,0.007725,1.020085,14:15:01.182667,1.182666667
-0.000026,-0.012241,1.012761,14:15:01.183333,1.183333333
-0.093767,-0.084405,0.962874,14:15:01.184000,1.184000000
-0.101985,-0.075579,0.933398,14:15:01.184667,1.184666667
-0.071389,-0.091944,0.967292,14:15:01.185333,1.185333333
-0.083690,-0.054587,0.991160,14:15:01.186000,1.186000000
-0.117426,-0.075775,0.981148,14:15:01.186667,1.186666667
-0.137932,-0.073954,0.977958,14:15:01.187333,1.187333333
-0.112568,-0.085970,0.988413,14:15:01.188000,1.188000000
-0.100813,-0.036006,1.019600,14:15:01.188667,1.188666667
-0.092777,-0.030559,0.989805,14:15:01.189333,1.189333333
0.076386,0.027781,1.069474,14:15:01.190000,1.190000000
0.019299,0.035695,1.032815,14:15:01.190667,1.190666667
-0.133545,-0.067951,0.983217,14:15:01.191333,1.191333333
-0.134761,-0.041129,0.969340,14:15:01.192000,1.192000000
-0.039770,-0.018955,1.015715,14:15:01.192667,1.192666667
-0.039968,0.001356,1.019228,14:15:01.193333,1.193333333
-0.071692,-0.017110,1.019064,14:15:01.194000,1.194000000
-0.129651,-0.058886,0.953667,14:15:01.194667,1.194666667
-0.130193,-0.058088,0.980010,14:15:01.195333,1.195333333
-0.105315,-0.018953,0.969107,14:15:01.196000,1.196000000
-0.024374,-0.018302,0.985699,14:15:01.196667,1.196666667
-0.069697,0.002656,1.019993,14:15:01.197333,1.197333333
-0.100514,-0.003300,1.025000,14:15:01.198000,1.198000000
-0.018794,0.022271,1.011875,14:15:01.198667,1.198666667
-0.001501,0.065959,1.053085,14:15:01.199333,1.199333333
-0.002263,0.084305,1.061911,14:15:01.200000,1.200000000
0.183923,0.175805,1.140001,14:15:01.200667,1.200666667
0.129611,0.138600,1.076991,14:15:01.201333,1.201333333
-0.001398,0.037670,1.031272,14:15:01.202000,1.202000000
0.018714,0.069739,1.020172,14:15:01.202667,1.202666667
0.124126,0.090603,1.056186,14:15:01.203333,1.203333333
0.134140,0.096057,1.056577,14:15:01.204000,1.204000000
0.098975,0.069565,1.018869,14:15:01.204667,1.204666667
0.022982,0.037644,0.991616,14:15:01.205333,1.205333333
0.067882,0.046403,1.028619,14:15:01.206000,1.206000000
0.052346,0.057612,1.040042,14:15:01.206667,1.206666667
0.052078,0.014457,1.031372,14:15:01.207333,1.207333333
0.007458,0.029688,1.034924,14:15:01.208000,1.208000000
0.028214,-0.001930,1.015487,14:15:01.208667,1.208666667
0.048198,0.015209,1.024603,14:15:01.209333,1.209333333
0.061203,0.053942,1.022877,14:15:01.210000,1.210000000
0.138065,0.088221,1.047898,14:15:01.210667,1.210666667
0.222241,0.162419,1.087289,14:15:01.211333,1.211333333
0.101984,0.058033,1.039174,14:15:01.212000,1.212000000
0.062985,-0.043621,0.981335,14:15:01.212667,1.212666667
0.024487,-0.021697,0.978215,14:15:01.213333,1.213333333
0.117184,0.050822,1.001186,14:15:01.214000,1.214000000
0.129657,0.057963,1.010445,14:15:01.214667,1.214666667
0.034917,-0.007541,0.938416,14:15:01.215333,1.215333333
-0.044953,-0.025227,0.939038,14:15:01.216000,1.216000000
-0.021197,-0.047015,0.933125,14:15:01.216667,1.216666667
0.011193,-0.034749,0.962117,14:15:01.217333,1.217333333
-0.000966,-0.048195,0.962886,14:15:01.218000,1.218000000
-0.066244,-0.035817,0.964178,14:15:01.218667,1.218666667
-0.013191,0.003038,0.951160,14:15:01.219333,1.219333333
-0.001477,-0.057481,0.960347,14:15:01.220000,1.220000000
0.010203,-0.008047,0.977098,14:15:01.220667,1.220666667
0.099160,0.044579,1.038570,14:15:01.221333,1.221333333
0.142978,0.081948,1.064826,14:15:01.222000,1.222000000
0.023473,0.006894,0.997311,14:15:01.222667,1.222666667
-0.065843,-0.060543,0.937751,14:15:01.223333,1.223333333
0.011765,-0.039045,0.997509,14:15:01.224000,1.224000000
0.079500,0.002148,0.998337,14:15:01.224667,1.224666667
0.038965,-0.031636,0.987531,14:15:01.225333,1.225333333
-0.041630,-0.054219,0.968457,14:15:01.226000,1.226000000
-0.079029,-0.087248,0.927940,14:15:01.226667,1.226666667
-0.061079,-0.073085,0.958011,14:15:01.227333,1.227333333
-0.040128,-0.065780,0.987744,14:15:01.228000,1.228000000
-0.101310,-0.105859,1.002484,14:15:01.228667,1.228666667
-0.158534,-0.078284,0.982013,14:15:01.229333,1.229333333
-0.089905,-0.099337,0.981870,14:15:01.230000,1.230000000
-0.073559,-0.055591,1.027282,14:15:01.230667,1.230666667
-0.089867,-0.032824,1.006267,14:15:01.231333,1.231333333
0.013674,0.056447,1.050479,14:15:01.232000,1.232000000
0.004368,0.051385,1.067716,14:15:01.232667,1.232666667
-0.087423,-0.050216,1.004801,14:15:01.233333,1.233333333
-0.160821,-0.072258,0.968424,14:15:01.234000,1.234000000
-0.066374,-0.019713,1.016139,14:15:01.234667,1.234666667
-0.015959,-0.015872,0.998633,14:15:01.235333,1.235333333
-0.059771,-0.018658,0.990210,14:15:01.236000,1.236000000
-0.120811,-0.067387,0.970077,14:15:01.236667,1.236666667
-0.127227,-0.051318,0.992970,14:15:01.237333,1.237333333
-0.106915,-0.035035,0.997848,14:15:01.238000,1.238000000
-0.080624,0.004501,0.999504,14:15:01.238667,1.238666667
-0.104521,-0.029149,0.992565,14:15:01.239333,1.239333333
-0.133765,-0.006268,0.987102,14:15:01.240000,1.240000000
-0.075606,0.020510,1.002408,14:15:01.240667,1.240666667
-0.005523,0.082781,1.052041,14:15:01.241333,1.241333333
0.029158,0.090695,1.034050,14:15:01.242000,1.242000000
0.176906,0.196902,1.104697,14:15:01.242667,1.242666667
0.117479,0.130390,1.110806,14:15:01.243333,1.243333333
-0.003410,0.065334,0.999321,14:15:01.244000,1.244000000
0.027946,0.036976,1.021932,14:15:01.244667,1.244666667
0.138144,0.087193,1.058493,14:15:01.245333,1.245333333
0.131759,0.110727,1.054249,14:15:01.246000,1.246000000
0.103121,0.066407,1.030104,14:15:01.246667,1.246666667
0.017656,0.011464,1.009289,14:15:01.247333,1.247333333
0.017706,0.039218,1.012648,14:15:01.248000,1.248000000
0.048291,0.035674,1.034467,14:15:01.248667,1.248666667
0.089918,0.055909,1.031372,14:15:01.249333,1.249333333
0.029715,0.010352,1.024532,14:15:01.250000,1.250000000
0.004972,0.047697,1.044056,14:15:01.250667,1.250666667
0.032192,0.053147,1.045788,14:15:01.251333,1.251333333
0.063838,0.033720,1.019825,14:15:01.252000,1.252000000
0.086332,0.044015,1.052858,14:15:01.252667,1.252666667
0.215440,0.137330,1.104964,14:15:01.253333,1.253333333
0.139287,0.082468,1.052343,14:15:01.254000,1.254000000
0.045531,-0.045181,0.970448,14:15:01.254667,1.254666667
0.036257,-0.024769,0.963480,14:15:01.255333,1.255333333
0.102516,0.041497,1.000867,14:15:01.256000,1.256000000
0.126347,0.031116,0.992373,14:15:01.256667,1.256666667
0.038907,0.008676,0.973372,14:15:01.257333,1.257333333
-0.005367,-0.053897,0.924936,14:15:01.258000,1.258000000
0.000680,-0.046924,0.944929,14:15:01.258667,1.258666667
0.019141,-0.001115,0.941362,14:15:01.259333,1.259333333
0.009600,-0.022455,0.942613,14:15:01.260000,1.260000000
-0.007742,-0.048313,0.948083,14:15:01.260667,1.260666667
-0.047885,-0.030734,0.958370,14:15:01.261333,1.261333333
0.008841,0.002123,0.964872,14:15:01.262000,1.262000000
0.058351,0.014017,0.975831,14:15:01.262667,1.262666667
0.081772,0.032364,1.021659,14:15:01.263333,1.263333333
0.170329,0.076656,1.052572,14:15:01.264000,1.264000000
0.088522,0.002546,0.990709,14:15:01.264667,1.264666667
-0.060680,-0.015108,0.947948,14:15:01.265333,1.265333333
0.003734,-0.018969,0.956137,14:15:01.266000,1.266000000
0.086526,0.026838,1.008261,14:15:01.266667,1.266666667
0.043956,0.003009,0.953371,14:15:01.267333,1.267333333
-0.011664,-0.073644,0.949844,14:15:01.268000,1.268000000
-0.060197,-0.104748,0.960395,14:15:01.268667,1.268666667
-0.058919,-0.084905,0.953345,14:15:01.269333,1.269333333
-0.040525,-0.054699,0.971240,14:15:01.270000,1.270000000
-0.057378,-0.076338,0.992107,14:15:01.270667,1.270666667
-0.071665,-0.098511,0.961967,14:15:01.271333,1.271333333
-0.101167,-0.087072,0.993291,14:15:01.272000,1.272000000
-0.072402,-0.067687,1.029539,14:15:01.272667,1.272666667
-0.062327,-0.033343,1.000069,14:15:01.273333,1.273333333
0.007032,0.034035,1.032500,14:15:01.274000,1.274000000
0.077601,0.042313,1.055239,14:15:01.274667,1.274666667
-0.062079,-0.050477,0.977438,14:15:01.275333,1.275333333
-0.168140,-0.065863,0.973096,14:15:01.276000,1.276000000
-0.071943,-0.051537,1.006621,14:15:01.276667,1.276666667
-0.017267,0.022000,0.999047,14:15:01.277333,1.277333333
-0.051457,0.007352,0.978972,14:15:01.278000,1.278000000
-0.130573,-0.068557,0.986948,14:15:01.278667,1.278666667
-0.151224,-0.094764,0.970035,14:15:01.279333,1.279333333
-0.131900,-0.051002,0.988449,14:15:01.280000,1.280000000
-0.088773,-0.035309,0.995615,14:15:01.280667,1.280666667
-0.099962,-0.015556,0.991639,14:15:01.281333,1.281333333
-0.079945,-0.016933,0.987847,14:15:01.282000,1.282000000
-0.091022,0.003328,1.020842,14:15:01.282667,1.282666667
-0.037795,0.066107,1.018446,14:15:01.283333,1.283333333
-0.014027,0.056287,1.045124,14:15:01.284000,1.284000000
0.121467,0.142371,1.094851,14:15:01.284667,1.284666667
0.112365,0.145345,1.118373,14:15:01.285333,1.285333333
0.026176,0.062050,1.048875,14:15:01.286000,1.286000000
-0.031608,0.031623,1.014328,14:15:01.286667,1.286666667
0.090461,0.080745,1.068790,14:15:01.287333,1.287333333
0.136645,0.115588,1.058429,14:15:01.288000,1.288000000
0.079049,0.059766,1.061414,14:15:01.288667,1.288666667
0.045689,0.019147,1.041564,14:15:01.289333,1.289333333
-0.003515,0.008371,1.007166,14:15:01.290000,1.290000000
0.057865,0.061378,1.009798,14:15:01.290667,1.290666667
0.054840,0.027886,1.028156,14:15:01.291333,1.291333333
0.048538,0.019233,0.995614,14:15:01.292000,1.292000000
0.036507,0.060172,1.018076,14:15:01.292667,1.292666667
0.054952,0.038095,1.029502,14:15:01.293333,1.293333333
0.086939,0.032093,1.058018,14:15:01.294000,1.294000000
0.090875,0.057664,1.047854,14:15:01.294667,1.294666667
0.221486,0.149840,1.089985,14:15:01.295333,1.295333333
0.211260,0.103324,1.049542,14:15:01.296000,1.296000000
0.077878,0.008015,0.980590,14:15:01.296667,1.296666667
0.043612,0.017919,0.996102,14:15:01.297333,1.297333333
0.106464,0.067126,1.007439,14:15:01.298000,1.298000000
0.130087,0.051013,1.006626,14:15:01.298667,1.298666667
0.072849,-0.002754,0.973426,14:15:01.299333,1.299333333
-0.033738,-0.053498,0.967185,14:15:01.300000,1.300000000
0.000820,-0.037195,0.931876,14:15:01.300667,1.300666667
0.030898,-0.004090,0.965254,14:15:01.301333,1.301333333
0.022640,-0.024072,0.957039,14:15:01.302000,1.302000000
-0.032299,-0.035242,0.960050,14:15:01.302667,1.302666667
0.006961,-0.027248,0.949470,14:15:01.303333,1.303333333
0.009311,-0.017960,0.985272,14:15:01.304000,1.304000000
-0.002182,0.028776,0.976341,14:15:01.304667,1.304666667
0.050325,0.007435,0.984087,14:15:01.305333,1.305333333
0.124636,0.098919,1.045807,14:15:01.306000,1.306000000
0.092037,0.011442,1.006595,14:15:01.306667,1.306666667
-0.015795,-0.036171,0.936627,14:15:01.307333,1.307333333
-0.009452,-0.043749,0.959916,14:15:01.308000,1.308000000
0.048677,0.007147,1.011857,14:15:01.308667,1.308666667
0.045764,0.015299,0.986457,14:15:01.309333,1.309333333
-0.009291,-0.071370,0.956183,14:15:01.310000,1.310000000
-0.037236,-0.090729,0.926515,14:15:01.310667,1.310666667
-0.103682,-0.091437,0.998120,14:15:01.311333,1.311333333
-0.044991,-0.092304,0.978483,14:15:01.312000,1.312000000
-0.026526,-0.061197,0.985384,14:15:01.312667,1.312666667
-0.122194,-0.082845,0.982616,14:15:01.313333,1.313333333
-0.100614,-0.053216,0.986554,14:15:01.314000,1.314000000
-0.067576,-0.052329,0.994531,14:15:01.314667,1.314666667
-0.103677,-0.038079,0.991923,14:15:01.315333,1.315333333
-0.000397,0.016597,1.043504,14:15:01.316000,1.316000000
0.075162,0.039365,1.076803,14:15:01.316667,1.316666667
-0.042549,-0.030582,1.006408,14:15:01.317333,1.317333333
-0.159248,-0.104884,0.976014,14:15:01.318000,1.318000000
-0.115075,-0.038280,0.983756,14:15:01.318667,1.318666667
-0.047376,-0.027289,1.022240,14:15:01.319333,1.319333333
-0.025817,-0.049082,1.014989,14:15:01.320000,1.320000000
-0.099041,-0.052279,0.979905,14:15:01.320667,1.320666667
-0.129322,-0.077540,0.949656,14:15:01.321333,1.321333333
-0.122129,-0.060700,0.967397,14:15:01.322000,1.322000000
-0.085520,-0.063810,0.980925,14:15:01.322667,1.322666667
-0.137958,-0.021015,0.999104,14:15:01.323333,1.323333333
-0.134734,-0.036877,1.011089,14:15:01.324000,1.324000000
-0.078956,-0.033871,0.991921,14:15:01.324667,1.324666667
-0.074474,0.022711,1.025096,14:15:01.325333,1.325333333
-0.011913,0.033816,1.039922,14:15:01.326000,1.326000000
0.084391,0.117103,1.070610,14:15:01.326667,1.326666667
0.097755,0.157636,1.096924,14:15:01.327333,1.327333333
0.008556,0.104206,1.033714,14:15:01.328000,1.328000000
-0.035089,0.016885,1.022010,14:15:01.328667,1.328666667
0.105696,0.062446,1.038730,14:15:01.329333,1.329333333
0.108233,0.112067,1.102408,14:15:01.330000,1.330000000
0.109061,0.065594,1.011833,14:15:01.330667,1.330666667
0.014484,0.020381,1.019313,14:15:01.331333,1.331333333
0.052003,0.018316,1.027174,14:15:01.332000,1.332000000
0.061928,0.071620,1.020985,14:15:01.332667,1.332666667
0.067489,0.007163,1.051705,14:15:01.333333,1.333333333
0.069978,0.048514,1.040982,14:15:01.334000,1.334000000
0.048453,0.028665,1.013767,14:15:01.334667,1.334666667
0.062120,0.046723,1.038111,14:15:01.335333,1.335333333
0.061859,0.073464,1.046771,14:15:01.336000,1.336000000
0.113885,0.087037,1.052800,14:15:01.336667,1.336666667
0.210767,0.165663,1.141825,14:15:01.337333,1.337333333
0.180277,0.131406,1.065174,14:15:01.338000,1.338000000
0.073070,0.031383,1.009154,14:15:01.338667,1.338666667
0.049784,-0.024394,0.969810,14:15:01.339333,1.339333333
0.098557,0.032394,1.001682,14:15:01.340000,1.340000000
0.164519,0.047274,1.015173,14:15:01.340667,1.340666667
0.112014,-0.016699,0.977598,14:15:01.341333,1.341333333
-0.005761,0.018158,0.966047,14:15:01.342000,1.342000000
0.030559,-0.025214,0.923434,14:15:01.342667,1.342666667
0.013939,-0.016804,0.935340,14:15:01.343333,1.343333333
0.003966,-0.020971,0.981863,14:15:01.344000,1.344000000
0.003244,0.000578,0.959382,14:15:01.344667,1.344666667
-0.023125,-0.050079,0.964375,14:15:01.345333,1.345333333
-0.007031,-0.024040,0.964010,14:15:01.346000,1.346000000
0.037207,0.000457,0.999832,14:15:01.346667,1.346666667
0.057264,0.032720,0.984948,14:15:01.347333,1.347333333
0.162111,0.090434,1.042247,14:15:01.348000,1.348000000
0.130508,0.043130,1.014131,14:15:01.348667,1.348666667
0.020407,-0.034731,0.937396,14:15:01.349333,1.349333333
-0.045909,-0.062820,0.932650,14:15:01.350000,1.350000000
0.034308,-0.006257,1.004751,14:15:01.350667,1.350666667
0.083115,0.035631,1.000742,14:15:01.351333,1.351333333
0.035454,-0.053408,0.961512,14:15:01.352000,1.352000000
-0.046525,-0.068357,0.930581,14:15:01.352667,1.352666667
-0.037239,-0.067962,0.959237,14:15:01.353333,1.353333333
0.004516,-0.056728,0.957849,14:15:01.354000,1.354000000
-0.067076,-0.079625,0.959870,14:15:01.354667,1.354666667
-0.092791,-0.062814,0.973662,14:15:01.355333,1.355333333
-0.095872,-0.101725,0.963941,14:15:01.356000,1.356000000
-0.040190,-0.068772,0.982949,14:15:01.356667,1.356666667
-0.021666,-0.038883,0.990072,14:15:01.357333,1.357333333
-0.036284,-0.002607,1.018564,14:15:01.358000,1.358000000
0.088326,0.078449,1.066168,14:15:01.358667,1.358666667
-0.016273,0.012539,1.033624,14:15:01.359333,1.359333333
-0.149321,-0.077596,0.962776,14:15:01.360000,1.360000000
-0.083610,-0.064149,0.972936,14:15:01.360667,1.360666667
-0.035917,-0.008508,1.007604,14:15:01.361333,1.361333333
-0.066034,-0.022681,0.993309,14:15:01.362000,1.362000000
-0.101367,-0.071183,0.975975,14:15:01.362667,1.362666667
-0.141723,-0.058482,0.952674,14:15:01.363333,1.363333333
-0.117396,-0.063709,0.972609,14:15:01.364000,1.364000000
-0.117418,-0.053903,0.981396,14:15:01.364667,1.364666667
-0.106358,-0.072447,0.973114,14:15:01.365333,1.365333333
-0.129782,-0.011821,0.996165,14:15:01.366000,1.366000000
-0.120001,-0.053240,1.011454,14:15:01.366667,1.366666667
-0.054103,0.049084,1.017147,14:15:01.367333,1.367333333
-0.049926,0.063520,1.029536,14:15:01.368000,1.368000000
0.007746,0.083853,1.093571,14:15:01.368667,1.368666667
0.125614,0.136093,1.120148,14:15:01.369333,1.369333333
-0.014317,0.038558,1.029942,14:15:01.370000,1.370000000
-0.059142,-0.002457,1.007672,14:15:01.370667,1.370666667
0.029063,0.039946,1.039167,14:15:01.371333,1.371333333
0.108197,0.101057,1.063660,14:15:01.372000,1.372000000
0.079433,0.077573,1.088807,14:15:01.372667,1.372666667
0.017123,0.016961,1.014365,14:15:01.373333,1.373333333
0.019067,0.055045,1.033037,14:15:01.374000,1.374000000
0.023824,0.037429,1.030151,14:15:01.374667,1.374666667
0.024937,0.029715,1.052597,14:15:01.375333,1.375333333
0.038181,0.039036,1.048872,14:15:01.376000,1.376000000
0.041697,0.020932,1.044048,14:15:01.376667,1.376666667
0.047899,0.017082,1.023075,14:15:01.377333,1.377333333
0.067910,0.045780,1.039697,14:15:01.378000,1.378000000
0.119902,0.060093,1.018400,14:15:01.378667,1.378666667
0.200984,0.172704,1.147654,14:15:01.379333,1.379333333
0.205939,0.123811,1.114865,14:15:01.380000,1.380000000
0.068713,0.063488,1.024005,14:15:01.380667,1.380666667
0.031597,0.018037,1.021100,14:15:01.381333,1.381333333
0.112138,0.019759,1.015490,14:15:01.382000,1.382000000
0.142850,0.079905,1.025143,14:15:01.382667,1.382666667
0.107772,0.038206,0.988319,14:15:01.383333,1.383333333
0.022688,-0.032789,0.945746,14:15:01.384000,1.384000000
0.010992,-0.051061,0.944204,14:15:01.384667,1.384666667
0.012565,-0.058744,0.953509,14:15:01.385333,1.385333333
0.025887,-0.015661,0.971076,14:15:01.386000,1.386000000
-0.014100,-0.034439,0.959592,14:15:01.386667,1.386666667
-0.017640,-0.006752,0.940773,14:15:01.387333,1.387333333
-0.010809,-0.021554,0.970301,14:15:01.388000,1.388000000
0.044933,-0.011531,0.964257,14:15:01.388667,1.388666667
0.047366,0.006869,0.979396,14:15:01.389333,1.389333333
0.138491,0.104485,1.056723,14:15:01.390000,1.390000000
0.156805,0.056820,1.012426,14:15:01.390667,1.390666667
-0.002658,-0.032943,0.969910,14:15:01.391333,1.391333333
-0.021892,-0.036724,0.946321,14:15:01.392000,1.392000000
0.027036,0.007154,0.982273,14:15:01.392667,1.392666667
0.089343,0.030468,0.996794,14:15:01.393333,1.393333333
0.028663,0.010157,0.958469,14:15:01.394000,1.394000000
-0.033224,-0.097213,0.931215,14:15:01.394667,1.394666667
-0.053825,-0.062798,0.943512,14:15:01.395333,1.395333333
-0.031019,-0.046059,0.957103,14:15:01.396000,1.396000000
-0.023421,-0.059040,0.960765,14:15:01.396667,1.396666667
-0.077504,-0.087237,0.985778,14:15:01.397333,1.397333333
-0.079080,-0.065809,0.966263,14:15:01.398000,1.398000000
-0.028751,-0.057078,0.975993,14:15:01.398667,1.398666667
-0.043835,-0.044786,1.003043,14:15:01.399333,1.399333333
-0.030666,-0.063666,1.021036,14:15:01.400000,1.400000000
0.103487,0.068584,1.064129,14:15:01.400667,1.400666667
0.005891,0.007129,1.027069,14:15:01.401333,1.401333333
-0.089050,-0.087065,0.962461,14:15:01.402000,1.402000000
-0.079343,-0.077809,1.005186,14:15:01.402667,1.402666667
-0.062892,-0.039397,0.990678,14:15:01.403333,1.403333333
-0.032244,-0.017728,1.004971,14:15:01.404000,1.404000000
-0.083461,-0.053744,0.957891,14:15:01.404667,1.404666667
-0.171853,-0.069299,0.980819,14:15:01.405333,1.405333333
-0.155163,-0.070923,0.952004,14:15:01.406000,1.406000000
-0.160284,-0.058670,0.969174,14:15:01.406667,1.406666667
-0.133798,-0.062586,1.002987,14:15:01.407333,1.407333333
-0.116008,-0.041191,0.987973,14:15:01.408000,1.408000000
-0.096155,-0.049958,1.000599,14:15:01.408667,1.408666667
-0.112127,-0.017876,1.005533,14:15:01.409333,1.409333333
-0.082363,0.007259,1.025857,14:15:01.410000,1.410000000
-0.012147,0.079789,1.064464,14:15:01.410667,1.410666667
0.121709,0.129930,1.126956,14:15:01.411333,1.411333333
0.015838,0.096736,1.073000,14:15:01.412000,1.412000000
-0.048914,0.003044,0.991015,14:15:01.412667,1.412666667
-0.031902,0.001247,1.008515,14:15:01.413333,1.413333333
0.058750,0.087711,1.046073,14:15:01.414000,1.414000000
0.052355,0.079227,1.039914,14:15:01.414667,1.414666667
0.044631,0.049073,1.015929,14:15:01.415333,1.415333333
-0.003253,0.018650,1.023131,14:15:01.416000,1.416000000
0.017977,0.029599,1.042143,14:15:01.416667,1.416666667
0.050314,0.071715,1.039240,14:15:01.417333,1.417333333
0.010581,0.038011,1.058853,14:15:01.418000,1.418000000
0.018967,0.032162,1.030675,14:15:01.418667,1.418666667
0.016675,0.056750,1.029897,14:15:01.419333,1.419333333
0.078611,0.075233,1.049812,14:15:01.420000,1.420000000
0.094998,0.057872,1.062666,14:15:01.420667,1.420666667
0.193098,0.142422,1.076399,14:15:01.421333,1.421333333
0.229585,0.130069,1.133946,14:15:01.422000,1.422000000
0.136882,0.082655,1.063388,14:15:01.422667,1.422666667
0.074710,0.011952,0.983970,14:15:01.423333,1.423333333
0.090565,0.014373,1.015542,14:15:01.424000,1.424000000
0.180645,0.093257,1.022067,14:15:01.424667,1.424666667
0.107509,0.053214,1.042134,14:15:01.425333,1.425333333
0.043505,-0.011324,0.996034,14:15:01.426000,1.426000000
-0.006804,0.004491,0.944841,14:15:01.426667,1.426666667
-0.002558,-0.014751,0.983408,14:15:01.427333,1.427333333
0.029869,0.008751,0.962617,14:15:01.428000,1.428000000
0.024747,-0.017158,0.952069,14:15:01.428667,1.428666667
-0.002299,-0.041529,0.964048,14:15:01.429333,1.429333333
-0.018263,-0.041224,0.970837,14:15:01.430000,1.430000000
0.028967,0.010175,0.990090,14:15:01.430667,1.430666667
0.014139,0.006997,0.998263,14:15:01.431333,1.431333333
0.143006,0.049398,1.031840,14:15:01.432000,1.432000000
0.207906,0.069565,1.033626,14:15:01.432667,1.432666667
0.005443,-0.007665,0.980209,14:15:01.433333,1.433333333
-0.049784,-0.032716,0.936197,14:15:01.434000,1.434000000
0.051397,-0.023390,0.961896,14:15:01.434667,1.434666667
0.076419,0.025780,0.980071,14:15:01.435333,1.435333333
0.066618,-0.006355,0.978169,14:15:01.436000,1.436000000
-0.032864,-0.073564,0.968490,14:15:01.436667,1.436666667
-0.012799,-0.069619,0.932278,14:15:01.437333,1.437333333
-0.042706,-0.042839,0.952540,14:15:01.438000,1.438000000
-0.008545,-0.022241,0.988665,14:15:01.438667,1.438666667
-0.043089,-0.085308,0.959291,14:15:01.439333,1.439333333
-0.086768,-0.049883,0.981744,14:15:01.440000,1.440000000
-0.078243,-0.061654,0.991687,14:15:01.440667,1.440666667
-0.043599,-0.053489,1.014587,14:15:01.441333,1.441333333
-0.012480,-0.036069,1.023389,14:15:01.442000,1.442000000
0.079647,0.045302,1.071362,14:15:01.442667,1.442666667
0.032339,0.039501,1.059675,14:15:01.443333,1.443333333
-0.070443,-0.105680,0.960642,14:15:01.444000,1.444000000
-0.072111,-0.088146,0.957208,14:15:01.444667,1.444666667
-0.046764,-0.058711,0.999821,14:15:01.445333,1.445333333
-0.001586,-0.018895,1.026496,14:15:01.446000,1.446000000
-0.057535,-0.022280,0.961755,14:15:01.446667,1.446666667
-0.099571,-0.097675,0.967139,14:15:01.447333,1.447333333
-0.140713,-0.090998,0.961689,14:15:01.448000,1.448000000
-0.122517,-0.054796,0.981349,14:15:01.448667,1.448666667
-0.139242,-0.058469,0.965028,14:15:01.449333,1.449333333
-0.140585,-0.080096,0.982465,14:15:01.450000,1.450000000
-0.155561,-0.061037,0.996699,14:15:01.450667,1.450666667
-0.094263,-0.028099,1.002271,14:15:01.451333,1.451333333
-0.074908,0.014880,1.006050,14:15:01.452000,1.452000000
-0.054621,0.040363,1.040847,14:15:01.452667,1.452666667
0.093074,0.149276,1.105877,14:15:01.453333,1.453333333
0.022190,0.098108,1.096878,14:15:01.454000,1.454000000
-0.046496,0.005102,0.989027,14:15:01.454667,1.454666667
-0.038822,0.012623,0.985895,14:15:01.455333,1.455333333
0.029817,0.081108,1.054949,14:15:01.456000,1.456000000
0.073146,0.084375,1.048136,14:15:01.456667,1.456666667
-0.012339,0.052756,1.031758,14:15:01.457333,1.457333333
-0.033939,0.018122,0.994577,14:15:01.458000,1.458000000
0.000370,0.029541,0.992286,14:15:01.458667,1.458666667
0.061925,0.032255,1.043515,14:15:01.459333,1.459333333
0.053560,0.075700,1.041217,14:15:01.460000,1.460000000
0.039754,0.045773,1.033177,14:15:01.460667,1.460666667
0.048975,0.049201,1.027907,14:15:01.461333,1.461333333
0.040728,0.060507,1.054495,14:15:01.462000,1.462000000
0.109565,0.120777,1.054829,14:15:01.462667,1.462666667
0.160953,0.107728,1.091861,14:15:01.463333,1.463333333
0.239476,0.177527,1.137672,14:15:01.464000,1.464000000
0.175350,0.047783,1.063572,14:15:01.464667,1.464666667
0.023363,0.012499,1.007683,14:15:01.465333,1.465333333
0.072220,0.033452,1.016826,14:15:01.466000,1.466000000
0.130946,0.061022,1.032114,14:15:01.466667,1.466666667
0.129850,0.051128,1.026055,14:15:01.467333,1.467333333
0.053277,0.019074,0.959278,14:15:01.468000,1.468000000
0.015389,-0.016237,0.981681,14:15:01.468667,1.468666667
0.040920,-0.027729,0.961266,14:15:01.469333,1.469333333
0.060053,0.011193,0.984608,14:15:01.470000,1.470000000
0.006870,0.022070,0.964365,14:15:01.470667,1.470666667
0.003652,0.015201,0.948447,14:15:01.471333,1.471333333
-0.027589,-0.014276,0.979985,14:15:01.472000,1.472000000
0.021628,-0.017953,1.009911,14:15:01.472667,1.472666667
0.029420,-0.000939,1.009288,14:15:01.473333,1.473333333
0.134918,0.107942,1.035160,14:15:01.474000,1.474000000
0.185927,0.090095,1.036277,14:15:01.474667,1.474666667
0.045480,-0.015713,0.964284,14:15:01.475333,1.475333333
-0.057393,-0.050251,0.939682,14:15:01.476000,1.476000000
0.043598,-0.011030,0.987398,14:15:01.476667,1.476666667
0.126227,0.038504,1.015595,14:15:01.477333,1.477333333
0.046109,0.006679,0.992257,14:15:01.478000,1.478000000
-0.050125,-0.068655,0.949455,14:15:01.478667,1.478666667
-0.043109,-0.078087,0.946639,14:15:01.479333,1.479333333
0.000472,-0.065961,0.964238,14:15:01.480000,1.480000000
0.017432,-0.050138,0.956893,14:15:01.480667,1.480666667
-0.022595,-0.056728,0.957677,14:15:01.481333,1.481333333
-0.041566,-0.044253,0.962692,14:15:01.482000,1.482000000
-0.041099,-0.054059,0.981809,14:15:01.482667,1.482666667
-0.024208,-0.025895,1.007432,14:15:01.483333,1.483333333
-0.023974,-0.027809,1.012848,14:15:01.484000,1.484000000
0.065478,0.048346,1.084859,14:15:01.484667,1.484666667
0.061858,0.045859,1.064721,14:15:01.485333,1.485333333
-0.063724,-0.052683,0.970285,14:15:01.486000,1.486000000
-0.086696,-0.085095,0.944107,14:15:01.486667,1.486666667
-0.013795,-0.031768,0.986417,14:15:01.487333,1.487333333
-0.011504,-0.017922,1.010622,14:15:01.488000,1.488000000
-0.052180,-0.019707,0.986766,14:15:01.488667,1.488666667
-0.140992,-0.132353,0.933947,14:15:01.489333,1.489333333
-0.122018,-0.090556,0.961054,14:15:01.490000,1.490000000
-0.102410,-0.079086,0.979059,14:15:01.490667,1.490666667
-0.135841,-0.058764,0.975050,14:15:01.491333,1.491333333
-0.153864,-0.070538,0.983445,14:15:01.492000,1.492000000
-0.135151,-0.061695,0.988061,14:15:01.492667,1.492666667
-0.122017,-0.016238,1.007826,14:15:01.493333,1.493333333
-0.075861,0.014016,1.015489,14:15:01.494000,1.494000000
-0.053953,0.017155,1.022774,14:15:01.494667,1.494666667
0.059095,0.117351,1.111366,14:15:01.495333,1.495333333
0.028688,0.066390,1.066491,14:15:01.496000,1.496000000
-0.066242,0.015517,1.026845,14:15:01.496667,1.496666667
-0.078323,0.020313,0.983150,14:15:01.497333,1.497333333
0.018582,0.051927,1.019266,14:15:01.498000,1.498000000
0.040184,0.072425,1.041814,14:15:01.498667,1.498666667
0.041005,0.069235,1.009119,14:15:01.499333,1.499333333
-0.031107,0.011613,1.022259,14:15:01.500000,1.500000000
-0.002891,0.029887,0.999528,14:15:01.500667,1.500666667
0.038131,0.028475,1.016799,14:15:01.501333,1.501333333
0.015691,0.036740,1.000582,14:15:01.502000,1.502000000
0.021509,0.037216,1.021637,14:15:01.502667,1.502666667
0.005471,0.062198,1.055791,14:15:01.503333,1.503333333
0.054508,0.036607,1.040850,14:15:01.504000,1.504000000
0.074457,0.052164,1.042269,14:15:01.504667,1.504666667
0.114455,0.105761,1.078181,14:15:01.505333,1.505333333
0.240042,0.203687,1.127954,14:15:01.506000,1.506000000
0.158135,0.128167,1.066238,14:15:01.506667,1.506666667
0.057049,0.010821,1.013082,14:15:01.507333,1.507333333
0.094566,0.058747,1.020447,14:15:01.508000,1.508000000
0.098882,0.069343,1.039523,14:15:01.508667,1.508666667
0.144592,0.084748,1.059735,14:15:01.509333,1.509333333
0.042671,0.003903,0.998154,14:15:01.510000,1.510000000
0.039729,-0.048253,0.999755,14:15:01.510667,1.510666667
-0.015861,-0.042695,0.972031,14:15:01.511333,1.511333333
0.038662,-0.002814,0.995768,14:15:01.512000,1.512000000
-0.006672,-0.011669,0.995387,14:15:01.512667,1.512666667
-0.027191,-0.055827,0.950467,14:15:01.513333,1.513333333
0.002263,-0.012737,0.970005,14:15:01.514000,1.514000000
-0.009580,0.037313,0.994788,14:15:01.514667,1.514666667
0.086178,0.021168,0.998323,14:15:01.515333,1.515333333
0.121666,0.084582,1.026279,14:15:01.516000,1.516000000
0.173842,0.095794,1.043789,14:15:01.516667,1.516666667
0.061564,0.045472,0.969376,14:15:01.517333,1.517333333
-0.013889,-0.053173,0.945931,14:15:01.518000,1.518000000
0.048140,-0.045153,0.973108,14:15:01.518667,1.518666667
0.091127,0.032756,0.974551,14:15:01.519333,1.519333333
0.067851,0.032014,0.976019,14:15:01.520000,1.520000000
0.022654,-0.048923,0.945181,14:15:01.520667,1.520666667
-0.042886,-0.070887,0.933733,14:15:01.521333,1.521333333
-0.010919,-0.044546,0.928097,14:15:01.522000,1.522000000
0.014847,-0.039781,0.957179,14:15:01.522667,1.522666667
-0.027311,-0.056602,0.974804,14:15:01.523333,1.523333333
-0.052987,-0.024797,0.974396,14:15:01.524000,1.524000000
-0.015322,-0.061853,0.959114,14:15:01.524667,1.524666667
-0.020184,-0.034607,0.998966,14:15:01.525333,1.525333333
-0.000090,-0.017712,1.014634,14:15:01.526000,1.526000000
0.082878,0.057736,1.047123,14:15:01.526667,1.526666667
0.094044,0.036812,1.039518,14:15:01.527333,1.527333333
-0.060356,-0.015948,0.982086,14:15:01.528000,1.528000000
-0.080598,-0.068363,0.963110,14:15:01.528667,1.528666667
-0.024273,-0.058589,1.001922,14:15:01.529333,1.529333333
0.021385,-0.006436,1.018626,14:15:01.530000,1.530000000
-0.067759,-0.033071,1.010037,14:15:01.530667,1.530666667
-0.087770,-0.051795,0.970311,14:15:01.531333,1.531333333
-0.144271,-0.111755,0.966748,14:15:01.532000,1.532000000
-0.105454,-0.081773,0.966280,14:15:01.532667,1.532666667
-0.100304,-0.064176,0.958064,14:15:01.533333,1.533333333
-0.121170,-0.047998,0.976166,14:15:01.534000,1.534000000
-0.143278,-0.087103,0.986205,14:15:01.534667,1.534666667
-0.163485,-0.033796,1.001853,14:15:01.535333,1.535333333
-0.113957,-0.066987,0.984045,14:15:01.536000,1.536000000
-0.094405,0.008546,1.027582,14:15:01.536667,1.536666667
0.075869,0.119437,1.077836,14:15:01.537333,1.537333333
0.061221,0.093509,1.061209,14:15:01.538000,1.538000000
-0.084630,-0.007014,0.995401,14:15:01.538667,1.538666667
-0.092690,-0.015150,1.020925,14:15:01.539333,1.539333333
0.012173,0.038869,1.008504,14:15:01.540000,1.540000000
0.043446,0.083291,1.046352,14:15:01.540667,1.540666667
-0.014117,0.056076,1.012180,14:15:01.541333,1.541333333
-0.046756,-0.002253,1.006027,14:15:01.542000,1.542000000
-0.025550,0.004754,0.998772,14:15:01.542667,1.542666667
-0.031698,0.050031,1.016274,14:15:01.543333,1.543333333
0.024469,0.088431,1.048860,14:15:01.544000,1.544000000
0.006730,0.038808,1.021387,14:15:01.544667,1.544666667
-0.014815,0.018535,1.050527,14:15:01.545333,1.545333333
0.038011,0.115902,1.033589,14:15:01.546000,1.546000000
0.063343,0.057907,1.036836,14:15:01.546667,1.546666667
0.048630,0.080427,1.075584,14:15:01.547333,1.547333333
0.235080,0.195590,1.108960,14:15:01.548000,1.548000000
0.142934,0.112829,1.129411,14:15:01.548667,1.548666667
0.088573,0.050489,1.016054,14:15:01.549333,1.549333333
0.065956,0.024601,1.037188,14:15:01.550000,1.550000000
0.148340,0.083849,1.007687,14:15:01.550667,1.550666667
0.153360,0.091077,1.045045,14:15:01.551333,1.551333333
0.082396,0.025006,1.003432,14:15:01.552000,1.552000000
0.024132,-0.032607,0.967914,14:15:01.552667,1.552666667
0.047090,-0.025829,1.002562,14:15:01.553333,1.553333333
0.062981,-0.002035,0.978170,14:15:01.554000,1.554000000
0.033419,0.011218,0.991429,14:15:01.554667,1.554666667
-0.008396,-0.020256,0.981622,14:15:01.555333,1.555333333
0.004996,0.000758,0.962760,14:15:01.556000,1.556000000
0.040960,0.008638,0.979968,14:15:01.556667,1.556666667
0.060491,0.020759,1.002511,14:15:01.557333,1.557333333
0.064899,0.046063,1.007052,14:15:01.558000,1.558000000
0.192209,0.115136,1.049179,14:15:01.558667,1.558666667
0.071823,0.045851,0.982614,14:15:01.559333,1.559333333
-0.029032,-0.019319,0.934930,14:15:01.560000,1.560000000
0.023384,-0.026530,0.943683,14:15:01.560667,1.560666667
0.093862,0.045652,0.999188,14:15:01.561333,1.561333333
0.078610,0.025532,0.979296,14:15:01.562000,1.562000000
0.013208,-0.037756,0.954903,14:15:01.562667,1.562666667
-0.017534,-0.060901,0.911810,14:15:01.563333,1.563333333
-0.019506,-0.026103,0.939132,14:15:01.564000,1.564000000
-0.011692,-0.056013,0.969485,14:15:01.564667,1.564666667
-0.012197,-0.061296,0.954129,14:15:01.565333,1.565333333
-0.060182,-0.080843,0.979513,14:15:01.566000,1.566000000
-0.057982,-0.041910,0.972541,14:15:01.566667,1.566666667
-0.015619,-0.007773,0.979984,14:15:01.567333,1.567333333
0.001367,0.000354,0.987148,14:15:01.568000,1.568000000
0.062520,0.031097,1.044284,14:15:01.568667,1.568666667
0.111739,0.050604,1.071174,14:15:01.569333,1.569333333
-0.006380,-0.020306,1.006080,14:15:01.570000,1.570000000
-0.083936,-0.086738,0.977480,14:15:01.570667,1.570666667
-0.037084,-0.068374,1.000095,14:15:01.571333,1.571333333
0.029843,0.001541,1.003566,14:15:01.572000,1.572000000
-0.030445,-0.040794,1.031997,14:15:01.572667,1.572666667
-0.078475,-0.087505,0.960196,14:15:01.573333,1.573333333
-0.132172,-0.096653,0.980260,14:15:01.574000,1.574000000
-0.139330,-0.107996,0.990905,14:15:01.574667,1.574666667
-0.089346,-0.082070,0.980505,14:15:01.575333,1.575333333
-0.138735,-0.078239,0.982246,14:15:01.576000,1.576000000
-0.150051,-0.094920,0.979612,14:15:01.576667,1.576666667
-0.107073,-0.029573,0.999926,14:15:01.577333,1.577333333
-0.063452,-0.005501,0.998500,14:15:01.578000,1.578000000
-0.095479,0.001281,1.033456,14:15:01.578667,1.578666667
0.045008,0.050321,1.082900,14:15:01.579333,1.579333333
0.048214,0.068733,1.081951,14:15:01.580000,1.580000000
-0.080400,0.020181,0.994432,14:15:01.580667,1.580666667
-0.136351,-0.052142,0.987855,14:15:01.581333,1.581333333
-0.046894,0.000454,1.009702,14:15:01.582000,1.582000000
0.028210,0.030802,1.017602,14:15:01.582667,1.582666667
0.010045,0.056844,1.046333,14:15:01.583333,1.583333333
-0.049413,0.025357,0.995053,14:15:01.584000,1.584000000
-0.068436,0.007090,1.016823,14:15:01.584667,1.584666667
-0.003591,0.029421,1.015638,14:15:01.585333,1.585333333
-0.008328,0.061677,1.036024,14:15:01.586000,1.586000000
-0.014119,0.036396,1.028552,14:15:01.586667,1.586666667
-0.034151,0.027189,1.016792,14:15:01.587333,1.587333333
0.053687,0.027872,1.052525,14:15:01.588000,1.588000000
0.069682,0.078306,1.061896,14:15:01.588667,1.588666667
0.097349,0.099373,1.071025,14:15:01.589333,1.589333333
0.225420,0.187149,1.120604,14:15:01.590000,1.590000000
0.150169,0.169830,1.107377,14:15:01.590667,1.590666667
0.101429,0.048455,1.030416,14:15:01.591333,1.591333333
0.074009,0.000700,1.010130,14:15:01.592000,1.592000000
0.141766,0.051393,1.045857,14:15:01.592667,1.592666667
0.154052,0.087157,1.030439,14:15:01.593333,1.593333333
0.094908,0.036183,1.057704,14:15:01.594000,1.594000000
0.030941,0.008901,0.984096,14:15:01.594667,1.594666667
0.027489,-0.013699,0.977593,14:15:01.595333,1.595333333
0.043148,-0.000205,0.992187,14:15:01.596000,1.596000000
0.057301,0.017998,0.984099,14:15:01.596667,1.596666667
0.025982,-0.032771,0.981266,14:15:01.597333,1.597333333
-0.016676,0.006511,0.974715,14:15:01.598000,1.598000000
0.049080,0.003941,0.978221,14:15:01.598667,1.598666667
0.042613,0.034918,0.995665,14:15:01.599333,1.599333333
0.043664,0.037806,0.997041,14:15:01.600000,1.600000000
0.201080,0.134194,1.054125,14:15:01.600667,1.600666667
0.146618,0.051588,1.022962,14:15:01.601333,1.601333333
0.034505,-0.012409,0.957085,14:15:01.602000,1.602000000
0.022561,-0.027415,0.936123,14:15:01.602667,1.602666667
0.109481,0.046890,0.963486,14:15:01.603333,1.603333333
0.088827,0.016444,0.986894,14:15:01.604000,1.604000000
0.026041,-0.019514,0.957182,14:15:01.604667,1.604666667
-0.039291,-0.065667,0.931150,14:15:01.605333,1.605333333
-0.018299,-0.077399,0.939977,14:15:01.606000,1.606000000
0.009350,-0.012699,0.947273,14:15:01.606667,1.606666667
-0.014371,-0.014885,0.985054,14:15:01.607333,1.607333333
-0.042521,-0.039307,0.963374,14:15:01.608000,1.608000000
-0.049547,-0.019712,0.959530,14:15:01.608667,1.608666667
-0.014059,-0.036009,0.974183,14:15:01.609333,1.609333333
0.012082,-0.044365,0.980249,14:15:01.610000,1.610000000
0.035253,-0.005246,0.995736,14:15:01.610667,1.610666667
0.171051,0.085314,1.035944,14:15:01.611333,1.611333333
0.018048,-0.011208,1.025059,14:15:01.612000,1.612000000
-0.036595,-0.069270,0.960549,14:15:01.612667,1.612666667
-0.025839,-0.055665,0.979839,14:15:01.613333,1.613333333
0.047249,-0.009311,0.999993,14:15:01.614000,1.614000000
-0.001386,-0.000650,1.012210,14:15:01.614667,1.614666667
-0.075675,-0.090187,0.968283,14:15:01.615333,1.615333333
-0.113527,-0.097102,0.966865,14:15:01.616000,1.616000000
-0.119812,-0.090981,0.960645,14:15:01.616667,1.616666667
-0.082442,-0.048365,0.983644,14:15:01.617333,1.617333333
-0.152465,-0.067735,1.001364,14:15:01.618000,1.618000000
-0.156801,-0.083509,0.979874,14:15:01.618667,1.618666667
-0.146122,-0.068870,0.987838,14:15:01.619333,1.619333333
-0.126205,-0.050439,0.997658,14:15:01.620000,1.620000000
-0.104143,-0.000854,1.007276,14:15:01.620667,1.620666667
0.006467,0.036897,1.058679,14:15:01.621333,1.621333333
0.037207,0.104142,1.115817,14:15:01.622000,1.622000000
-0.036061,-0.011492,1.010501,14:15:01.622667,1.622666667
-0.106529,-0.064759,0.987338,14:15:01.623333,1.623333333
-0.079932,-0.001899,0.990349,14:15:01.624000,1.624000000
0.024390,0.045521,1.040941,14:15:01.624667,1.624666667
0.006022,0.057515,1.013689,14:15:01.625333,1.625333333
-0.054028,-0.011653,1.019827,14:15:01.626000,1.626000000
-0.070140,-0.041048,0.978806,14:15:01.626667,1.626666667
-0.008294,0.025828,0.995521,14:15:01.627333,1.627333333
0.001102,0.024450,1.041419,14:15:01.628000,1.628000000
-0.006543,0.026155,1.016252,14:15:01.628667,1.628666667
-0.037350,0.018171,1.019706,14:15:01.629333,1.629333333
-0.007400,0.066781,1.066233,14:15:01.630000,1.630000000
0.055443,0.071828,1.050275,14:15:01.630667,1.630666667
0.045708,0.073298,1.062459,14:15:01.631333,1.631333333
0.213411,0.160515,1.101510,14:15:01.632000,1.632000000
0.220138,0.160284,1.095842,14:15:01.632667,1.632666667
0.090872,0.051451,1.056238,14:15:01.633333,1.633333333
0.047831,0.058508,1.017341,14:15:01.634000,1.634000000
0.098193,0.070618,1.032559,14:15:01.634667,1.634666667
0.167654,0.086380,1.028139,14:15:01.635333,1.635333333
0.088162,0.040807,1.050576,14:15:01.636000,1.636000000
0.068858,0.017539,0.985394,14:15:01.636667,1.636666667
0.036633,0.005031,0.963301,14:15:01.637333,1.637333333
0.082512,0.002905,0.995101,14:15:01.638000,1.638000000
0.039776,0.008198,1.006083,14:15:01.638667,1.638666667
0.003099,0.031538,1.007928,14:15:01.639333,1.639333333
0.049391,-0.009886,0.995277,14:15:01.640000,1.640000000
0.028922,0.020604,0.975805,14:15:01.640667,1.640666667
0.067391,-0.007063,0.981835,14:15:01.641333,1.641333333
0.109604,0.027751,1.003697,14:15:01.642000,1.642000000
0.189966,0.128609,1.061895,14:15:01.642667,1.642666667
0.136502,0.072373,1.022679,14:15:01.643333,1.643333333
0.016352,0.004799,0.954642,14:15:01.644000,1.644000000
-0.009274,-0.017926,0.955171,14:15:01.644667,1.644666667
0.064924,0.036678,0.975302,14:15:01.645333,1.645333333
0.101506,0.039484,0.968912,14:15:01.646000,1.646000000
0.070061,-0.041691,0.941526,14:15:01.646667,1.646666667
-0.018885,-0.059205,0.926248,14:15:01.647333,1.647333333
-0.022790,-0.024772,0.949193,14:15:01.648000,1.648000000
0.031003,-0.026592,0.942611,14:15:01.648667,1.648666667
-0.007274,-0.008208,0.953383,14:15:01.649333,1.649333333
-0.043974,-0.027414,0.982172,14:15:01.650000,1.650000000
-0.052588,-0.037123,0.976353,14:15:01.650667,1.650666667
-0.020520,-0.031605,0.940978,14:15:01.651333,1.651333333
0.015865,-0.020671,0.999747,14:15:01.652000,1.652000000
0.014288,-0.043628,0.994219,14:15:01.652667,1.652666667
0.148427,0.078573,1.074942,14:15:01.653333,1.653333333
0.069527,0.020764,1.023746,14:15:01.654000,1.654000000
-0.058163,-0.060789,0.970555,14:15:01.654667,1.654666667
-0.036632,-0.059296,0.964701,14:15:01.655333,1.655333333
0.015116,-0.014418,0.989669,14:15:01.656000,1.656000000
0.007864,-0.008350,1.008237,14:15:01.656667,1.656666667
-0.054229,-0.065433,0.971855,14:15:01.657333,1.657333333
-0.118058,-0.075807,0.925350,14:15:01.658000,1.658000000
-0.123254,-0.092436,0.956823,14:15:01.658667,1.658666667
-0.089691,-0.098646,0.986053,14:15:01.659333,1.659333333
-0.129900,-0.085419,0.963934,14:15:01.660000,1.660000000
-0.098037,-0.104053,0.966116,14:15:01.660667,1.660666667
-0.132701,-0.084289,0.980831,14:15:01.661333,1.661333333
-0.116909,-0.052592,0.989571,14:15:01.662000,1.662000000
-0.074014,-0.020287,1.030061,14:15:01.662667,1.662666667
-0.026154,-0.005423,1.019856,14:15:01.663333,1.663333333
0.047327,0.090401,1.088268,14:15:01.664000,1.664000000
-0.038706,-0.003773,1.015488,14:15:01.664667,1.664666667
-0.129497,-0.052777,0.994950,14:15:01.665333,1.665333333
-0.088230,-0.022516,1.004133,14:15:01.666000,1.666000000
-0.000158,0.045963,1.015665,14:15:01.666667,1.666666667
0.002309,0.026750,1.030778,14:15:01.667333,1.667333333
-0.076720,0.022194,0.983213,14:15:01.668000,1.668000000
-0.082372,-0.002475,1.002343,14:15:01.668667,1.668666667
-0.062607,0.022806,0.999731,14:15:01.669333,1.669333333
-0.034926,0.044516,1.011707,14:15:01.670000,1.670000000
-0.025562,0.006352,1.022536,14:15:01.670667,1.670666667
-0.053132,0.050145,1.009512,14:15:01.671333,1.671333333
-0.010581,0.030936,1.044794,14:15:01.672000,1.672000000
0.041850,0.072356,1.044290,14:15:01.672667,1.672666667
0.045903,0.086550,1.061121,14:15:01.673333,1.673333333
0.152332,0.135716,1.117369,14:15:01.674000,1.674000000
0.231165,0.185241,1.114381,14:15:01.674667,1.674666667
0.077883,0.099569,1.052405,14:15:01.675333,1.675333333
0.025015,0.035173,1.032220,14:15:01.676000,1.676000000
0.109956,0.065259,1.037728,14:15:01.676667,1.676666667
0.148997,0.111397,1.048849,14:15:01.677333,1.677333333
0.121296,0.081627,1.051600,14:15:01.678000,1.678000000
0.095192,0.026296,1.000409,14:15:01.678667,1.678666667
0.028958,0.013102,0.993666,14:15:01.679333,1.679333333
0.066433,0.032512,1.009653,14:15:01.680000,1.680000000
0.050202,0.034940,1.013577,14:15:01.680667,1.680666667
0.029348,-0.024112,0.991993,14:15:01.681333,1.681333333
0.011192,-0.021850,1.008515,14:15:01.682000,1.682000000
0.048313,0.026866,1.008450,14:15:01.682667,1.682666667
0.046892,-0.002073,1.019141,14:15:01.683333,1.683333333
0.075381,0.042203,1.053777,14:15:01.684000,1.684000000
0.165754,0.103334,1.074178,14:15:01.684667,1.684666667
0.124388,0.103542,1.035681,14:15:01.685333,1.685333333
0.000489,-0.026308,0.968492,14:15:01.686000,1.686000000
-0.011557,-0.012927,0.947528,14:15:01.686667,1.686666667
0.075994,-0.000119,0.992137,14:15:01.687333,1.687333333
0.083401,0.038418,0.976171,14:15:01.688000,1.688000000
0.075031,0.000835,0.983615,14:15:01.688667,1.688666667
-0.036623,-0.023143,0.924761,14:15:01.689333,1.689333333
-0.014752,-0.015411,0.938206,14:15:01.690000,1.690000000
-0.018768,-0.004224,0.963214,14:15:01.690667,1.690666667
0.011103,-0.043300,0.962473,14:15:01.691333,1.691333333
-0.015122,-0.020876,0.940318,14:15:01.692000,1.692000000
-0.054443,-0.018175,0.969644,14:15:01.692667,1.692666667
0.012443,-0.038461,0.985940,14:15:01.693333,1.693333333
-0.025282,-0.031414,1.000259,14:15:01.694000,1.694000000
0.007826,-0.021575,1.028611,14:15:01.694667,1.694666667
0.156765,0.064857,1.038096,14:15:01.695333,1.695333333
0.083501,0.034063,1.031848,14:15:01.696000,1.696000000
-0.027545,-0.054708,0.970517,14:15:01.696667,1.696666667
-0.033718,-0.027438,0.935458,14:15:01.697333,1.697333333
0.011934,-0.042399,1.002014,14:15:01.698000,1.698000000
0.041663,-0.023274,1.001600,14:15:01.698667,1.698666667
-0.021351,-0.061912,1.003308,14:15:01.699333,1.699333333
-0.104871,-0.109247,0.958476,14:15:01.700000,1.700000000
-0.137061,-0.097416,0.989649,14:15:01.700667,1.700666667
-0.069978,-0.059334,1.010761,14:15:01.701333,1.701333333
-0.113293,-0.072904,0.978162,14:15:01.702000,1.702000000
-0.089811,-0.081662,0.974615,14:15:01.702667,1.702666667
-0.107299,-0.090803,0.971901,14:15:01.703333,1.703333333
-0.113038,-0.056857,0.977479,14:15:01.704000,1.704000000
-0.121686,-0.073971,1.021794,14:15:01.704667,1.704666667
-0.093885,-0.022633,1.027915,14:15:01.705333,1.705333333
0.070620,0.081340,1.089381,14:15:01.706000,1.706000000
-0.012284,0.004558,1.017300,14:15:01.706667,1.706666667
-0.112837,-0.050704,0.956524,14:15:01.707333,1.707333333
-0.112909,-0.032232,1.001889,14:15:01.708000,1.708000000
-0.005102,0.012264,1.027138,14:15:01.708667,1.708666667
-0.001613,0.049424,1.011892,14:15:01.709333,1.709333333
-0.077993,-0.004129,0.999836,14:15:01.710000,1.710000000
-0.112175,-0.027047,1.001641,14:15:01.710667,1.710666667
-0.103301,-0.007228,0.979416,14:15:01.711333,1.711333333
-0.016652,0.002993,1.041192,14:15:01.712000,1.712000000
-0.056684,0.009215,1.037578,14:15:01.712667,1.712666667
-0.033245,0.011298,1.001342,14:15:01.713333,1.713333333
-0.017347,0.037025,1.040860,14:15:01.714000,1.714000000
-0.001150,0.085278,1.050326,14:15:01.714667,1.714666667
0.066466,0.089907,1.047082,14:15:01.715333,1.715333333
0.100974,0.101284,1.117570,14:15:01.716000,1.716000000
0.206899,0.167166,1.133371,14:15:01.716667,1.716666667
0.080889,0.093572,1.071359,14:15:01.717333,1.717333333
0.022844,0.075304,1.054363,14:15:01.718000,1.718000000
0.076614,0.084118,1.028945,14:15:01.718667,1.718666667
0.163135,0.104557,1.108931,14:15:01.719333,1.719333333
0.134788,0.085554,1.054590,14:15:01.720000,1.720000000
0.081504,0.042771,1.012480,14:15:01.720667,1.720666667
0.024133,0.029389,0.990023,14:15:01.721333,1.721333333
0.027537,-0.003803,0.998378,14:15:01.722000,1.722000000
0.069937,0.023573,1.033340,14:15:01.722667,1.722666667
0.038157,0.019155,0.991868,14:15:01.723333,1.723333333
0.027289,0.019633,0.980623,14:15:01.724000,1.724000000
0.012093,0.007191,1.012910,14:15:01.724667,1.724666667
0.058010,0.029279,1.011076,14:15:01.725333,1.725333333
0.061139,0.046005,1.038973,14:15:01.726000,1.726000000
0.182009,0.081789,1.059828,14:15:01.726667,1.726666667
0.207566,0.140470,1.063106,14:15:01.727333,1.727333333
0.047690,0.037378,0.974302,14:15:01.728000,1.728000000
-0.018609,-0.023679,0.963741,14:15:01.728667,1.728666667
0.035194,-0.014916,0.973301,14:15:01.729333,1.729333333
0.118305,0.009947,0.993097,14:15:01.730000,1.730000000
0.114688,0.018910,0.964731,14:15:01.730667,1.730666667
-0.026851,-0.027756,0.932664,14:15:01.731333,1.731333333
-0.032808,-0.074401,0.915296,14:15:01.732000,1.732000000
0.018620,-0.039684,0.930987,14:15:01.732667,1.732666667
0.004475,-0.008669,0.962766,14:15:01.733333,1.733333333
-0.028752,-0.047387,0.936180,14:15:01.734000,1.734000000
-0.028207,-0.073907,0.953312,14:15:01.734667,1.734666667
-0.024349,-0.055068,0.971783,14:15:01.735333,1.735333333
-0.019872,-0.020254,1.001936,14:15:01.736000,1.736000000
0.016516,-0.011752,1.008895,14:15:01.736667,1.736666667
0.165852,0.090765,1.052968,14:15:01.737333,1.737333333
0.123503,0.069581,1.020261,14:15:01.738000,1.738000000
-0.026062,-0.029726,0.978784,14:15:01.738667,1.738666667
-0.025616,-0.048469,0.966314,14:15:01.739333,1.739333333
0.028058,-0.021248,0.979109,14:15:01.740000,1.740000000
0.068325,-0.002319,0.997138,14:15:01.740667,1.740666667
-0.022203,-0.031059,0.992969,14:15:01.741333,1.741333333
-0.087085,-0.077131,0.980228,14:15:01.742000,1.742000000
-0.107189,-0.095006,0.948626,14:15:01.742667,1.742666667
-0.091502,-0.092119,0.986127,14:15:01.743333,1.743333333
-0.072930,-0.087113,0.956183,14:15:01.744000,1.744000000
-0.104598,-0.073227,0.983788,14:15:01.744667,1.744666667
-0.139869,-0.114444,0.977483,14:15:01.745333,1.745333333
-0.115878,-0.060507,1.001159,14:15:01.746000,1.746000000
-0.062722,-0.053914,1.006400,14:15:01.746667,1.746666667
-0.072609,-0.005837,0.968273,14:15:01.747333,1.747333333
0.042131,0.058047,1.086997,14:15:01.748000,1.748000000
0.012299,0.046478,1.044419,14:15:01.748667,1.748666667
-0.165787,-0.031928,0.984247,14:15:01.749333,1.749333333
-0.113818,-0.050286,0.979968,14:15:01.750000,1.750000000
-0.056301,0.028752,0.985718,14:15:01.750667,1.750666667
-0.031436,0.037254,0.994703,14:15:01.751333,1.751333333
-0.084691,0.006069,0.998791,14:15:01.752000,1.752000000
-0.140266,-0.050395,0.970263,14:15:01.752667,1.752666667
-0.093506,-0.075639,0.975761,14:15:01.753333,1.753333333
-0.074489,-0.000849,0.984277,14:15:01.754000,1.754000000
-0.064881,-0.002393,1.007652,14:15:01.754667,1.754666667
-0.057862,0.009055,1.030431,14:15:01.755333,1.755333333
-0.029255,0.050886,1.022503,14:15:01.756000,1.756000000
0.005103,0.053894,1.062647,14:15:01.756667,1.756666667
0.028160,0.063276,1.064879,14:15:01.757333,1.757333333
0.070093,0.107056,1.094696,14:15:01.758000,1.758000000
0.169349,0.197737,1.142929,14:15:01.758667,1.758666667
0.103793,0.104904,1.060681,14:15:01.759333,1.759333333
0.020450,0.055726,1.015698,14:15:01.760000,1.760000000
0.054312,0.042786,1.039239,14:15:01.760667,1.760666667
0.164142,0.115116,1.044411,14:15:01.761333,1.761333333
0.166427,0.102494,1.074523,14:15:01.762000,1.762000000
0.047269,0.045129,1.008671,14:15:01.762667,1.762666667
0.040447,0.027460,0.980190,14:15:01.763333,1.763333333
0.059736,0.058210,1.033122,14:15:01.764000,1.764000000
0.090301,0.047703,0.993171,14:15:01.764667,1.764666667
0.071996,0.023537,1.007754,14:15:01.765333,1.765333333
0.013604,0.000440,1.027315,14:15:01.766000,1.766000000
0.000810,0.028637,1.002817,14:15:01.766667,1.766666667
0.071317,0.029754,1.024259,14:15:01.767333,1.767333333
0.070000,0.031769,1.042567,14:15:01.768000,1.768000000
0.132006,0.077833,1.051006,14:15:01.768667,1.768666667
0.207287,0.131870,1.093841,14:15:01.769333,1.769333333
0.079372,0.037295,1.001827,14:15:01.770000,1.770000000
-0.008179,-0.016483,0.969926,14:15:01.770667,1.770666667
0.081855,0.000912,0.983150,14:15:01.771333,1.771333333
0.127610,0.039047,0.992529,14:15:01.772000,1.772000000
0.066724,0.010562,1.004234,14:15:01.772667,1.772666667
0.017660,-0.010966,0.947670,14:15:01.773333,1.773333333
-0.053280,-0.070014,0.911049,14:15:01.774000,1.774000000
0.018071,-0.032302,0.929579,14:15:01.774667,1.774666667
0.037259,-0.032665,0.966288,14:15:01.775333,1.775333333
-0.011915,-0.045104,0.924215,14:15:01.776000,1.776000000
-0.044482,-0.027444,0.943496,14:15:01.776667,1.776666667
-0.026171,-0.032982,0.941852,14:15:01.777333,1.777333333
0.037765,0.005605,0.985793,14:15:01.778000,1.778000000
0.038212,-0.009970,0.987403,14:15:01.778667,1.778666667
0.164592,0.079773,1.018919,14:15:01.779333,1.779333333
0.150346,0.072916,1.055097,14:15:01.780000,1.780000000
-0.012101,-0.017393,0.976000,14:15:01.780667,1.780666667
-0.044609,-0.043894,0.978727,14:15:01.781333,1.781333333
-0.011637,-0.038533,0.986762,14:15:01.782000,1.782000000
0.051470,0.013020,1.013178,14:15:01.782667,1.782666667
0.043445,-0.034431,0.998320,14:15:01.783333,1.783333333
-0.063027,-0.089676,0.959023,14:15:01.784000,1.784000000
-0.072871,-0.088535,0.929873,14:15:01.784667,1.784666667
-0.080759,-0.066338,0.977128,14:15:01.785333,1.785333333
-0.051094,-0.059774,0.989708,14:15:01.786000,1.786000000
-0.077231,-0.080754,0.956020,14:15:01.786667,1.786666667
-0.116604,-0.119762,0.987614,14:15:01.787333,1.787333333
-0.129912,-0.082951,0.974820,14:15:01.788000,1.788000000
-0.080930,-0.073803,1.016103,14:15:01.788667,1.788666667
-0.101167,-0.024358,1.009069,14:15:01.789333,1.789333333
0.042229,0.062032,1.054075,14:15:01.790000,1.790000000
0.017120,0.025460,1.043468,14:15:01.790667,1.790666667
-0.099690,-0.077091,0.979151,14:15:01.791333,1.791333333
-0.137595,-0.083861,0.990583,14:15:01.792000,1.792000000
-0.045017,-0.014139,1.019113,14:15:01.792667,1.792666667
-0.033429,0.044650,1.008986,14:15:01.793333,1.793333333
-0.066835,-0.002890,0.993021,14:15:01.794000,1.794000000
-0.112957,-0.051058,0.990049,14:15:01.794667,1.794666667
-0.095296,-0.037145,0.961524,14:15:01.795333,1.795333333
-0.075541,0.002131,1.021621,14:15:01.796000,1.796000000
-0.055818,-0.015662,1.014528,14:15:01.796667,1.796666667
-0.067921,-0.027266,1.024277,14:15:01.797333,1.797333333
-0.066383,0.004599,1.009351,14:15:01.798000,1.798000000
-0.028362,0.037192,1.009269,14:15:01.798667,1.798666667
-0.000734,0.074738,1.036788,14:15:01.799333,1.799333333
0.013583,0.038249,1.060361,14:15:01.800000,1.800000000
0.156370,0.159607,1.104527,14:15:01.800667,1.800666667
0.111539,0.132413,1.096498,14:15:01.801333,1.801333333
0.017942,0.033368,1.045493,14:15:01.802000,1.802000000
0.003974,0.062601,1.021145,14:15:01.802667,1.802666667
0.130655,0.094870,1.051460,14:15:01.803333,1.803333333
0.105300,0.104688,1.084694,14:15:01.804000,1.804000000
0.119814,0.082329,1.036463,14:15:01.804667,1.804666667
0.068263,0.010793,1.015315,14:15:01.805333,1.805333333
0.051318,0.014976,1.025747,14:15:01.806000,1.806000000
0.081090,0.040352,1.028584,14:15:01.806667,1.806666667
0.045534,0.043871,1.014941,14:15:01.807333,1.807333333
0.044897,0.031631,1.005613,14:15:01.808000,1.808000000
0.017113,0.032945,1.022041,14:15:01.808667,1.808666667
0.037369,0.027457,1.020972,14:15:01.809333,1.809333333
0.088532,0.000508,1.016060,14:15:01.810000,1.810000000
0.109788,0.035363,1.045487,14:15:01.810667,1.810666667
0.245012,0.123506,1.110474,14:15:01.811333,1.811333333
0.104939,0.051309,1.049236,14:15:01.812000,1.812000000
0.013130,-0.023933,0.972517,14:15:01.812667,1.812666667
0.006174,-0.015920,0.968844,14:15:01.813333,1.813333333
0.136024,0.048280,1.002644,14:15:01.814000,1.814000000
0.069232,0.031648,0.939792,14:15:01.814667,1.814666667
0.022581,-0.020454,0.947027,14:15:01.815333,1.815333333
-0.008671,-0.032169,0.917858,14:15:01.816000,1.816000000
0.008881,-0.037852,0.939508,14:15:01.816667,1.816666667
0.007300,-0.055848,0.963550,14:15:01.817333,1.817333333
-0.012507,-0.033199,0.939111,14:15:01.818000,1.818000000
-0.016198,-0.032222,0.936490,14:15:01.818667,1.818666667
-0.055201,-0.039384,0.946142,14:15:01.819333,1.819333333
0.029761,0.028630,0.975123,14:15:01.820000,1.820000000
0.032558,0.000026,0.992080,14:15:01.820667,1.820666667
0.073616,0.056863,0.995881,14:15:01.821333,1.821333333
0.143103,0.099231,1.045986,14:15:01.822000,1.822000000
0.017072,-0.038027,1.000950,14:15:01.822667,1.822666667
-0.031394,-0.084450,0.951027,14:15:01.823333,1.823333333
0.001204,-0.020400,0.952258,14:15:01.824000,1.824000000
0.057241,0.027824,0.988738,14:15:01.824667,1.824666667
0.019873,-0.001101,0.989677,14:15:01.825333,1.825333333
-0.047000,-0.034531,0.951390,14:15:01.826000,1.826000000
-0.073928,-0.115185,0.942070,14:15:01.826667,1.826666667
-0.082977,-0.078368,0.941750,14:15:01.827333,1.827333333
-0.043936,-0.067974,0.972934,14:15:01.828000,1.828000000
-0.073586,-0.074025,0.993707,14:15:01.828667,1.828666667
-0.106660,-0.088011,0.990613,14:15:01.829333,1.829333333
-0.113449,-0.064581,0.998449,14:15:01.830000,1.830000000
-0.080103,-0.066351,0.981310,14:15:01.830667,1.830666667
-0.088678,-0.043552,0.989284,14:15:01.831333,1.831333333
0.031008,0.033144,1.067767,14:15:01.832000,1.832000000
0.035798,0.022275,1.078190,14:15:01.832667,1.832666667
-0.126468,-0.078182,0.984671,14:15:01.833333,1.833333333
-0.122333,-0.050377,1.021284,14:15:01.834000,1.834000000
-0.070243,-0.008827,0.982702,14:15:01.834667,1.834666667
-0.040708,0.027246,1.024507,14:15:01.835333,1.835333333
-0.082105,-0.043224,1.008370,14:15:01.836000,1.836000000
-0.106405,-0.053299,0.982281,14:15:01.836667,1.836666667
-0.111286,-0.077901,0.978588,14:15:01.837333,1.837333333
-0.087828,-0.010645,0.970440,14:15:01.838000,1.838000000
-0.106526,0.001597,0.979985,14:15:01.838667,1.838666667
-0.096328,0.006567,1.007437,14:15:01.839333,1.839333333
-0.091856,0.003925,1.004251,14:15:01.840000,1.840000000
-0.070217,0.005645,1.016151,14:15:01.840667,1.840666667
-0.009773,0.034719,1.063422,14:15:01.841333,1.841333333
-0.002171,0.082391,1.052811,14:15:01.842000,1.842000000
0.158284,0.187694,1.115505,14:15:01.842667,1.842666667
0.151014,0.153857,1.102433,14:15:01.843333,1.843333333
0.031590,0.041950,1.047057,14:15:01.844000,1.844000000
0.036594,0.051938,1.031895,14:15:01.844667,1.844666667
0.110873,0.098112,1.038060,14:15:01.845333,1.845333333
0.126277,0.131638,1.080941,14:15:01.846000,1.846000000
0.088997,0.068309,1.042392,14:15:01.846667,1.846666667
0.021204,0.024161,1.019095,14:15:01.847333,1.847333333
0.017994,0.035713,1.027308,14:15:01.848000,1.848000000
0.038461,0.034928,1.016234,14:15:01.848667,1.848666667
0.079286,0.041883,1.001173,14:15:01.849333,1.849333333
0.062644,-0.016846,1.030095,14:15:01.850000,1.850000000
0.029910,0.015538,1.029356,14:15:01.850667,1.850666667
0.071463,0.028154,1.042401,14:15:01.851333,1.851333333
0.100493,0.047187,1.040953,14:15:01.852000,1.852000000
0.083380,0.059966,1.020938,14:15:01.852667,1.852666667
0.224842,0.164072,1.110541,14:15:01.853333,1.853333333
0.134865,0.092651,1.062068,14:15:01.854000,1.854000000
0.026746,-0.003707,0.972626,14:15:01.854667,1.854666667
0.013102,-0.004634,0.971896,14:15:01.855333,1.855333333
0.102396,0.000195,1.019262,14:15:01.856000,1.856000000
0.093807,0.071850,1.011305,14:15:01.856667,1.856666667
0.031604,0.015217,0.957545,14:15:01.857333,1.857333333
0.000144,-0.060103,0.970832,14:15:01.858000,1.858000000
-0.009967,-0.059201,0.942905,14:15:01.858667,1.858666667
0.029901,-0.003651,0.954075,14:15:01.859333,1.859333333
-0.007083,-0.039584,0.952728,14:15:01.860000,1.860000000
-0.006137,-0.053864,0.946121,14:15:01.860667,1.860666667
-0.003603,-0.043761,0.950397,14:15:01.861333,1.861333333
0.025972,0.000436,0.967677,14:15:01.862000,1.862000000
0.023056,-0.009495,0.977799,14:15:01.862667,1.862666667
0.083197,0.066922,1.045184,14:15:01.863333,1.863333333
0.170973,0.074576,1.038754,14:15:01.864000,1.864000000
0.048259,0.026827,1.001616,14:15:01.864667,1.864666667
-0.028958,-0.041768,0.972570,14:15:01.865333,1.865333333
-0.008128,0.018332,0.957982,14:15:01.866000,1.866000000
0.087972,0.028267,0.986342,14:15:01.866667,1.866666667
0.037699,-0.010236,0.968130,14:15:01.867333,1.867333333
-0.043450,-0.046715,0.940317,14:15:01.868000,1.868000000
-0.045252,-0.097923,0.941581,14:15:01.868667,1.868666667
-0.059349,-0.071063,0.959799,14:15:01.869333,1.869333333
-0.053139,-0.025691,0.968883,14:15:01.870000,1.870000000
-0.079909,-0.035709,0.953146,14:15:01.870667,1.870666667
-0.110742,-0.099117,0.953800,14:15:01.871333,1.871333333
-0.096127,-0.050818,0.981972,14:15:01.872000,1.872000000
-0.079554,-0.060126,0.983682,14:15:01.872667,1.872666667
-0.047262,-0.048128,0.986473,14:15:01.873333,1.873333333
0.031818,0.018002,1.053602,14:15:01.874000,1.874000000
0.064492,0.074862,1.012038,14:15:01.874667,1.874666667
-0.075066,-0.034980,0.998677,14:15:01.875333,1.875333333
-0.134168,-0.057895,0.969531,14:15:01.876000,1.876000000
-0.103000,-0.052085,0.977758,14:15:01.876667,1.876666667
-0.065336,-0.012362,1.019294,14:15:01.877333,1.877333333
-0.056955,-0.050265,1.010756,14:15:01.878000,1.878000000
-0.132900,-0.088820,0.958526,14:15:01.878667,1.878666667
-0.147016,-0.059335,0.968418,14:15:01.879333,1.879333333
-0.084234,-0.027481,0.960628,14:15:01.880000,1.880000000
-0.068714,-0.010055,1.023839,14:15:01.880667,1.880666667
-0.104376,-0.033298,1.004150,14:15:01.881333,1.881333333
-0.124351,-0.028946,1.016714,14:15:01.882000,1.882000000
-0.098711,-0.003172,1.023486,14:15:01.882667,1.882666667
-0.052508,0.036711,1.036963,14:15:01.883333,1.883333333
-0.003355,0.063991,1.043513,14:15:01.884000,1.884000000
0.187929,0.179217,1.078702,14:15:01.884667,1.884666667
0.161726,0.127055,1.086430,14:15:01.885333,1.885333333
0.043742,0.047613,1.045173,14:15:01.886000,1.886000000
-0.028932,0.060785,1.011023,14:15:01.886667,1.886666667
0.118492,0.072126,1.047933,14:15:01.887333,1.887333333
0.097176,0.075543,1.069911,14:15:01.888000,1.888000000
0.076872,0.056830,1.022479,14:15:01.888667,1.888666667
0.036045,-0.004338,1.025137,14:15:01.889333,1.889333333
0.014697,0.053037,1.002150,14:15:01.890000,1.890000000
0.028271,0.012444,1.025518,14:15:01.890667,1.890666667
0.057403,0.034774,1.026160,14:15:01.891333,1.891333333
0.033435,0.045685,1.019968,14:15:01.892000,1.892000000
0.024719,0.026957,1.024754,14:15:01.892667,1.892666667
0.071475,0.026890,1.039720,14:15:01.893333,1.893333333
0.093917,0.054931,1.057897,14:15:01.894000,1.894000000
0.113742,0.053182,1.050145,14:15:01.894667,1.894666667
0.238235,0.170362,1.096570,14:15:01.895333,1.895333333
0.169426,0.111093,1.063360,14:15:01.896000,1.896000000
0.044010,0.015014,1.006408,14:15:01.896667,1.896666667
0.030577,-0.011147,0.980502,14:15:01.897333,1.897333333
0.109445,0.018776,1.014959,14:15:01.898000,1.898000000
0.109823,0.054099,1.012541,14:15:01.898667,1.898666667
0.078943,0.008363,0.955303,14:15:01.899333,1.899333333
-0.024567,-0.055248,0.940096,14:15:01.900000,1.900000000
0.006404,-0.040341,0.933595,14:15:01.900667,1.900666667
0.011946,-0.035541,0.972728,14:15:01.901333,1.901333333
0.014698,-0.028550,0.961358,14:15:01.902000,1.902000000
-0.044342,-0.021237,0.953439,14:15:01.902667,1.902666667
0.002843,-0.057315,0.963095,14:15:01.903333,1.903333333
-0.023073,-0.004983,0.962424,14:15:01.904000,1.904000000
0.029119,-0.034009,0.980825,14:15:01.904667,1.904666667
0.063384,0.016766,1.009786,14:15:01.905333,1.905333333
0.168042,0.095605,1.046187,14:15:01.906000,1.906000000
0.082627,0.055191,1.010064,14:15:01.906667,1.906666667
-0.011491,-0.031904,0.986387,14:15:01.907333,1.907333333
0.013428,-0.021437,1.002140,14:15:01.908000,1.908000000
0.080477,0.024274,0.986979,14:15:01.908667,1.908666667
0.077619,0.005747,0.987381,14:15:01.909333,1.909333333
0.019376,-0.083933,0.953940,14:15:01.910000,1.910000000
-0.100334,-0.088516,0.955293,14:15:01.910667,1.910666667
-0.080970,-0.078846,0.953323,14:15:01.911333,1.911333333
-0.067277,-0.069641,0.976520,14:15:01.912000,1.912000000
-0.064574,-0.078230,0.975252,14:15:01.912667,1.912666667
-0.087684,-0.069983,0.989034,14:15:01.913333,1.913333333
-0.104821,-0.069631,0.964593,14:15:01.914000,1.914000000
-0.045547,-0.049020,0.981292,14:15:01.914667,1.914666667
-0.036852,-0.015561,1.025932,14:15:01.915333,1.915333333
0.033402,-0.001636,1.015863,14:15:01.916000,1.916000000
0.064804,0.061553,1.081687,14:15:01.916667,1.916666667
-0.042283,-0.054932,1.024610,14:15:01.917333,1.917333333
-0.172020,-0.066021,0.957344,14:15:01.918000,1.918000000
-0.090280,-0.052247,1.007683,14:15:01.918667,1.918666667
-0.049375,-0.008860,1.007536,14:15:01.919333,1.919333333
-0.037567,0.000369,1.001160,14:15:01.920000,1.920000000
-0.112552,-0.089305,0.968554,14:15:01.920667,1.920666667
-0.143615,-0.098956,0.977836,14:15:01.921333,1.921333333
-0.119309,-0.063900,0.967018,14:15:01.922000,1.922000000
-0.118978,-0.027984,0.984029,14:15:01.922667,1.922666667
-0.107369,-0.038201,0.986689,14:15:01.923333,1.923333333
-0.119576,-0.033316,0.993684,14:15:01.924000,1.924000000
-0.085272,-0.017330,1.006022,14:15:01.924667,1.924666667
-0.042995,0.028180,1.040871,14:15:01.925333,1.925333333
0.001729,0.031187,1.023935,14:15:01.926000,1.926000000
0.090636,0.122236,1.096814,14:15:01.926667,1.926666667
0.130553,0.152275,1.090157,14:15:01.927333,1.927333333
0.026889,0.062898,1.047280,14:15:01.928000,1.928000000
-0.022003,0.008190,1.023666,14:15:01.928667,1.928666667
0.080833,0.056075,1.024974,14:15:01.929333,1.929333333
0.149264,0.129910,1.061415,14:15:01.930000,1.930000000
0.143884,0.074268,1.065845,14:15:01.930667,1.930666667
0.028292,0.045519,1.019566,14:15:01.931333,1.931333333
0.016492,0.033279,0.995681,14:15:01.932000,1.932000000
0.047622,0.052061,1.021480,14:15:01.932667,1.932666667
0.058058,0.054033,1.042212,14:15:01.933333,1.933333333
0.038748,0.022665,1.041912,14:15:01.934000,1.934000000
0.030977,0.035293,1.025205,14:15:01.934667,1.934666667
0.065985,0.068327,1.014917,14:15:01.935333,1.935333333
0.090439,0.063756,1.031106,14:15:01.936000,1.936000000
0.107380,0.078060,1.032833,14:15:01.936667,1.936666667
0.200723,0.138346,1.076315,14:15:01.937333,1.937333333
0.195568,0.101732,1.074335,14:15:01.938000,1.938000000
0.061786,0.018578,1.012662,14:15:01.938667,1.938666667
0.050902,0.014816,0.990914,14:15:01.939333,1.939333333
0.092240,0.013333,1.001883,14:15:01.940000,1.940000000
0.137066,0.064729,1.037605,14:15:01.940667,1.940666667
0.096969,0.010550,0.966059,14:15:01.941333,1.941333333
-0.007168,-0.022327,0.978391,14:15:01.942000,1.942000000
0.012195,-0.033098,0.949166,14:15:01.942667,1.942666667
0.037892,0.001760,0.939822,14:15:01.943333,1.943333333
-0.007330,-0.022833,0.972267,14:15:01.944000,1.944000000
-0.019690,-0.012541,0.975080,14:15:01.944667,1.944666667
-0.036765,-0.000713,0.965379,14:15:01.945333,1.945333333
-0.008979,0.001302,0.954697,14:15:01.946000,1.946000000
0.004034,-0.011848,0.967852,14:15:01.946667,1.946666667
0.048201,0.025772,0.993603,14:15:01.947333,1.947333333
0.174709,0.122178,1.054881,14:15:01.948000,1.948000000
0.123011,0.081700,1.023266,14:15:01.948667,1.948666667
-0.001268,-0.009154,0.939188,14:15:01.949333,1.949333333
0.007869,-0.035611,0.950436,14:15:01.950000,1.950000000
0.052804,-0.001724,0.950636,14:15:01.950667,1.950666667
0.068732,0.032924,0.991076,14:15:01.951333,1.951333333
0.028122,-0.055500,0.975696,14:15:01.952000,1.952000000
-0.042203,-0.099794,0.931256,14:15:01.952667,1.952666667
-0.087853,-0.063098,0.951370,14:15:01.953333,1.953333333
-0.044305,-0.063773,0.958373,14:15:01.954000,1.954000000
-0.032053,-0.048377,0.961508,14:15:01.954667,1.954666667
-0.079464,-0.064542,0.960131,14:15:01.955333,1.955333333
-0.094325,-0.061240,0.966846,14:15:01.956000,1.956000000
-0.095928,-0.065837,0.998918,14:15:01.956667,1.956666667
-0.046692,-0.060089,0.989644,14:15:01.957333,1.957333333
0.007644,-0.001512,1.031177,14:15:01.958000,1.958000000
0.114173,0.043485,1.072045,14:15:01.958667,1.958666667
0.010021,-0.010193,1.029180,14:15:01.959333,1.959333333
-0.156288,-0.097794,0.950165,14:15:01.960000,1.960000000
-0.070614,-0.075792,0.980814,14:15:01.960667,1.960666667
-0.012519,-0.002435,1.028509,14:15:01.961333,1.961333333
-0.071363,-0.044320,1.018202,14:15:01.962000,1.962000000
-0.095227,-0.083328,0.973930,14:15:01.962667,1.962666667
-0.150277,-0.086488,0.964004,14:15:01.963333,1.963333333
-0.114127,-0.087823,0.972288,14:15:01.964000,1.964000000
-0.145319,-0.065918,0.979729,14:15:01.964667,1.964666667
-0.135151,-0.031448,1.008154,14:15:01.965333,1.965333333
-0.150186,-0.047760,0.958346,14:15:01.966000,1.966000000
-0.128689,-0.032692,0.993965,14:15:01.966667,1.966666667
-0.085342,0.033609,1.013852,14:15:01.967333,1.967333333
-0.061256,0.022094,1.028033,14:15:01.968000,1.968000000
0.063571,0.095592,1.063427,14:15:01.968667,1.968666667
0.164264,0.103979,1.112829,14:15:01.969333,1.969333333
-0.002636,0.078776,1.050818,14:15:01.970000,1.970000000
-0.059394,0.002952,1.016120,14:15:01.970667,1.970666667
0.008917,0.073009,1.046487,14:15:01.971333,1.971333333
0.113470,0.086322,1.051088,14:15:01.972000,1.972000000
0.085662,0.099982,1.047686,14:15:01.972667,1.972666667
0.043778,0.068403,1.016839,14:15:01.973333,1.973333333
-0.010485,0.012566,0.990516,14:15:01.974000,1.974000000
0.030382,0.024939,1.004535,14:15:01.974667,1.974666667
0.053124,0.043648,1.039501,14:15:01.975333,1.975333333
0.020210,0.028769,1.019355,14:15:01.976000,1.976000000
0.050698,0.035588,1.011222,14:15:01.976667,1.976666667
0.058326,0.046113,1.051336,14:15:01.977333,1.977333333
0.088411,0.044357,1.050494,14:15:01.978000,1.978000000
0.105741,0.063606,1.046641,14:15:01.978667,1.978666667
0.194697,0.152035,1.087807,14:15:01.979333,1.979333333
0.185869,0.154631,1.085046,14:15:01.980000,1.980000000
0.060018,0.037896,1.029966,14:15:01.980667,1.980666667
0.008851,-0.019830,1.011362,14:15:01.981333,1.981333333
0.096404,0.037062,1.015280,14:15:01.982000,1.982000000
0.129282,0.070716,1.057348,14:15:01.982667,1.982666667
0.092836,-0.001938,1.009279,14:15:01.983333,1.983333333
0.011971,-0.043958,0.946281,14:15:01.984000,1.984000000
-0.006424,-0.028275,0.938393,14:15:01.984667,1.984666667
0.025086,-0.017331,0.972060,14:15:01.985333,1.985333333
0.005223,-0.000770,0.989538,14:15:01.986000,1.986000000
0.018932,0.000013,0.945063,14:15:01.986667,1.986666667
-0.006518,-0.059940,0.958343,14:15:01.987333,1.987333333
-0.020517,-0.004745,0.981790,14:15:01.988000,1.988000000
0.027769,-0.006036,0.981051,14:15:01.988667,1.988666667
0.031947,0.015976,0.989494,14:15:01.989333,1.989333333
0.194980,0.081675,1.029603,14:15:01.990000,1.990000000
0.113342,0.089611,1.030351,14:15:01.990667,1.990666667
0.007203,0.002062,0.956107,14:15:01.991333,1.991333333
-0.024489,-0.024269,0.948155,14:15:01.992000,1.992000000
0.077410,0.000284,0.986377,14:15:01.992667,1.992666667
0.083913,0.018480,0.981186,14:15:01.993333,1.993333333
0.043071,-0.015640,0.946547,14:15:01.994000,1.994000000
-0.009583,-0.057367,0.946602,14:15:01.994667,1.994666667
-0.056027,-0.071880,0.984744,14:15:01.995333,1.995333333
-0.022259,-0.014209,0.964457,14:15:01.996000,1.996000000
-0.028751,-0.053991,0.971188,14:15:01.996667,1.996666667
-0.040735,-0.069849,0.969197,14:15:01.997333,1.997333333
-0.101667,-0.052741,0.938123,14:15:01.998000,1.998000000
-0.076373,-0.039951,0.993447,14:15:01.998667,1.998666667
-0.056607,-0.043186,0.998895,14:15:01.999333,1.999333333
-0.033706,-0.055743,0.996464,14:15:02.000000,2.000000000
0.074831,0.043870,1.097495,14:15:02.000667,2.000666667
0.006396,-0.008211,1.056289,14:15:02.001333,2.001333333
-0.092928,-0.067216,0.959600,14:15:02.002000,2.002000000
-0.096954,-0.116387,0.941537,14:15:02.002667,2.002666667
-0.034427,-0.019091,0.966307,14:15:02.003333,2.003333333
-0.035068,-0.017561,1.010814,14:15:02.004000,2.004000000
-0.132588,-0.069811,0.985652,14:15:02.004667,2.004666667
-0.162202,-0.098348,0.936381,14:15:02.005333,2.005333333
-0.163123,-0.077165,0.968754,14:15:02.006000,2.006000000
-0.106248,-0.055953,0.964082,14:15:02.006667,2.006666667
-0.118069,-0.043827,0.982007,14:15:02.007333,2.007333333
-0.172802,-0.082010,0.997080,14:15:02.008000,2.008000000
-0.142901,-0.040576,0.981648,14:15:02.008667,2.008666667
-0.112792,-0.001305,1.023825,14:15:02.009333,2.009333333
-0.026090,0.015019,1.041003,14:15:02.010000,2.010000000
0.032458,0.059517,1.054245,14:15:02.010667,2.010666667
0.145404,0.154332,1.095097,14:15:02.011333,2.011333333
0.022499,0.082008,1.050354,14:15:02.012000,2.012000000
-0.096883,0.024076,1.011001,14:15:02.012667,2.012666667
-0.006183,0.008518,1.018857,14:15:02.013333,2.013333333
0.061289,0.088906,1.040923,14:15:02.014000,2.014000000
0.069457,0.095614,1.040792,14:15:02.014667,2.014666667
0.035676,0.055548,1.012363,14:15:02.015333,2.015333333
-0.024933,0.021128,1.010080,14:15:02.016000,2.016000000
0.036965,0.040838,1.025992,14:15:02.016667,2.016666667
0.056284,0.045608,1.026883,14:15:02.017333,2.017333333
0.065726,0.062336,1.032869,14:15:02.018000,2.018000000
0.023241,0.051561,1.047371,14:15:02.018667,2.018666667
0.045136,0.067826,1.031229,14:15:02.019333,2.019333333
0.080102,0.085325,1.064078,14:15:02.020000,2.020000000
0.072918,0.113237,1.060212,14:15:02.020667,2.020666667
0.169238,0.132844,1.095532,14:15:02.021333,2.021333333
0.191816,0.154852,1.115723,14:15:02.022000,2.022000000
0.136487,0.052664,1.041190,14:15:02.022667,2.022666667
0.020300,-0.027177,1.006749,14:15:02.023333,2.023333333
0.079178,0.052569,0.981065,14:15:02.024000,2.024000000
0.105927,0.059130,1.019852,14:15:02.024667,2.024666667
0.126006,0.068448,1.021764,14:15:02.025333,2.025333333
0.036595,-0.006695,0.956761,14:15:02.026000,2.026000000
0.012966,-0.020538,0.973645,14:15:02.026667,2.026666667
-0.002844,-0.032977,1.000744,14:15:02.027333,2.027333333
0.029102,-0.003386,0.963392,14:15:02.028000,2.028000000
-0.002673,-0.020408,0.977239,14:15:02.028667,2.028666667
-0.022852,-0.013451,0.953795,14:15:02.029333,2.029333333
0.005897,-0.005380,0.972789,14:15:02.030000,2.030000000
-0.003252,0.001947,0.997054,14:15:02.030667,2.030666667
-0.003710,0.017087,0.991628,14:15:02.031333,2.031333333
0.177219,0.081514,1.014921,14:15:02.032000,2.032000000
0.139823,0.076021,1.015774,14:15:02.032667,2.032666667
0.002573,-0.027951,0.990937,14:15:02.033333,2.033333333
0.003159,-0.037088,0.926671,14:15:02.034000,2.034000000
0.060132,0.020394,0.987542,14:15:02.034667,2.034666667
0.103865,0.018910,0.975632,14:15:02.035333,2.035333333
0.087634,0.009744,0.949867,14:15:02.036000,2.036000000
-0.015436,-0.069605,0.945248,14:15:02.036667,2.036666667
-0.056292,-0.082232,0.931568,14:15:02.037333,2.037333333
-0.060962,-0.049165,0.943169,14:15:02.038000,2.038000000
-0.027592,-0.020502,0.924239,14:15:02.038667,2.038666667
-0.071928,-0.046758,0.943814,14:15:02.039333,2.039333333
-0.079547,-0.059889,0.980643,14:15:02.040000,2.040000000
-0.049789,-0.046291,0.977921,14:15:02.040667,2.040666667
-0.062480,-0.045920,1.021579,14:15:02.041333,2.041333333
-0.019473,-0.040737,0.993767,14:15:02.042000,2.042000000
0.079184,0.059472,1.063567,14:15:02.042667,2.042666667
0.067881,0.023308,1.039031,14:15:02.043333,2.043333333
-0.066614,-0.062268,0.972764,14:15:02.044000,2.044000000
-0.082080,-0.078876,0.982285,14:15:02.044667,2.044666667
-0.018591,-0.019959,0.999035,14:15:02.045333,2.045333333
-0.030112,-0.012071,0.993060,14:15:02.046000,2.046000000
-0.100108,-0.055800,0.987920,14:15:02.046667,2.046666667
-0.146984,-0.115092,0.965040,14:15:02.047333,2.047333333
-0.146438,-0.086559,0.953509,14:15:02.048000,2.048000000
-0.079273,-0.075130,0.975302,14:15:02.048667,2.048666667
-0.119519,-0.037846,0.979967,14:15:02.049333,2.049333333
-0.113222,-0.060973,0.999875,14:15:02.050000,2.050000000
-0.146725,-0.036394,0.981731,14:15:02.050667,2.050666667
-0.072850,-0.019244,1.001191,14:15:02.051333,2.051333333
-0.080660,0.012910,1.034409,14:15:02.052000,2.052000000
-0.043362,0.015661,1.024518,14:15:02.052667,2.052666667
0.071972,0.124096,1.097720,14:15:02.053333,2.053333333
0.007366,0.070704,1.043588,14:15:02.054000,2.054000000
-0.042813,0.013923,0.984084,14:15:02.054667,2.054666667
-0.040210,0.003158,1.012351,14:15:02.055333,2.055333333
0.051674,0.088013,1.049524,14:15:02.056000,2.056000000
0.072447,0.112040,1.033012,14:15:02.056667,2.056666667
0.043724,0.061717,1.000814,14:15:02.057333,2.057333333
0.003203,0.012818,1.032544,14:15:02.058000,2.058000000
0.011718,0.029029,1.002823,14:15:02.058667,2.058666667
0.050768,0.043908,1.011174,14:15:02.059333,2.059333333
0.037203,0.038762,1.011075,14:15:02.060000,2.060000000
0.005690,0.011124,1.021091,14:15:02.060667,2.060666667
0.054409,0.037948,1.037965,14:15:02.061333,2.061333333
0.040667,0.045536,1.088027,14:15:02.062000,2.062000000
0.118458,0.051943,1.069319,14:15:02.062667,2.062666667
0.192763,0.128452,1.068378,14:15:02.063333,2.063333333
0.227619,0.164825,1.124348,14:15:02.064000,2.064000000
0.129704,0.068502,1.043467,14:15:02.064667,2.064666667
0.009103,0.033219,1.007834,14:15:02.065333,2.065333333
0.037842,0.008415,1.019214,14:15:02.066000,2.066000000
0.140837,0.095961,1.035436,14:15:02.066667,2.066666667
0.153892,0.047012,1.030014,14:15:02.067333,2.067333333
0.040971,-0.013389,0.984382,14:15:02.068000,2.068000000
0.007139,-0.026528,0.969742,14:15:02.068667,2.068666667
0.028729,-0.031506,0.982030,14:15:02.069333,2.069333333
0.018813,0.003736,0.980577,14:15:02.070000,2.070000000
-0.016682,-0.032501,0.982866,14:15:02.070667,2.070666667
0.014984,-0.035786,0.959666,14:15:02.071333,2.071333333
-0.012062,-0.018942,0.949913,14:15:02.072000,2.072000000
0.006248,-0.007720,0.989581,14:15:02.072667,2.072666667
0.051157,0.035372,0.969054,14:15:02.073333,2.073333333
0.172631,0.090368,1.033717,14:15:02.074000,2.074000000
0.156390,0.098481,1.051783,14:15:02.074667,2.074666667
0.049435,-0.022666,0.966937,14:15:02.075333,2.075333333
-0.020356,-0.035745,0.952162,14:15:02.076000,2.076000000
0.040916,0.008249,0.931718,14:15:02.076667,2.076666667
0.101399,0.043666,0.999825,14:15:02.077333,2.077333333
0.071788,-0.011907,0.988015,14:15:02.078000,2.078000000
-0.026650,-0.073986,0.926829,14:15:02.078667,2.078666667
-0.011054,-0.039270,0.925875,14:15:02.079333,2.079333333
-0.043395,-0.056343,0.943472,14:15:02.080000,2.080000000
0.008722,-0.063224,0.964902,14:15:02.080667,2.080666667
-0.055834,-0.064960,0.963300,14:15:02.081333,2.081333333
-0.078379,-0.072748,0.944423,14:15:02.082000,2.082000000
-0.031419,-0.021320,0.971942,14:15:02.082667,2.082666667
-0.013214,-0.045333,0.967040,14:15:02.083333,2.083333333
-0.008371,-0.028414,0.996784,14:15:02.084000,2.084000000
0.077932,0.047864,1.049915,14:15:02.084667,2.084666667
0.066711,0.035549,1.061195,14:15:02.085333,2.085333333
-0.060780,-0.075633,0.982561,14:15:02.086000,2.086000000
-0.098498,-0.081511,0.969636,14:15:02.086667,2.086666667
-0.033918,-0.036161,1.014873,14:15:02.087333,2.087333333
0.015972,-0.019408,1.029706,14:15:02.088000,2.088000000
-0.074998,-0.035655,0.981175,14:15:02.088667,2.088666667
-0.154949,-0.099078,0.952977,14:15:02.089333,2.089333333
-0.137541,-0.092434,0.954555,14:15:02.090000,2.090000000
-0.111499,-0.074377,0.982821,14:15:02.090667,2.090666667
-0.110544,-0.057076,0.982970,14:15:02.091333,2.091333333
-0.144571,-0.049923,0.986287,14:15:02.092000,2.092000000
-0.120000,-0.060353,0.995428,14:15:02.092667,2.092666667
-0.141993,-0.046287,1.000039,14:15:02.093333,2.093333333
-0.111188,-0.009164,1.006956,14:15:02.094000,2.094000000
-0.078620,0.025705,1.018984,14:15:02.094667,2.094666667
0.093847,0.111106,1.088688,14:15:02.095333,2.095333333
0.028226,0.098874,1.061385,14:15:02.096000,2.096000000
-0.095064,-0.004483,1.022903,14:15:02.096667,2.096666667
-0.097568,-0.022503,1.011122,14:15:02.097333,2.097333333
0.014912,0.037920,1.030900,14:15:02.098000,2.098000000
0.041087,0.069255,1.047133,14:15:02.098667,2.098666667
0.026160,0.043678,1.029369,14:15:02.099333,2.099333333
-0.008944,0.022896,0.998317,14:15:02.100000,2.100000000
-0.038763,-0.005011,1.024127,14:15:02.100667,2.100666667
0.013868,0.023813,1.037190,14:15:02.101333,2.101333333
0.031794,0.066851,1.052863,14:15:02.102000,2.102000000
0.039453,0.018751,1.027097,14:15:02.102667,2.102666667
0.030280,0.024225,1.004302,14:15:02.103333,2.103333333
0.080790,0.096493,1.052007,14:15:02.104000,2.104000000
0.100435,0.097922,1.036337,14:15:02.104667,2.104666667
0.135555,0.089960,1.065239,14:15:02.105333,2.105333333
0.233752,0.196145,1.124636,14:15:02.106000,2.106000000
0.176334,0.115517,1.101588,14:15:02.106667,2.106666667
0.028142,0.042056,1.000878,14:15:02.107333,2.107333333
0.048841,0.022022,0.994827,14:15:02.108000,2.108000000
0.118365,0.079239,1.050392,14:15:02.108667,2.108666667
0.125091,0.062238,1.020344,14:15:02.109333,2.109333333
0.042758,0.022981,1.013335,14:15:02.110000,2.110000000
0.002718,-0.037655,0.975444,14:15:02.110667,2.110666667
0.044261,-0.014769,0.991385,14:15:02.111333,2.111333333
0.041734,-0.009809,1.017855,14:15:02.112000,2.112000000
0.000825,-0.006347,0.969476,14:15:02.112667,2.112666667
-0.020127,-0.022719,0.968216,14:15:02.113333,2.113333333
0.019988,-0.010987,0.996636,14:15:02.114000,2.114000000
-0.009178,-0.009687,1.005963,14:15:02.114667,2.114666667
0.044319,0.019080,1.001262,14:15:02.115333,2.115333333
0.138431,0.043553,1.005627,14:15:02.116000,2.116000000
0.181565,0.117470,1.035622,14:15:02.116667,2.116666667
0.051491,-0.007909,0.986531,14:15:02.117333,2.117333333
-0.025302,-0.014741,0.955123,14:15:02.118000,2.118000000
0.038100,-0.028558,0.949012,14:15:02.118667,2.118666667
0.108206,0.037042,0.972471,14:15:02.119333,2.119333333
0.085539,0.019304,0.960142,14:15:02.120000,2.120000000
0.007849,-0.059852,0.930454,14:15:02.120667,2.120666667
-0.041392,-0.054510,0.926353,14:15:02.121333,2.121333333
-0.033747,-0.008875,0.946403,14:15:02.122000,2.122000000
-0.000024,-0.036790,0.950664,14:15:02.122667,2.122666667
-0.048224,-0.046858,0.951708,14:15:02.123333,2.123333333
-0.047567,-0.072309,0.953682,14:15:02.124000,2.124000000
-0.034036,-0.037821,0.963570,14:15:02.124667,2.124666667
-0.063535,-0.037702,0.991609,14:15:02.125333,2.125333333
0.005015,-0.037582,0.997569,14:15:02.126000,2.126000000
0.064102,0.017600,1.056075,14:15:02.126667,2.126666667
0.089597,0.073169,1.059367,14:15:02.127333,2.127333333
-0.053461,-0.023494,1.015836,14:15:02.128000,2.128000000
-0.096676,-0.095405,0.961451,14:15:02.128667,2.128666667
-0.055116,-0.052554,0.986591,14:15:02.129333,2.129333333
0.000635,0.017179,1.001506,14:15:02.130000,2.130000000
-0.044075,-0.064938,1.001848,14:15:02.130667,2.130666667
-0.122306,-0.106387,0.938673,14:15:02.131333,2.131333333
-0.141725,-0.125978,0.957181,14:15:02.132000,2.132000000
-0.084186,-0.098623,0.967683,14:15:02.132667,2.132666667
-0.146528,-0.075111,0.998364,14:15:02.133333,2.133333333
-0.135243,-0.060926,0.999697,14:15:02.134000,2.134000000
-0.145052,-0.066974,0.978313,14:15:02.134667,2.134666667
-0.104082,-0.014307,0.990823,14:15:02.135333,2.135333333
-0.109854,-0.033196,0.988841,14:15:02.136000,2.136000000
-0.094322,-0.033897,1.025680,14:15:02.136667,2.136666667
0.038475,0.113016,1.071814,14:15:02.137333,2.137333333
0.041014,0.082240,1.079956,14:15:02.138000,2.138000000
-0.081573,-0.007021,1.005626,14:15:02.138667,2.138666667
-0.100932,-0.015414,0.980437,14:15:02.139333,2.139333333
-0.014947,0.032694,1.025366,14:15:02.140000,2.140000000
0.039897,0.073542,1.055686,14:15:02.140667,2.140666667
0.016541,0.037403,1.034490,14:15:02.141333,2.141333333
-0.078680,0.017357,0.995311,14:15:02.142000,2.142000000
-0.037043,0.016631,1.002841,14:15:02.142667,2.142666667
-0.019065,0.021623,1.018243,14:15:02.143333,2.143333333
-0.009159,0.022080,1.030800,14:15:02.144000,2.144000000
0.010719,0.050461,1.023223,14:15:02.144667,2.144666667
-0.004952,0.033335,1.035056,14:15:02.145333,2.145333333
0.025629,0.067236,1.065046,14:15:02.146000,2.146000000
0.076464,0.079925,1.034312,14:15:02.146667,2.146666667
0.107656,0.123965,1.104839,14:15:02.147333,2.147333333
0.229819,0.187014,1.121238,14:15:02.148000,2.148000000
0.157721,0.088720,1.115276,14:15:02.148667,2.148666667
0.046058,0.049001,1.031434,14:15:02.149333,2.149333333
0.072323,0.033576,1.025954,14:15:02.150000,2.150000000
0.160017,0.092289,1.042608,14:15:02.150667,2.150666667
0.119246,0.091659,1.060634,14:15:02.151333,2.151333333
0.091890,0.024669,1.022672,14:15:02.152000,2.152000000
0.029235,-0.008308,0.988157,14:15:02.152667,2.152666667
0.051459,-0.032805,0.955101,14:15:02.153333,2.153333333
0.012020,-0.022184,0.970533,14:15:02.154000,2.154000000
0.090696,-0.011631,0.985779,14:15:02.154667,2.154666667
0.014490,-0.026704,0.967112,14:15:02.155333,2.155333333
-0.003852,0.015975,0.981378,14:15:02.156000,2.156000000
0.007874,-0.019453,0.977191,14:15:02.156667,2.156666667
0.028780,0.028751,0.998726,14:15:02.157333,2.157333333
0.084938,0.036871,0.995169,14:15:02.158000,2.158000000
0.194234,0.097256,1.040081,14:15:02.158667,2.158666667
0.112736,0.031176,1.015670,14:15:02.159333,2.159333333
0.003071,-0.016983,0.970923,14:15:02.160000,2.160000000
-0.001984,-0.046131,0.974722,14:15:02.160667,2.160666667
0.100667,0.031358,0.972181,14:15:02.161333,2.161333333
0.124413,0.029815,0.963966,14:15:02.162000,2.162000000
0.034564,-0.007348,0.944928,14:15:02.162667,2.162666667
-0.031939,-0.047608,0.944740,14:15:02.163333,2.163333333
0.000957,-0.050523,0.938401,14:15:02.164000,2.164000000
-0.002036,-0.019953,0.948783,14:15:02.164667,2.164666667
-0.009779,-0.040131,0.944788,14:15:02.165333,2.165333333
-0.073573,-0.037912,0.950157,14:15:02.166000,2.166000000
-0.027536,-0.050971,0.967792,14:15:02.166667,2.166666667
-0.039079,-0.070934,0.969052,14:15:02.167333,2.167333333
0.001110,-0.041764,0.986573,14:15:02.168000,2.168000000
0.082506,0.041550,1.024161,14:15:02.168667,2.168666667
0.111178,0.069650,1.053431,14:15:02.169333,2.169333333
0.003065,-0.021402,1.039544,14:15:02.170000,2.170000000
-0.071548,-0.075237,0.974349,14:15:02.170667,2.170666667
-0.056475,-0.052334,0.960129,14:15:02.171333,2.171333333
0.026669,0.000318,1.014354,14:15:02.172000,2.172000000
-0.035853,-0.000466,0.971087,14:15:02.172667,2.172666667
-0.105932,-0.064819,0.995409,14:15:02.173333,2.173333333
-0.115833,-0.104773,0.946136,14:15:02.174000,2.174000000
-0.133071,-0.097500,0.976027,14:15:02.174667,2.174666667
-0.115600,-0.084812,0.994170,14:15:02.175333,2.175333333
-0.131396,-0.080974,0.981270,14:15:02.176000,2.176000000
-0.143853,-0.070563,0.980312,14:15:02.176667,2.176666667
-0.149597,-0.078475,0.980389,14:15:02.177333,2.177333333
-0.125910,0.004260,1.021260,14:15:02.178000,2.178000000
-0.080721,-0.016784,1.006759,14:15:02.178667,2.178666667
0.033152,0.098256,1.075582,14:15:02.179333,2.179333333
0.041855,0.077548,1.064595,14:15:02.180000,2.180000000
-0.084675,0.008959,1.006334,14:15:02.180667,2.180666667
-0.119596,-0.019112,0.974709,14:15:02.181333,2.181333333
-0.007589,0.038152,1.012715,14:15:02.182000,2.182000000
0.060468,0.074352,1.022727,14:15:02.182667,2.182666667
-0.011163,0.030051,1.019676,14:15:02.183333,2.183333333
-0.047784,0.020646,0.995829,14:15:02.184000,2.184000000
-0.043871,-0.010820,0.981409,14:15:02.184667,2.184666667
-0.011552,0.051649,1.018584,14:15:02.185333,2.185333333
-0.014901,0.044114,1.040309,14:15:02.186000,2.186000000
0.004964,0.054293,1.029540,14:15:02.186667,2.186666667
-0.013105,0.032103,1.018109,14:15:02.187333,2.187333333
-0.010626,0.058707,1.021552,14:15:02.188000,2.188000000
0.050132,0.112372,1.048971,14:15:02.188667,2.188666667
0.094768,0.082901,1.060952,14:15:02.189333,2.189333333
0.208790,0.195556,1.141504,14:15:02.190000,2.190000000
0.172693,0.167536,1.090202,14:15:02.190667,2.190666667
0.056489,0.027431,1.019343,14:15:02.191333,2.191333333
0.031144,0.025004,1.026448,14:15:02.192000,2.192000000
0.118103,0.085233,1.057632,14:15:02.192667,2.192666667
0.175963,0.087973,1.085479,14:15:02.193333,2.193333333
0.115331,0.041157,1.021096,14:15:02.194000,2.194000000
0.049707,0.036097,0.981960,14:15:02.194667,2.194666667
0.001962,-0.013112,0.994410,14:15:02.195333,2.195333333
0.072196,0.004573,0.995441,14:15:02.196000,2.196000000
0.045083,-0.000418,1.001967,14:15:02.196667,2.196666667
0.041164,-0.013916,0.992046,14:15:02.197333,2.197333333
0.020460,-0.005652,0.965986,14:15:02.198000,2.198000000
0.036639,-0.008127,0.982571,14:15:02.198667,2.198666667
0.025653,0.014252,0.997736,14:15:02.199333,2.199333333
0.084809,0.012906,0.985459,14:15:02.200000,2.200000000
0.173202,0.096226,1.045725,14:15:02.200667,2.200666667
0.110339,0.093798,1.016445,14:15:02.201333,2.201333333
0.001551,-0.020262,0.961836,14:15:02.202000,2.202000000
0.029492,-0.013038,0.947102,14:15:02.202667,2.202666667
0.070207,0.003586,0.994793,14:15:02.203333,2.203333333
0.105885,0.016688,0.989930,14:15:02.204000,2.204000000
0.016343,-0.018346,0.973559,14:15:02.204667,2.204666667
-0.048362,-0.053770,0.931672,14:15:02.205333,2.205333333
-0.030161,-0.056267,0.932680,14:15:02.206000,2.206000000
-0.007315,-0.031744,0.919801,14:15:02.206667,2.206666667
0.019042,-0.040019,0.943062,14:15:02.207333,2.207333333
-0.057591,-0.048833,0.952261,14:15:02.208000,2.208000000
-0.051148,-0.023295,0.958909,14:15:02.208667,2.208666667
-0.005702,-0.049399,0.946038,14:15:02.209333,2.209333333
-0.010250,0.000869,1.000700,14:15:02.210000,2.210000000
0.019262,0.046743,1.011872,14:15:02.210667,2.210666667
0.152866,0.060523,1.075920,14:15:02.211333,2.211333333
0.003927,-0.009226,0.994183,14:15:02.212000,2.212000000
-0.090385,-0.080972,0.981259,14:15:02.212667,2.212666667
-0.035548,-0.079010,0.964364,14:15:02.213333,2.213333333
0.006175,0.016584,1.021000,14:15:02.214000,2.214000000
0.005177,-0.039032,0.992672,14:15:02.214667,2.214666667
-0.061005,-0.051035,0.966250,14:15:02.215333,2.215333333
-0.157921,-0.108243,0.948071,14:15:02.216000,2.216000000
-0.124930,-0.057790,0.967110,14:15:02.216667,2.216666667
-0.097031,-0.085339,0.958506,14:15:02.217333,2.217333333
-0.154843,-0.065429,0.995532,14:15:02.218000,2.218000000
-0.153033,-0.078537,0.988099,14:15:02.218667,2.218666667
-0.155495,-0.056276,0.992696,14:15:02.219333,2.219333333
-0.133893,-0.046392,1.004660,14:15:02.220000,2.220000000
-0.120433,-0.008035,1.012603,14:15:02.220667,2.220666667
-0.020639,0.036918,1.065493,14:15:02.221333,2.221333333
0.022285,0.068145,1.057218,14:15:02.222000,2.222000000
-0.090127,0.002240,1.037407,14:15:02.222667,2.222666667
-0.125192,-0.056762,0.971901,14:15:02.223333,2.223333333
-0.053554,0.002159,1.012771,14:15:02.224000,2.224000000
0.036471,0.055124,0.996990,14:15:02.224667,2.224666667
-0.007771,0.016534,1.021107,14:15:02.225333,2.225333333
-0.064750,-0.002461,0.986424,14:15:02.226000,2.226000000
-0.092572,-0.015587,0.982549,14:15:02.226667,2.226666667
0.007844,0.026374,1.013414,14:15:02.227333,2.227333333
-0.017693,0.016716,1.011237,14:15:02.228000,2.228000000
0.008019,0.039634,1.015717,14:15:02.228667,2.228666667
-0.051923,-0.001837,1.040000,14:15:02.229333,2.229333333
0.001335,0.047791,1.039105,14:15:02.230000,2.230000000
0.064351,0.060252,1.081598,14:15:02.230667,2.230666667
0.051212,0.085774,1.074111,14:15:02.231333,2.231333333
0.218739,0.165179,1.120056,14:15:02.232000,2.232000000
0.206671,0.146127,1.103219,14:15:02.232667,2.232666667
0.082395,0.053971,1.063044,14:15:02.233333,2.233333333
0.047618,0.018157,1.027939,14:15:02.234000,2.234000000
0.092052,0.071939,1.038686,14:15:02.234667,2.234666667
0.188277,0.110042,1.074567,14:15:02.235333,2.235333333
0.135123,0.052330,1.056487,14:15:02.236000,2.236000000
0.041845,-0.001097,0.997971,14:15:02.236667,2.236666667
0.022608,-0.025165,0.945383,14:15:02.237333,2.237333333
0.050298,0.000500,0.998837,14:15:02.238000,2.238000000
0.058979,0.021136,1.000087,14:15:02.238667,2.238666667
0.031673,0.014730,0.980693,14:15:02.239333,2.239333333
0.006775,0.009471,0.978060,14:15:02.240000,2.240000000
0.021817,-0.019726,1.006264,14:15:02.240667,2.240666667
0.032769,0.026103,1.020393,14:15:02.241333,2.241333333
0.073802,0.024391,0.979185,14:15:02.242000,2.242000000
0.183090,0.147940,1.049209,14:15:02.242667,2.242666667
0.168397,0.089899,1.026733,14:15:02.243333,2.243333333
-0.037748,-0.010370,0.979763,14:15:02.244000,2.244000000
-0.029163,-0.044196,0.942913,14:15:02.244667,2.244666667
0.081720,0.009540,0.992726,14:15:02.245333,2.245333333
0.058131,0.037943,0.977068,14:15:02.246000,2.246000000
0.058957,-0.008863,0.954992,14:15:02.246667,2.246666667
-0.009948,-0.052598,0.935073,14:15:02.247333,2.247333333
0.000117,-0.036448,0.944800,14:15:02.248000,2.248000000
0.005863,-0.038478,0.948857,14:15:02.248667,2.248666667
0.016603,-0.046594,0.966297,14:15:02.249333,2.249333333
-0.009470,-0.046280,0.956391,14:15:02.250000,2.250000000
-0.031286,-0.078200,0.933865,14:15:02.250667,2.250666667
-0.012618,-0.057078,0.965992,14:15:02.251333,2.251333333
0.001617,-0.049806,0.985077,14:15:02.252000,2.252000000
0.019652,-0.015635,0.992738,14:15:02.252667,2.252666667
0.150573,0.074539,1.059158,14:15:02.253333,2.253333333
0.072493,0.005384,1.028378,14:15:02.254000,2.254000000
-0.057010,-0.040510,0.964428,14:15:02.254667,2.254666667
-0.046151,-0.054215,0.945330,14:15:02.255333,2.255333333
0.046354,-0.004180,1.039725,14:15:02.256000,2.256000000
-0.004723,-0.029140,1.016598,14:15:02.256667,2.256666667
-0.084854,-0.054775,0.973631,14:15:02.257333,2.257333333
-0.108973,-0.077602,0.951914,14:15:02.258000,2.258000000
-0.088817,-0.088557,0.952463,14:15:02.258667,2.258666667
-0.102337,-0.071716,0.995369,14:15:02.259333,2.259333333
-0.108544,-0.066644,0.965282,14:15:02.260000,2.260000000
-0.139086,-0.079964,0.972232,14:15:02.260667,2.260666667
-0.129692,-0.102193,0.989206,14:15:02.261333,2.261333333
-0.104994,-0.036426,0.999368,14:15:02.262000,2.262000000
-0.050090,-0.027051,0.987052,14:15:02.262667,2.262666667
-0.026194,0.003442,1.019722,14:15:02.263333,2.263333333
0.066100,0.089292,1.091222,14:15:02.264000,2.264000000
-0.018973,0.006488,1.022275,14:15:02.264667,2.264666667
-0.133246,-0.075353,0.993869,14:15:02.265333,2.265333333
-0.106102,-0.027400,0.992017,14:15:02.266000,2.266000000
-0.000392,0.046647,1.027085,14:15:02.266667,2.266666667
-0.030705,0.058071,1.006937,14:15:02.267333,2.267333333
-0.083427,-0.006285,0.991337,14:15:02.268000,2.268000000
-0.088747,-0.020281,0.975934,14:15:02.268667,2.268666667
-0.050898,0.000556,1.015891,14:15:02.269333,2.269333333
-0.026487,0.011687,1.014163,14:15:02.270000,2.270000000
-0.032175,0.004149,1.027532,14:15:02.270667,2.270666667
-0.045153,0.017475,1.005868,14:15:02.271333,2.271333333
-0.016106,0.032601,1.015177,14:15:02.272000,2.272000000
0.016802,0.067123,1.061795,14:15:02.272667,2.272666667
0.059049,0.094679,1.044941,14:15:02.273333,2.273333333
0.160873,0.168940,1.101278,14:15:02.274000,2.274000000
0.226584,0.168386,1.130068,14:15:02.274667,2.274666667
0.072329,0.087468,1.046262,14:15:02.275333,2.275333333
0.054102,0.022342,1.028014,14:15:02.276000,2.276000000
0.086070,0.103170,1.032722,14:15:02.276667,2.276666667
0.176325,0.092601,1.063301,14:15:02.277333,2.277333333
0.143990,0.083907,1.034908,14:15:02.278000,2.278000000
0.051675,0.020304,1.004234,14:15:02.278667,2.278666667
0.059871,-0.008540,0.964128,14:15:02.279333,2.279333333
0.061476,0.008450,1.014093,14:15:02.280000,2.280000000
0.046414,0.017140,0.983747,14:15:02.280667,2.280666667
0.023679,-0.031350,1.000976,14:15:02.281333,2.281333333
0.037001,0.010461,0.999397,14:15:02.282000,2.282000000
0.044451,0.000813,0.991651,14:15:02.282667,2.282666667
0.042215,0.030754,0.985304,14:15:02.283333,2.283333333
0.075591,0.023558,1.015266,14:15:02.284000,2.284000000
0.178792,0.085856,1.076481,14:15:02.284667,2.284666667
0.158857,0.050728,1.067396,14:15:02.285333,2.285333333
0.023295,0.015582,0.986117,14:15:02.286000,2.286000000
0.005480,-0.025435,0.928722,14:15:02.286667,2.286666667
0.066092,0.026514,0.977833,14:15:02.287333,2.287333333
0.128541,0.053197,0.976358,14:15:02.288000,2.288000000
0.047030,0.020601,0.980701,14:15:02.288667,2.288666667
-0.011725,-0.055412,0.941263,14:15:02.289333,2.289333333
0.007312,-0.052532,0.928993,14:15:02.290000,2.290000000
0.024369,-0.020535,0.945590,14:15:02.290667,2.290666667
0.026456,-0.035990,0.956569,14:15:02.291333,2.291333333
-0.009084,-0.021131,0.957143,14:15:02.292000,2.292000000
-0.024149,-0.057732,0.945397,14:15:02.292667,2.292666667
-0.044564,-0.030712,0.978818,14:15:02.293333,2.293333333
-0.029947,-0.018880,0.966728,14:15:02.294000,2.294000000
-0.008521,0.009450,0.979541,14:15:02.294667,2.294666667
0.166272,0.089002,1.069589,14:15:02.295333,2.295333333
0.086875,0.076147,1.019218,14:15:02.296000,2.296000000
-0.032824,-0.087475,0.954414,14:15:02.296667,2.296666667
-0.051301,-0.063401,0.954280,14:15:02.297333,2.297333333
0.020000,0.013038,1.012348,14:15:02.298000,2.298000000
0.028430,-0.018301,1.003728,14:15:02.298667,2.298666667
-0.014373,-0.073369,0.961112,14:15:02.299333,2.299333333
-0.096564,-0.066167,0.939395,14:15:02.300000,2.300000000
-0.139699,-0.091567,0.982537,14:15:02.300667,2.300666667
-0.089041,-0.081288,0.968087,14:15:02.301333,2.301333333
-0.100248,-0.096092,0.959309,14:15:02.302000,2.302000000
-0.116033,-0.114167,0.966318,14:15:02.302667,2.302666667
-0.113859,-0.054792,0.991456,14:15:02.303333,2.303333333
-0.123376,-0.057264,0.975938,14:15:02.304000,2.304000000
-0.086266,-0.026603,0.985430,14:15:02.304667,2.304666667
-0.083458,-0.015992,1.003165,14:15:02.305333,2.305333333
0.054195,0.082039,1.093161,14:15:02.306000,2.306000000
-0.034009,0.044958,1.013443,14:15:02.306667,2.306666667
-0.105207,-0.052328,0.966783,14:15:02.307333,2.307333333
-0.117699,-0.049862,1.014638,14:15:02.308000,2.308000000
-0.039547,0.009996,1.011574,14:15:02.308667,2.308666667
-0.024038,0.022305,1.022643,14:15:02.309333,2.309333333
-0.078627,-0.032726,0.984063,14:15:02.310000,2.310000000
-0.094715,-0.041268,0.979223,14:15:02.310667,2.310666667
-0.096467,-0.007918,0.994890,14:15:02.311333,2.311333333
-0.039616,0.025930,0.990002,14:15:02.312000,2.312000000
-0.045316,0.016033,1.007004,14:15:02.312667,2.312666667
-0.046980,0.018665,0.993510,14:15:02.313333,2.313333333
-0.026543,0.045290,1.028795,14:15:02.314000,2.314000000
0.019176,0.036128,1.022509,14:15:02.314667,2.314666667
0.044508,0.064041,1.075394,14:15:02.315333,2.315333333
0.116148,0.144334,1.096601,14:15:02.316000,2.316000000
0.175487,0.174333,1.119131,14:15:02.316667,2.316666667
0.095716,0.099048,1.065136,14:15:02.317333,2.317333333
0.048172,0.049721,1.005860,14:15:02.318000,2.318000000
0.084204,0.056705,1.048615,14:15:02.318667,2.318666667
0.168701,0.143166,1.064457,14:15:02.319333,2.319333333
0.131701,0.083619,1.054010,14:15:02.320000,2.320000000
0.056951,0.048269,1.040327,14:15:02.320667,2.320666667
0.023525,0.004100,1.025792,14:15:02.321333,2.321333333
0.053390,0.027403,1.017115,14:15:02.322000,2.322000000
0.030267,0.018574,1.031730,14:15:02.322667,2.322666667
0.039816,0.001428,0.997956,14:15:02.323333,2.323333333
0.005191,-0.004541,1.016791,14:15:02.324000,2.324000000
0.061115,-0.028579,1.007995,14:15:02.324667,2.324666667
0.066110,0.027293,1.009400,14:15:02.325333,2.325333333
0.093022,0.026120,0.988058,14:15:02.326000,2.326000000
0.162256,0.083852,1.072265,14:15:02.326667,2.326666667
0.201962,0.126658,1.073642,14:15:02.327333,2.327333333
0.074877,0.006803,1.002416,14:15:02.328000,2.328000000
0.021251,-0.025082,0.946977,14:15:02.328667,2.328666667
0.084336,-0.018751,0.973578,14:15:02.329333,2.329333333
0.098419,0.046207,0.967104,14:15:02.330000,2.330000000
0.046386,-0.009223,0.950138,14:15:02.330667,2.330666667
-0.019366,-0.070087,0.928654,14:15:02.331333,2.331333333
-0.037360,-0.051987,0.945726,14:15:02.332000,2.332000000
-0.020095,-0.046925,0.933986,14:15:02.332667,2.332666667
-0.002172,-0.004079,0.943375,14:15:02.333333,2.333333333
-0.015717,-0.034408,0.970299,14:15:02.334000,2.334000000
-0.027106,-0.062504,0.966656,14:15:02.334667,2.334666667
-0.030401,-0.025939,0.966417,14:15:02.335333,2.335333333
-0.024642,-0.011176,0.994020,14:15:02.336000,2.336000000
0.044927,0.001476,0.972601,14:15:02.336667,2.336666667
0.127498,0.084832,1.037555,14:15:02.337333,2.337333333
0.100148,0.075469,1.035442,14:15:02.338000,2.338000000
-0.005723,-0.015503,0.964486,14:15:02.338667,2.338666667
-0.035857,-0.039879,0.958961,14:15:02.339333,2.339333333
0.005514,-0.025455,0.950316,14:15:02.340000,2.340000000
0.055428,-0.022157,0.997006,14:15:02.340667,2.340666667
-0.017755,-0.029824,1.011703,14:15:02.341333,2.341333333
-0.062054,-0.086164,0.981053,14:15:02.342000,2.342000000
-0.082928,-0.097036,0.965945,14:15:02.342667,2.342666667
-0.064523,-0.104039,0.965690,14:15:02.343333,2.343333333
-0.071947,-0.105844,0.989068,14:15:02.344000,2.344000000
-0.129846,-0.063815,0.981945,14:15:02.344667,2.344666667
-0.125150,-0.089664,0.986122,14:15:02.345333,2.345333333
-0.123630,-0.069626,0.989687,14:15:02.346000,2.346000000
-0.113581,-0.047241,1.011630,14:15:02.346667,2.346666667
-0.060791,-0.036033,1.014352,14:15:02.347333,2.347333333
0.046685,0.053992,1.073800,14:15:02.348000,2.348000000
-0.012293,0.033586,1.056520,14:15:02.348667,2.348666667
-0.135311,-0.041168,0.990722,14:15:02.349333,2.349333333
-0.116586,-0.062995,0.980326,14:15:02.350000,2.350000000
-0.034349,0.005070,1.001322,14:15:02.350667,2.350666667
-0.021999,0.014220,1.030873,14:15:02.351333,2.351333333
-0.057916,-0.023567,1.001473,14:15:02.352000,2.352000000
-0.127971,-0.058515,0.987213,14:15:02.352667,2.352666667
-0.117062,-0.038744,0.979158,14:15:02.353333,2.353333333
-0.065872,0.002769,1.002794,14:15:02.354000,2.354000000
-0.074358,0.016336,1.000595,14:15:02.354667,2.354666667
-0.050261,-0.020356,1.014954,14:15:02.355333,2.355333333
-0.045870,0.024654,1.051264,14:15:02.356000,2.356000000
-0.017805,0.037666,1.035961,14:15:02.356667,2.356666667
0.011127,0.065348,1.070278,14:15:02.357333,2.357333333
0.066180,0.078944,1.066631,14:15:02.358000,2.358000000
0.193578,0.172022,1.139905,14:15:02.358667,2.358666667
0.118403,0.072128,1.081724,14:15:02.359333,2.359333333
0.006908,0.025558,1.032564,14:15:02.360000,2.360000000
0.026216,0.078680,1.058805,14:15:02.360667,2.360666667
0.141234,0.119467,1.048413,14:15:02.361333,2.361333333
0.127095,0.114741,1.041295,14:15:02.362000,2.362000000
0.072109,0.060749,1.040241,14:15:02.362667,2.362666667
0.017591,0.018509,0.984943,14:15:02.363333,2.363333333
0.048263,-0.011476,0.999267,14:15:02.364000,2.364000000
0.037541,0.014137,1.016701,14:15:02.364667,2.364666667
0.061637,0.040873,1.046587,14:15:02.365333,2.365333333
0.018428,-0.007705,1.046116,14:15:02.366000,2.366000000
0.032390,-0.003603,1.000344,14:15:02.366667,2.366666667
0.044050,0.047250,1.029110,14:15:02.367333,2.367333333
0.081734,0.001307,1.008723,14:15:02.368000,2.368000000
0.181451,0.060639,1.053225,14:15:02.368667,2.368666667
0.205194,0.146975,1.053359,14:15:02.369333,2.369333333
0.101153,0.022392,1.011086,14:15:02.370000,2.370000000
0.044175,-0.000045,0.936219,14:15:02.370667,2.370666667
0.041126,0.010813,0.987314,14:15:02.371333,2.371333333
0.093444,0.052300,0.964586,14:15:02.372000,2.372000000
0.089354,0.013203,0.975786,14:15:02.372667,2.372666667
0.024786,-0.019662,0.977995,14:15:02.373333,2.373333333
-0.057592,-0.057566,0.929986,14:15:02.374000,2.374000000
0.022474,-0.047141,0.926346,14:15:02.374667,2.374666667
-0.024068,-0.041601,0.935242,14:15:02.375333,2.375333333
-0.031402,-0.023307,0.941528,14:15:02.376000,2.376000000
-0.040180,-0.020485,0.964217,14:15:02.376667,2.376666667
-0.020836,-0.019267,0.962897,14:15:02.377333,2.377333333
0.030690,-0.024923,0.962128,14:15:02.378000,2.378000000
0.037991,-0.006614,0.983154,14:15:02.378667,2.378666667
0.120511,0.070437,1.041055,14:15:02.379333,2.379333333
0.127799,0.076410,1.028346,14:15:02.380000,2.380000000
-0.016042,-0.026405,0.957232,14:15:02.380667,2.380666667
-0.024444,-0.072127,0.975239,14:15:02.381333,2.381333333
-0.011275,-0.040732,0.989097,14:15:02.382000,2.382000000
0.067948,-0.007614,1.005021,14:15:02.382667,2.382666667
0.012920,-0.030825,1.009830,14:15:02.383333,2.383333333
-0.046927,-0.094314,0.932244,14:15:02.384000,2.384000000
-0.084381,-0.087671,0.951446,14:15:02.384667,2.384666667
-0.106860,-0.079098,0.981697,14:15:02.385333,2.385333333
-0.077368,-0.077850,0.961056,14:15:02.386000,2.386000000
-0.124459,-0.066632,0.980424,14:15:02.386667,2.386666667
-0.117733,-0.080136,0.969219,14:15:02.387333,2.387333333
-0.112490,-0.072047,1.010128,14:15:02.388000,2.388000000
-0.107433,-0.049692,0.989852,14:15:02.388667,2.388666667
-0.070078,-0.044226,1.008147,14:15:02.389333,2.389333333
0.068707,0.025944,1.060320,14:15:02.390000,2.390000000
0.034077,0.034641,1.032316,14:15:02.390667,2.390666667
-0.120604,-0.047125,0.964141,14:15:02.391333,2.391333333
-0.129541,-0.075969,0.981552,14:15:02.392000,2.392000000
-0.057243,-0.011209,1.000316,14:15:02.392667,2.392666667
-0.013821,0.008849,0.996575,14:15:02.393333,2.393333333
-0.058787,-0.047010,0.977677,14:15:02.394000,2.394000000
-0.120395,-0.041365,0.985886,14:15:02.394667,2.394666667
-0.098246,-0.034804,0.964071,14:15:02.395333,2.395333333
-0.070302,-0.019227,0.996126,14:15:02.396000,2.396000000
-0.070257,0.000293,1.000957,14:15:02.396667,2.396666667
-0.091403,-0.015397,0.998594,14:15:02.397333,2.397333333
-0.078356,0.010010,1.028779,14:15:02.398000,2.398000000
-0.012753,0.062632,1.011634,14:15:02.398667,2.398666667
-0.003523,0.088942,1.045649,14:15:02.399333,2.399333333
0.005498,0.073040,1.054905,14:15:02.400000,2.400000000
0.165273,0.232095,1.120191,14:15:02.400667,2.400666667
0.123825,0.127955,1.088237,14:15:02.401333,2.401333333
0.017029,0.046276,1.028469,14:15:02.402000,2.402000000
0.077192,0.034094,1.020229,14:15:02.402667,2.402666667
0.140637,0.105604,1.057222,14:15:02.403333,2.403333333
0.171911,0.119499,1.055798,14:15:02.404000,2.404000000
0.104540,0.038025,1.046369,14:15:02.404667,2.404666667
0.038555,0.023377,1.000505,14:15:02.405333,2.405333333
0.049111,0.019144,1.009646,14:15:02.406000,2.406000000
0.061951,0.003092,1.009569,14:15:02.406667,2.406666667
0.076480,0.057558,1.034090,14:15:02.407333,2.407333333
0.044353,-0.012914,1.015888,14:15:02.408000,2.408000000
0.036119,0.034692,1.026405,14:15:02.408667,2.408666667
0.067467,0.032610,1.025178,14:15:02.409333,2.409333333
0.077866,0.051488,1.008236,14:15:02.410000,2.410000000
0.133437,0.083746,1.041307,14:15:02.410667,2.410666667
0.212706,0.130626,1.104737,14:15:02.411333,2.411333333
0.110117,0.078362,1.010950,14:15:02.412000,2.412000000
0.014330,-0.030531,0.960673,14:15:02.412667,2.412666667
0.010731,-0.001992,0.972100,14:15:02.413333,2.413333333
0.104663,0.056818,1.002619,14:15:02.414000,2.414000000
0.119148,0.051774,0.976877,14:15:02.414667,2.414666667
0.012418,-0.038548,0.954651,14:15:02.415333,2.415333333
-0.046756,-0.037638,0.921617,14:15:02.416000,2.416000000
-0.016227,-0.021359,0.925736,14:15:02.416667,2.416666667
0.034348,-0.004852,0.966644,14:15:02.417333,2.417333333
-0.007543,-0.060319,0.957168,14:15:02.418000,2.418000000
0.005911,-0.051342,0.944594,14:15:02.418667,2.418666667
-0.009529,-0.068911,0.946165,14:15:02.419333,2.419333333
0.024437,-0.034377,0.963274,14:15:02.420000,2.420000000
0.005846,-0.007834,0.984682,14:15:02.420667,2.420666667
0.131266,0.080360,1.039508,14:15:02.421333,2.421333333
0.194173,0.113561,1.016506,14:15:02.422000,2.422000000
0.050067,0.011375,0.966427,14:15:02.422667,2.422666667
-0.059478,-0.065654,0.944758,14:15:02.423333,2.423333333
-0.013855,-0.024054,0.975274,14:15:02.424000,2.424000000
0.057569,0.014153,0.989993,14:15:02.424667,2.424666667
0.051051,0.007804,1.015316,14:15:02.425333,2.425333333
-0.060624,-0.060653,0.939343,14:15:02.426000,2.426000000
-0.089432,-0.086156,0.953775,14:15:02.426667,2.426666667
-0.036633,-0.100365,0.986416,14:15:02.427333,2.427333333
-0.046258,-0.042684,0.986853,14:15:02.428000,2.428000000
-0.089897,-0.060532,0.983064,14:15:02.428667,2.428666667
-0.100607,-0.079781,0.971716,14:15:02.429333,2.429333333
-0.084177,-0.057189,0.999678,14:15:02.430000,2.430000000
-0.081116,-0.038460,1.003897,14:15:02.430667,2.430666667
-0.114599,-0.017626,1.020182,14:15:02.431333,2.431333333
0.004744,0.034069,1.056954,14:15:02.432000,2.432000000
0.040044,0.024915,1.072930,14:15:02.432667,2.432666667
-0.086148,-0.021584,0.981405,14:15:02.433333,2.433333333
-0.177674,-0.102062,0.969899,14:15:02.434000,2.434000000
-0.090863,-0.029553,0.979246,14:15:02.434667,2.434666667
-0.022558,-0.005235,0.993236,14:15:02.435333,2.435333333
-0.088641,-0.016979,0.997915,14:15:02.436000,2.436000000
-0.145944,-0.053494,0.954703,14:15:02.436667,2.436666667
-0.168468,-0.036338,0.970936,14:15:02.437333,2.437333333
-0.101821,-0.061107,0.991000,14:15:02.438000,2.438000000
-0.089650,-0.013057,0.976527,14:15:02.438667,2.438666667
-0.083799,-0.005776,0.992380,14:15:02.439333,2.439333333
-0.073946,0.003259,1.015137,14:15:02.440000,2.440000000
-0.047700,0.002766,1.014443,14:15:02.440667,2.440666667
-0.014062,0.030657,0.994468,14:15:02.441333,2.441333333
0.011116,0.024042,1.051273,14:15:02.442000,2.442000000
0.173949,0.167528,1.127314,14:15:02.442667,2.442666667
0.140986,0.149353,1.086436,14:15:02.443333,2.443333333
-0.000457,0.007702,1.032699,14:15:02.444000,2.444000000
-0.008892,0.040100,1.024467,14:15:02.444667,2.444666667
0.087926,0.102892,1.043043,14:15:02.445333,2.445333333
0.150549,0.122983,1.064906,14:15:02.446000,2.446000000
0.109193,0.080120,1.033691,14:15:02.446667,2.446666667
0.034385,0.054493,1.011194,14:15:02.447333,2.447333333
0.050731,0.030313,1.011276,14:15:02.448000,2.448000000
0.082174,0.029864,1.030610,14:15:02.448667,2.448666667
0.073973,0.023426,1.015575,14:15:02.449333,2.449333333
0.057386,0.057206,1.023553,14:15:02.450000,2.450000000
0.051978,-0.000764,1.022741,14:15:02.450667,2.450666667
0.077409,0.067884,1.002817,14:15:02.451333,2.451333333
0.071137,0.059715,1.044951,14:15:02.452000,2.452000000
0.095511,0.049281,1.041396,14:15:02.452667,2.452666667
0.266568,0.152056,1.084350,14:15:02.453333,2.453333333
0.136137,0.071570,1.052750,14:15:02.454000,2.454000000
0.008621,-0.005270,0.986641,14:15:02.454667,2.454666667
0.044479,-0.000465,1.003358,14:15:02.455333,2.455333333
0.116914,0.034702,1.000417,14:15:02.456000,2.456000000
0.128711,0.029468,1.004126,14:15:02.456667,2.456666667
0.047200,-0.040604,0.932006,14:15:02.457333,2.457333333
-0.008102,-0.059217,0.965917,14:15:02.458000,2.458000000
-0.030520,-0.024437,0.942088,14:15:02.458667,2.458666667
0.003788,-0.006657,0.965308,14:15:02.459333,2.459333333
-0.007658,-0.041737,0.934669,14:15:02.460000,2.460000000
-0.018318,0.000368,0.954578,14:15:02.460667,2.460666667
-0.016383,-0.038672,0.962724,14:15:02.461333,2.461333333
-0.008208,-0.017048,0.969026,14:15:02.462000,2.462000000
0.017959,-0.003609,1.011139,14:15:02.462667,2.462666667
0.107279,0.032683,0.994299,14:15:02.463333,2.463333333
0.163723,0.113435,1.058468,14:15:02.464000,2.464000000
0.046892,0.021456,0.976703,14:15:02.464667,2.464666667
-0.048200,-0.053165,0.957656,14:15:02.465333,2.465333333
0.010688,-0.026494,0.961243,14:15:02.466000,2.466000000
0.065531,0.009891,1.005344,14:15:02.466667,2.466666667
0.036893,0.022390,0.985686,14:15:02.467333,2.467333333
-0.036581,-0.050011,0.957567,14:15:02.468000,2.468000000
-0.077487,-0.114670,0.983102,14:15:02.468667,2.468666667
-0.034978,-0.082211,0.940984,14:15:02.469333,2.469333333
-0.068380,-0.046367,0.964734,14:15:02.470000,2.470000000
-0.097865,-0.064464,0.943931,14:15:02.470667,2.470666667
-0.098039,-0.062331,0.976728,14:15:02.471333,2.471333333
-0.120196,-0.071004,0.982353,14:15:02.472000,2.472000000
-0.137479,-0.056182,0.994469,14:15:02.472667,2.472666667
-0.081045,-0.041074,1.006822,14:15:02.473333,2.473333333
0.017993,0.046487,1.063559,14:15:02.474000,2.474000000
0.046423,0.056683,1.063192,14:15:02.474667,2.474666667
-0.102331,-0.034825,0.991898,14:15:02.475333,2.475333333
-0.152956,-0.084757,0.951624,14:15:02.476000,2.476000000
-0.087436,-0.045576,0.968456,14:15:02.476667,2.476666667
-0.025080,0.010541,1.021708,14:15:02.477333,2.477333333
-0.046598,-0.013220,0.997579,14:15:02.478000,2.478000000
-0.105895,-0.057852,0.976287,14:15:02.478667,2.478666667
-0.128840,-0.059589,0.954098,14:15:02.479333,2.479333333
-0.093287,-0.063864,0.968576,14:15:02.480000,2.480000000
-0.107169,-0.003526,0.972364,14:15:02.480667,2.480666667
-0.092721,-0.046861,0.995022,14:15:02.481333,2.481333333
-0.113195,-0.042511,1.005406,14:15:02.482000,2.482000000
-0.058908,0.014935,1.006985,14:15:02.482667,2.482666667
-0.003999,0.040115,1.032755,14:15:02.483333,2.483333333
-0.025753,0.067121,1.051752,14:15:02.484000,2.484000000
0.119116,0.132836,1.089753,14:15:02.484667,2.484666667
0.109631,0.177409,1.111540,14:15:02.485333,2.485333333
0.023626,0.038079,1.023813,14:15:02.486000,2.486000000
-0.008099,0.043406,1.035336,14:15:02.486667,2.486666667
0.063762,0.092121,1.052802,14:15:02.487333,2.487333333
0.168186,0.113279,1.062761,14:15:02.488000,2.488000000
0.081192,0.061617,1.054033,14:15:02.488667,2.488666667
0.040333,0.020180,1.004188,14:15:02.489333,2.489333333
0.023515,0.035583,1.004093,14:15:02.490000,2.490000000
0.076081,0.054298,1.031785,14:15:02.490667,2.490666667
0.064609,0.038989,1.058622,14:15:02.491333,2.491333333
0.038131,0.037024,1.025808,14:15:02.492000,2.492000000
0.046293,0.027384,1.030043,14:15:02.492667,2.492666667
0.066041,0.043223,1.018440,14:15:02.493333,2.493333333
0.085123,0.050980,1.047337,14:15:02.494000,2.494000000
0.097067,0.054031,1.046099,14:15:02.494667,2.494666667
0.215221,0.127576,1.100835,14:15:02.495333,2.495333333
0.195547,0.116358,1.050768,14:15:02.496000,2.496000000
0.020389,0.021339,0.992885,14:15:02.496667,2.496666667
0.030015,-0.010774,0.992776,14:15:02.497333,2.497333333
0.144940,0.071409,0.998940,14:15:02.498000,2.498000000
0.140562,0.049033,1.008646,14:15:02.498667,2.498666667
0.015833,0.023855,0.966061,14:15:02.499333,2.499333333
0.008601,-0.053707,0.949021,14:15:02.500000,2.500000000
-0.004581,-0.044991,0.946240,14:15:02.500667,2.500666667
0.017491,-0.037926,0.977674,14:15:02.501333,2.501333333
-0.003757,-0.027095,0.966498,14:15:02.502000,2.502000000
0.019655,-0.014499,0.963798,14:15:02.502667,2.502666667
-0.049917,-0.052961,0.961634,14:15:02.503333,2.503333333
0.016992,0.004618,0.965069,14:15:02.504000,2.504000000
0.017849,0.024665,0.999970,14:15:02.504667,2.504666667
0.031348,0.022674,1.005954,14:15:02.505333,2.505333333
0.160376,0.111467,1.035931,14:15:02.506000,2.506000000
0.107010,0.055454,1.015219,14:15:02.506667,2.506666667
-0.011800,-0.055589,0.945721,14:15:02.507333,2.507333333
-0.030903,-0.022992,0.960589,14:15:02.508000,2.508000000
0.080358,0.007529,1.005704,14:15:02.508667,2.508666667
0.064574,-0.021077,0.991061,14:15:02.509333,2.509333333
-0.018197,-0.056411,0.961539,14:15:02.510000,2.510000000
-0.039901,-0.088752,0.931339,14:15:02.510667,2.510666667
-0.063128,-0.105178,0.952526,14:15:02.511333,2.511333333
-0.033493,-0.042149,0.969211,14:15:02.512000,2.512000000
-0.067913,-0.094533,0.980369,14:15:02.512667,2.512666667
-0.070677,-0.065882,0.985795,14:15:02.513333,2.513333333
-0.074240,-0.061215,0.984307,14:15:02.514000,2.514000000
-0.060731,-0.058190,0.975931,14:15:02.514667,2.514666667
-0.060788,-0.022522,1.022647,14:15:02.515333,2.515333333
-0.017119,0.021319,1.016381,14:15:02.516000,2.516000000
0.041965,0.038625,1.071144,14:15:02.516667,2.516666667
-0.037221,-0.008299,1.032225,14:15:02.517333,2.517333333
-0.107902,-0.102408,0.967756,14:15:02.518000,2.518000000
-0.079599,-0.044432,0.971188,14:15:02.518667,2.518666667
-0.022163,-0.022069,1.003946,14:15:02.519333,2.519333333
-0.063504,-0.007448,1.008189,14:15:02.520000,2.520000000
-0.143965,-0.037455,0.987829,14:15:02.520667,2.520666667
-0.135774,-0.088845,0.958087,14:15:02.521333,2.521333333
-0.106307,-0.044626,0.970160,14:15:02.522000,2.522000000
-0.121879,-0.008584,0.996092,14:15:02.522667,2.522666667
-0.142380,-0.036118,1.003754,14:15:02.523333,2.523333333
-0.121980,-0.001511,0.969586,14:15:02.524000,2.524000000
-0.113931,-0.016715,0.993922,14:15:02.524667,2.524666667
-0.067558,0.017394,1.015184,14:15:02.525333,2.525333333
-0.016796,0.068007,1.054568,14:15:02.526000,2.526000000
0.101153,0.123306,1.095875,14:15:02.526667,2.526666667
0.165829,0.169016,1.102636,14:15:02.527333,2.527333333
0.017578,0.044052,1.032359,14:15:02.528000,2.528000000
-0.030949,0.028314,0.974488,14:15:02.528667,2.528666667
0.031738,0.081723,1.044126,14:15:02.529333,2.529333333
0.112698,0.087370,1.056532,14:15:02.530000,2.530000000
0.087954,0.093873,1.054566,14:15:02.530667,2.530666667
0.042844,0.046863,1.019099,14:15:02.531333,2.531333333
0.042052,0.028860,1.004817,14:15:02.532000,2.532000000
0.034366,0.026290,1.061942,14:15:02.532667,2.532666667
0.059270,0.041600,1.037034,14:15:02.533333,2.533333333
0.047631,0.052015,1.050329,14:15:02.534000,2.534000000
0.013000,0.024838,1.018320,14:15:02.534667,2.534666667
0.025414,0.046810,1.041418,14:15:02.535333,2.535333333
0.092038,0.046047,1.078457,14:15:02.536000,2.536000000
0.103061,0.070319,1.012882,14:15:02.536667,2.536666667
0.233994,0.138705,1.095831,14:15:02.537333,2.537333333
0.157517,0.152542,1.071597,14:15:02.538000,2.538000000
0.045416,0.037637,1.006445,14:15:02.538667,2.538666667
0.052759,-0.029501,0.999201,14:15:02.539333,2.539333333
0.114659,0.075339,1.010952,14:15:02.540000,2.540000000
0.140571,0.059095,1.006979,14:15:02.540667,2.540666667
0.081395,0.032613,0.986979,14:15:02.541333,2.541333333
0.017694,-0.031420,0.954154,14:15:02.542000,2.542000000
0.033304,-0.041397,0.925410,14:15:02.542667,2.542666667
0.005075,-0.008735,0.967427,14:15:02.543333,2.543333333
0.022528,-0.021337,0.962706,14:15:02.544000,2.544000000
0.000222,-0.021512,0.940837,14:15:02.544667,2.544666667
-0.022971,-0.049896,0.946674,14:15:02.545333,2.545333333
0.036601,-0.025619,0.946894,14:15:02.546000,2.546000000
0.015211,-0.001838,0.990252,14:15:02.546667,2.546666667
0.015911,0.019897,0.979005,14:15:02.547333,2.547333333
0.166729,0.086086,1.046730,14:15:02.548000,2.548000000
0.108659,0.050667,0.990187,14:15:02.548667,2.548666667
-0.026838,-0.048913,0.932180,14:15:02.549333,2.549333333
-0.018517,-0.041555,0.951712,14:15:02.550000,2.550000000
0.064629,0.048618,0.994992,14:15:02.550667,2.550666667
0.108289,0.044838,0.983072,14:15:02.551333,2.551333333
-0.006945,-0.004509,0.925654,14:15:02.552000,2.552000000
-0.047606,-0.090849,0.929621,14:15:02.552667,2.552666667
-0.036435,-0.084153,0.952637,14:15:02.553333,2.553333333
-0.058363,-0.057837,0.966863,14:15:02.554000,2.554000000
-0.048839,-0.051891,0.959113,14:15:02.554667,2.554666667
-0.052884,-0.061508,0.954712,14:15:02.555333,2.555333333
-0.089680,-0.080036,0.983275,14:15:02.556000,2.556000000
-0.059769,-0.085293,1.006714,14:15:02.556667,2.556666667
-0.045158,-0.031605,1.013247,14:15:02.557333,2.557333333
-0.000369,-0.011339,1.007831,14:15:02.558000,2.558000000
0.102219,0.067083,1.075392,14:15:02.558667,2.558666667
-0.003337,-0.026847,1.034013,14:15:02.559333,2.559333333
-0.111950,-0.116259,0.964526,14:15:02.560000,2.560000000
-0.107169,-0.092384,0.966819,14:15:02.560667,2.560666667
-0.017551,0.003275,1.027041,14:15:02.561333,2.561333333
-0.036445,-0.038046,0.988685,14:15:02.562000,2.562000000
-0.092232,-0.081626,0.992681,14:15:02.562667,2.562666667
-0.131417,-0.090674,0.938262,14:15:02.563333,2.563333333
-0.119382,-0.050408,0.977804,14:15:02.564000,2.564000000
-0.096377,-0.036460,0.992893,14:15:02.564667,2.564666667
-0.118133,-0.039141,0.994886,14:15:02.565333,2.565333333
-0.127716,-0.057712,0.993286,14:15:02.566000,2.566000000
-0.152648,-0.045603,0.978951,14:15:02.566667,2.566666667
-0.078687,0.028061,1.019962,14:15:02.567333,2.567333333
-0.038835,0.031575,1.014052,14:15:02.568000,2.568000000
0.045905,0.099113,1.060047,14:15:02.568667,2.568666667
0.134504,0.153739,1.110950,14:15:02.569333,2.569333333
0.036769,0.091877,1.048070,14:15:02.570000,2.570000000
-0.045277,-0.000146,1.024673,14:15:02.570667,2.570666667
0.039182,0.060205,1.055724,14:15:02.571333,2.571333333
0.106968,0.132011,1.081848,14:15:02.572000,2.572000000
0.097127,0.073647,1.061952,14:15:02.572667,2.572666667
0.028123,0.038023,1.003370,14:15:02.573333,2.573333333
0.044652,0.023163,1.020111,14:15:02.574000,2.574000000
0.019081,0.037576,1.015063,14:15:02.574667,2.574666667
0.112516,0.058246,1.039673,14:15:02.575333,2.575333333
0.025837,0.060376,1.039049,14:15:02.576000,2.576000000
0.049391,0.020424,1.029184,14:15:02.576667,2.576666667
0.055565,0.047522,1.042524,14:15:02.577333,2.577333333
0.058096,0.016400,1.061092,14:15:02.578000,2.578000000
0.062363,0.077730,1.055058,14:15:02.578667,2.578666667
0.217147,0.139127,1.108243,14:15:02.579333,2.579333333
0.186486,0.166518,1.105709,14:15:02.580000,2.580000000
0.048726,0.044844,1.021406,14:15:02.580667,2.580666667
0.018435,0.000724,1.000329,14:15:02.581333,2.581333333
0.102827,0.030476,1.006210,14:15:02.582000,2.582000000
0.145087,0.038633,1.042041,14:15:02.582667,2.582666667
0.096079,0.023770,1.003211,14:15:02.583333,2.583333333
0.052665,-0.014946,0.979978,14:15:02.584000,2.584000000
0.004642,-0.026679,0.953186,14:15:02.584667,2.584666667
0.033041,-0.015237,0.964478,14:15:02.585333,2.585333333
0.046053,-0.025191,0.982918,14:15:02.586000,2.586000000
-0.005531,-0.077222,0.963022,14:15:02.586667,2.586666667
-0.016984,-0.039563,0.950671,14:15:02.587333,2.587333333
0.003286,-0.038019,0.967846,14:15:02.588000,2.588000000
0.003719,0.007578,0.987664,14:15:02.588667,2.588666667
0.038631,-0.007018,0.994546,14:15:02.589333,2.589333333
0.166774,0.078643,1.051442,14:15:02.590000,2.590000000
0.134093,0.076843,1.032216,14:15:02.590667,2.590666667
0.002529,-0.037980,0.958733,14:15:02.591333,2.591333333
-0.033065,-0.050216,0.966562,14:15:02.592000,2.592000000
0.027386,-0.000654,0.990831,14:15:02.592667,2.592666667
0.074081,0.016154,1.000248,14:15:02.593333,2.593333333
0.040471,-0.011506,0.954242,14:15:02.594000,2.594000000
-0.082708,-0.070365,0.931793,14:15:02.594667,2.594666667
-0.040873,-0.078026,0.969849,14:15:02.595333,2.595333333
0.001103,-0.050039,0.958944,14:15:02.596000,2.596000000
-0.016888,-0.065988,0.974479,14:15:02.596667,2.596666667
-0.048854,-0.073360,0.968455,14:15:02.597333,2.597333333
-0.113281,-0.088304,0.969525,14:15:02.598000,2.598000000
-0.046008,-0.070799,0.996524,14:15:02.598667,2.598666667
-0.035296,-0.022418,0.986955,14:15:02.599333,2.599333333
-0.041047,-0.040340,0.989738,14:15:02.600000,2.600000000
0.102577,0.065876,1.094768,14:15:02.600667,2.600666667
0.044231,0.011122,1.032972,14:15:02.601333,2.601333333
-0.082550,-0.074674,0.990659,14:15:02.602000,2.602000000
-0.093607,-0.079000,0.997818,14:15:02.602667,2.602666667
-0.002753,-0.019126,1.002173,14:15:02.603333,2.603333333
-0.012030,-0.014388,0.991067,14:15:02.604000,2.604000000
-0.091583,-0.086553,0.990129,14:15:02.604667,2.604666667
-0.135074,-0.078700,0.956233,14:15:02.605333,2.605333333
-0.139560,-0.086644,0.958304,14:15:02.606000,2.606000000
-0.115649,-0.066498,0.974406,14:15:02.606667,2.606666667
-0.110399,-0.056818,0.999221,14:15:02.607333,2.607333333
-0.141935,-0.063530,0.988875,14:15:02.608000,2.608000000
-0.143176,-0.071667,0.998111,14:15:02.608667,2.608666667
-0.083555,0.011342,0.994956,14:15:02.609333,2.609333333
-0.053425,0.013228,1.066100,14:15:02.610000,2.610000000
-0.031411,0.045860,1.057626,14:15:02.610667,2.610666667
0.090674,0.140203,1.083782,14:15:02.611333,2.611333333
0.024996,0.078029,1.020658,14:15:02.612000,2.612000000
-0.009250,0.015341,1.003054,14:15:02.612667,2.612666667
0.005773,0.018758,1.036975,14:15:02.613333,2.613333333
0.077576,0.119425,1.055962,14:15:02.614000,2.614000000
0.111626,0.067973,1.047865,14:15:02.614667,2.614666667
0.027458,0.046019,1.013390,14:15:02.615333,2.615333333
-0.027088,0.026211,1.024203,14:15:02.616000,2.616000000
0.024416,0.053524,1.018827,14:15:02.616667,2.616666667
0.056464,0.072773,1.025214,14:15:02.617333,2.617333333
0.009365,0.026691,1.037307,14:15:02.618000,2.618000000
0.018029,0.044732,1.043729,14:15:02.618667,2.618666667
0.083306,0.034249,1.057662,14:15:02.619333,2.619333333
0.094866,0.058701,1.033844,14:15:02.620000,2.620000000
0.095976,0.063759,1.081442,14:15:02.620667,2.620666667
0.196944,0.128899,1.111279,14:15:02.621333,2.621333333
0.213811,0.179510,1.106452,14:15:02.622000,2.622000000
0.098334,0.053779,1.061835,14:15:02.622667,2.622666667
0.028095,0.006196,0.992367,14:15:02.623333,2.623333333
0.071162,0.018403,1.007794,14:15:02.624000,2.624000000
0.138241,0.084911,1.021231,14:15:02.624667,2.624666667
0.106108,0.050767,1.013137,14:15:02.625333,2.625333333
0.033552,-0.018887,0.987932,14:15:02.626000,2.626000000
-0.008451,-0.039315,0.948826,14:15:02.626667,2.626666667
0.044188,-0.057535,0.950103,14:15:02.627333,2.627333333
-0.000487,-0.037081,0.990541,14:15:02.628000,2.628000000
0.039546,-0.040040,0.965034,14:15:02.628667,2.628666667
0.016275,0.004653,0.970635,14:15:02.629333,2.629333333
-0.008551,-0.020364,0.964119,14:15:02.630000,2.630000000
0.017234,-0.023591,0.989709,14:15:02.630667,2.630666667
0.030285,0.005848,0.973728,14:15:02.631333,2.631333333
0.152178,0.094619,1.070571,14:15:02.632000,2.632000000
0.165398,0.090160,1.026958,14:15:02.632667,2.632666667
0.010123,-0.029133,0.979899,14:15:02.633333,2.633333333
-0.029236,-0.026289,0.950002,14:15:02.634000,2.634000000
0.024319,-0.013811,0.959551,14:15:02.634667,2.634666667
0.058799,0.027170,0.973810,14:15:02.635333,2.635333333
0.052372,-0.002422,0.982463,14:15:02.636000,2.636000000
-0.001474,-0.073273,0.942735,14:15:02.636667,2.636666667
-0.018232,-0.055843,0.961695,14:15:02.637333,2.637333333
-0.023725,-0.077181,0.935503,14:15:02.638000,2.638000000
-0.022796,-0.034625,0.963447,14:15:02.638667,2.638666667
-0.060150,-0.077065,0.965173,14:15:02.639333,2.639333333
-0.074074,-0.042875,0.967470,14:15:02.640000,2.640000000
-0.070802,-0.054869,0.968221,14:15:02.640667,2.640666667
-0.037902,-0.053674,0.978621,14:15:02.641333,2.641333333
-0.026559,-0.049945,0.997884,14:15:02.642000,2.642000000
0.099444,0.073539,1.051127,14:15:02.642667,2.642666667
0.039780,0.018367,1.043138,14:15:02.643333,2.643333333
-0.063073,-0.067085,0.991046,14:15:02.644000,2.644000000
-0.110783,-0.073808,0.977861,14:15:02.644667,2.644666667
-0.035443,-0.027395,1.016449,14:15:02.645333,2.645333333
-0.014884,0.007206,1.012709,14:15:02.646000,2.646000000
-0.093625,-0.064802,0.980554,14:15:02.646667,2.646666667
-0.152921,-0.091328,0.968857,14:15:02.647333,2.647333333
-0.118278,-0.085588,0.980111,14:15:02.648000,2.648000000
-0.144596,-0.074121,0.957211,14:15:02.648667,2.648666667
-0.116905,-0.079730,0.991796,14:15:02.649333,2.649333333
-0.153439,-0.035358,0.966125,14:15:02.650000,2.650000000
-0.157711,-0.039358,0.971645,14:15:02.650667,2.650666667
-0.092685,-0.019887,0.987182,14:15:02.651333,2.651333333
-0.087512,0.008937,1.022616,14:15:02.652000,2.652000000
-0.055039,0.038070,1.035196,14:15:02.652667,2.652666667
0.070614,0.125020,1.098867,14:15:02.653333,2.653333333
0.038901,0.098985,1.048512,14:15:02.654000,2.654000000
-0.086108,0.019394,1.016457,14:15:02.654667,2.654666667
-0.017372,0.026058,1.020569,14:15:02.655333,2.655333333
0.044194,0.056883,1.051239,14:15:02.656000,2.656000000
0.052817,0.085327,1.050293,14:15:02.656667,2.656666667
-0.021441,0.049312,1.044656,14:15:02.657333,2.657333333
-0.028274,-0.001730,1.005253,14:15:02.658000,2.658000000
0.026031,0.035152,1.025417,14:15:02.658667,2.658666667
0.024787,0.043724,1.063792,14:15:02.659333,2.659333333
0.046151,0.030718,1.034532,14:15:02.660000,2.660000000
-0.019485,0.047970,1.028446,14:15:02.660667,2.660666667
0.012716,0.030974,1.019207,14:15:02.661333,2.661333333
0.062074,0.061994,1.031797,14:15:02.662000,2.662000000
0.088111,0.104876,1.029133,14:15:02.662667,2.662666667
0.160000,0.131033,1.108311,14:15:02.663333,2.663333333
0.261787,0.179048,1.111283,14:15:02.664000,2.664000000
0.139891,0.083108,1.046766,14:15:02.664667,2.664666667
0.044593,0.014364,1.003536,14:15:02.665333,2.665333333
0.066782,0.051620,0.999488,14:15:02.666000,2.666000000
0.146796,0.074213,1.059574,14:15:02.666667,2.666666667
0.113017,0.049104,1.042961,14:15:02.667333,2.667333333
0.070203,0.013581,0.963294,14:15:02.668000,2.668000000
0.002076,-0.036110,0.970791,14:15:02.668667,2.668666667
0.054005,-0.013935,0.957486,14:15:02.669333,2.669333333
0.059966,-0.022236,0.969866,14:15:02.670000,2.670000000
0.023822,-0.002019,0.990685,14:15:02.670667,2.670666667
-0.023607,-0.045335,0.956640,14:15:02.671333,2.671333333
-0.028511,-0.018344,0.964583,14:15:02.672000,2.672000000
0.046268,-0.031534,0.983894,14:15:02.672667,2.672666667
0.062472,0.001442,0.994302,14:15:02.673333,2.673333333
0.121135,0.068546,1.024876,14:15:02.674000,2.674000000
0.164656,0.101217,1.034910,14:15:02.674667,2.674666667
0.023959,0.004289,0.957138,14:15:02.675333,2.675333333
-0.001041,-0.049799,0.951304,14:15:02.676000,2.676000000
0.030560,-0.003593,0.954971,14:15:02.676667,2.676666667
0.112123,0.034641,0.973957,14:15:02.677333,2.677333333
0.045801,0.007957,0.982837,14:15:02.678000,2.678000000
0.006239,-0.039024,0.948362,14:15:02.678667,2.678666667
-0.032201,-0.041605,0.912054,14:15:02.679333,2.679333333
-0.025508,-0.053129,0.949811,14:15:02.680000,2.680000000
-0.059186,-0.062262,0.959394,14:15:02.680667,2.680666667
0.013951,-0.063326,0.950850,14:15:02.681333,2.681333333
-0.052870,-0.099385,0.971043,14:15:02.682000,2.682000000
-0.034406,-0.031205,0.969160,14:15:02.682667,2.682666667
-0.041571,-0.030543,0.971061,14:15:02.683333,2.683333333
-0.034852,-0.014828,1.004053,14:15:02.684000,2.684000000
0.079490,0.077922,1.039774,14:15:02.684667,2.684666667
0.064163,0.031780,1.047966,14:15:02.685333,2.685333333
-0.063323,-0.047046,0.995718,14:15:02.686000,2.686000000
-0.089896,-0.099394,0.988634,14:15:02.686667,2.686666667
-0.039000,-0.025272,0.998182,14:15:02.687333,2.687333333
0.022549,-0.041337,0.981578,14:15:02.688000,2.688000000
-0.072443,-0.047265,0.976294,14:15:02.688667,2.688666667
-0.175712,-0.087872,0.953002,14:15:02.689333,2.689333333
-0.130246,-0.106475,0.951271,14:15:02.690000,2.690000000
-0.083832,-0.072461,0.960407,14:15:02.690667,2.690666667
-0.134268,-0.080906,0.978805,14:15:02.691333,2.691333333
-0.147966,-0.043838,0.995790,14:15:02.692000,2.692000000
-0.168653,-0.043846,0.994704,14:15:02.692667,2.692666667
-0.130424,-0.032985,0.985148,14:15:02.693333,2.693333333
-0.113828,-0.037707,1.009380,14:15:02.694000,2.694000000
-0.049493,0.037122,1.011390,14:15:02.694667,2.694666667
0.062660,0.136340,1.076952,14:15:02.695333,2.695333333
0.021305,0.094093,1.058537,14:15:02.696000,2.696000000
-0.062057,-0.009442,1.003283,14:15:02.696667,2.696666667
-0.021732,0.017431,1.014854,14:15:02.697333,2.697333333
0.049590,0.058277,1.016266,14:15:02.698000,2.698000000
0.064781,0.078567,1.042888,14:15:02.698667,2.698666667
0.029595,0.070241,1.028379,14:15:02.699333,2.699333333
-0.057570,0.044302,0.998489,14:15:02.700000,2.700000000
-0.069389,0.028098,1.019118,14:15:02.700667,2.700666667
0.041824,0.069369,1.017619,14:15:02.701333,2.701333333
0.006889,0.046092,1.042740,14:15:02.702000,2.702000000
-0.009247,0.045017,1.006554,14:15:02.702667,2.702666667
0.027274,0.027903,1.030335,14:15:02.703333,2.703333333
0.046926,0.072604,1.054355,14:15:02.704000,2.704000000
0.089903,0.077686,1.068513,14:15:02.704667,2.704666667
0.098147,0.087013,1.100137,14:15:02.705333,2.705333333
0.228283,0.185872,1.138019,14:15:02.706000,2.706000000
0.148753,0.129777,1.074708,14:15:02.706667,2.706666667
0.033597,0.026693,1.010273,14:15:02.707333,2.707333333
0.094426,0.036656,1.003548,14:15:02.708000,2.708000000
0.141889,0.068654,1.034271,14:15:02.708667,2.708666667
0.139183,0.077925,1.012899,14:15:02.709333,2.709333333
0.063269,0.036823,0.978557,14:15:02.710000,2.710000000
0.032941,-0.026476,0.960970,14:15:02.710667,2.710666667
0.028000,-0.015099,0.991317,14:15:02.711333,2.711333333
0.069025,0.017791,0.997310,14:15:02.712000,2.712000000
0.026459,-0.030958,0.970042,14:15:02.712667,2.712666667
0.004196,-0.024232,0.985855,14:15:02.713333,2.713333333
0.001361,-0.033360,0.991579,14:15:02.714000,2.714000000
-0.000840,-0.006829,0.964478,14:15:02.714667,2.714666667
0.030562,-0.006097,0.998709,14:15:02.715333,2.715333333
0.139069,0.055255,1.005575,14:15:02.716000,2.716000000
0.186105,0.085961,1.038835,14:15:02.716667,2.716666667
0.086320,0.020840,0.987838,14:15:02.717333,2.717333333
0.004720,-0.068065,0.923542,14:15:02.718000,2.718000000
0.006157,-0.026686,0.968373,14:15:02.718667,2.718666667
0.083513,0.041640,1.016986,14:15:02.719333,2.719333333
0.085376,-0.012099,0.977356,14:15:02.720000,2.720000000
0.008972,-0.048427,0.955690,14:15:02.720667,2.720666667
-0.022265,-0.078669,0.914916,14:15:02.721333,2.721333333
-0.056992,-0.045937,0.940974,14:15:02.722000,2.722000000
-0.066166,-0.033155,0.953492,14:15:02.722667,2.722666667
-0.027830,-0.055526,0.941764,14:15:02.723333,2.723333333
-0.026509,-0.051851,0.963706,14:15:02.724000,2.724000000
-0.066617,-0.047400,0.996862,14:15:02.724667,2.724666667
-0.025874,-0.041037,0.996496,14:15:02.725333,2.725333333
0.000311,-0.027482,0.997040,14:15:02.726000,2.726000000
0.052599,0.055355,1.027162,14:15:02.726667,2.726666667
0.084297,0.035136,1.039297,14:15:02.727333,2.727333333
-0.021183,-0.043134,1.007459,14:15:02.728000,2.728000000
-0.101982,-0.069726,0.983069,14:15:02.728667,2.728666667
-0.048496,-0.052480,0.993683,14:15:02.729333,2.729333333
-0.003293,0.009139,1.006868,14:15:02.730000,2.730000000
-0.052614,-0.036044,0.972512,14:15:02.730667,2.730666667
-0.094577,-0.083750,0.995125,14:15:02.731333,2.731333333
-0.149032,-0.107508,0.953872,14:15:02.732000,2.732000000
-0.117656,-0.108117,0.974526,14:15:02.732667,2.732666667
-0.108199,-0.064604,0.976823,14:15:02.733333,2.733333333
-0.131809,-0.080475,0.997470,14:15:02.734000,2.734000000
-0.137000,-0.072171,0.962437,14:15:02.734667,2.734666667
-0.135236,-0.055257,0.988655,14:15:02.735333,2.735333333
-0.091156,-0.023593,0.981180,14:15:02.736000,2.736000000
-0.097012,0.016694,1.019929,14:15:02.736667,2.736666667
0.053784,0.078244,1.070546,14:15:02.737333,2.737333333
0.010045,0.084596,1.073009,14:15:02.738000,2.738000000
-0.051544,-0.000951,0.998007,14:15:02.738667,2.738666667
-0.067715,-0.026829,0.967463,14:15:02.739333,2.739333333
0.006300,0.042776,1.024374,14:15:02.740000,2.740000000
0.053121,0.056957,1.054720,14:15:02.740667,2.740666667
0.015751,0.050077,1.018254,14:15:02.741333,2.741333333
-0.009563,-0.039316,0.987952,14:15:02.742000,2.742000000
-0.016482,-0.015848,0.998258,14:15:02.742667,2.742666667
0.016953,0.038306,1.019069,14:15:02.743333,2.743333333
0.031157,0.042697,1.011894,14:15:02.744000,2.744000000
-0.015924,0.038976,1.010532,14:15:02.744667,2.744666667
-0.003012,0.027408,1.039944,14:15:02.745333,2.745333333
0.046708,0.062036,1.078539,14:15:02.746000,2.746000000
0.112865,0.081366,1.059192,14:15:02.746667,2.746666667
0.107991,0.074322,1.100562,14:15:02.747333,2.747333333
0.257877,0.185800,1.104182,14:15:02.748000,2.748000000
0.182659,0.136903,1.120701,14:15:02.748667,2.748666667
0.039954,0.049210,1.014891,14:15:02.749333,2.749333333
0.071496,0.044932,1.026686,14:15:02.750000,2.750000000
0.142183,0.093985,1.065566,14:15:02.750667,2.750666667
0.180654,0.062597,1.014303,14:15:02.751333,2.751333333
0.082679,0.018428,1.027793,14:15:02.752000,2.752000000
0.020061,0.005668,0.991746,14:15:02.752667,2.752666667
0.044838,-0.021232,0.968248,14:15:02.753333,2.753333333
0.050643,-0.013958,1.015300,14:15:02.754000,2.754000000
0.028283,-0.007144,0.988330,14:15:02.754667,2.754666667
0.019653,-0.039501,0.963035,14:15:02.755333,2.755333333
0.037952,-0.019469,1.005187,14:15:02.756000,2.756000000
0.014546,-0.022722,0.986506,14:15:02.756667,2.756666667
0.038380,-0.002431,0.989191,14:15:02.757333,2.757333333
0.088532,0.053493,1.024543,14:15:02.758000,2.758000000
0.183432,0.117331,1.017377,14:15:02.758667,2.758666667
0.071439,0.032863,0.960311,14:15:02.759333,2.759333333
-0.046181,-0.019543,0.942336,14:15:02.760000,2.760000000
0.023478,-0.045247,0.933938,14:15:02.760667,2.760666667
0.093956,0.030880,0.980738,14:15:02.761333,2.761333333
0.096002,0.037158,0.963773,14:15:02.762000,2.762000000
0.019835,-0.008123,0.928807,14:15:02.762667,2.762666667
-0.067982,-0.073943,0.922734,14:15:02.763333,2.763333333
-0.005102,-0.006984,0.920548,14:15:02.764000,2.764000000
0.015564,-0.045463,0.971884,14:15:02.764667,2.764666667
-0.026353,-0.035757,0.976222,14:15:02.765333,2.765333333
-0.029509,-0.056350,0.955699,14:15:02.766000,2.766000000
-0.043749,-0.061322,0.979991,14:15:02.766667,2.766666667
-0.048137,-0.056136,0.965726,14:15:02.767333,2.767333333
-0.034241,-0.031712,0.988547,14:15:02.768000,2.768000000
0.043496,0.042696,1.006847,14:15:02.768667,2.768666667
0.123047,0.060822,1.061280,14:15:02.769333,2.769333333
0.001534,-0.002558,1.015184,14:15:02.770000,2.770000000
-0.053903,-0.092149,0.976015,14:15:02.770667,2.770666667
-0.019082,-0.054600,0.973453,14:15:02.771333,2.771333333
0.020423,-0.039872,0.988821,14:15:02.772000,2.772000000
0.000980,-0.029871,0.992584,14:15:02.772667,2.772666667
-0.112994,-0.094322,0.991079,14:15:02.773333,2.773333333
-0.114010,-0.088986,0.919588,14:15:02.774000,2.774000000
-0.124220,-0.054249,0.978324,14:15:02.774667,2.774666667
-0.122607,-0.079503,0.980136,14:15:02.775333,2.775333333
-0.145108,-0.102600,0.955162,14:15:02.776000,2.776000000
-0.158142,-0.107603,0.950111,14:15:02.776667,2.776666667
-0.134622,-0.055531,0.998755,14:15:02.777333,2.777333333
-0.126276,-0.038705,0.994315,14:15:02.778000,2.778000000
-0.069716,-0.001890,1.003567,14:15:02.778667,2.778666667
0.054341,0.099749,1.058393,14:15:02.779333,2.779333333
0.045681,0.061682,1.066738,14:15:02.780000,2.780000000
-0.065249,0.007218,0.975653,14:15:02.780667,2.780666667
-0.116680,-0.036787,0.998177,14:15:02.781333,2.781333333
-0.023143,0.018030,1.031373,14:15:02.782000,2.782000000
0.041841,0.078796,1.017142,14:15:02.782667,2.782666667
-0.009168,0.043057,1.019856,14:15:02.783333,2.783333333
-0.066488,-0.002644,1.024364,14:15:02.784000,2.784000000
-0.075953,-0.015075,1.013092,14:15:02.784667,2.784666667
-0.020591,-0.000727,1.033682,14:15:02.785333,2.785333333
0.005124,0.036303,1.021255,14:15:02.786000,2.786000000
0.000636,0.048460,1.061725,14:15:02.786667,2.786666667
-0.011778,0.026039,1.029957,14:15:02.787333,2.787333333
0.017808,0.068981,1.057844,14:15:02.788000,2.788000000
0.073579,0.075834,1.080637,14:15:02.788667,2.788666667
0.086289,0.088261,1.064584,14:15:02.789333,2.789333333
0.205069,0.158567,1.127397,14:15:02.790000,2.790000000
0.174550,0.146435,1.111845,14:15:02.790667,2.790666667
0.109775,0.076019,1.044535,14:15:02.791333,2.791333333
0.042357,0.043880,1.032657,14:15:02.792000,2.792000000
0.104150,0.090589,1.019448,14:15:02.792667,2.792666667
0.164452,0.102934,1.073449,14:15:02.793333,2.793333333
0.145547,0.030382,1.009234,14:15:02.794000,2.794000000
0.055443,0.005102,1.003509,14:15:02.794667,2.794666667
-0.005131,-0.014271,0.967357,14:15:02.795333,2.795333333
0.026538,0.009860,1.002961,14:15:02.796000,2.796000000
0.042438,-0.007952,0.986124,14:15:02.796667,2.796666667
0.014629,-0.009836,0.999995,14:15:02.797333,2.797333333
0.014297,-0.023405,1.004900,14:15:02.798000,2.798000000
0.008819,-0.003272,1.014698,14:15:02.798667,2.798666667
0.065361,0.022445,1.006799,14:15:02.799333,2.799333333
0.056054,0.019509,1.027618,14:15:02.800000,2.800000000
0.182824,0.113317,1.042619,14:15:02.800667,2.800666667
0.126845,0.039249,1.024180,14:15:02.801333,2.801333333
-0.010483,-0.014358,0.967294,14:15:02.802000,2.802000000
0.000468,-0.014629,0.943974,14:15:02.802667,2.802666667
0.095293,0.035709,0.957139,14:15:02.803333,2.803333333
0.092862,0.027073,0.966282,14:15:02.804000,2.804000000
0.054272,0.008889,0.947003,14:15:02.804667,2.804666667
-0.019066,-0.088906,0.929364,14:15:02.805333,2.805333333
-0.011692,-0.101873,0.924262,14:15:02.806000,2.806000000
-0.010947,-0.039672,0.951151,14:15:02.806667,2.806666667
0.012251,-0.025911,0.938089,14:15:02.807333,2.807333333
-0.030478,-0.053048,0.970673,14:15:02.808000,2.808000000
-0.045420,-0.052978,0.961528,14:15:02.808667,2.808666667
0.000987,-0.047957,0.996415,14:15:02.809333,2.809333333
-0.019982,0.005069,0.983230,14:15:02.810000,2.810000000
0.028239,0.029807,1.036712,14:15:02.810667,2.810666667
0.159320,0.073465,1.075116,14:15:02.811333,2.811333333
0.035543,0.016385,1.031204,14:15:02.812000,2.812000000
-0.056544,-0.068265,0.963996,14:15:02.812667,2.812666667
-0.052125,-0.051756,0.956704,14:15:02.813333,2.813333333
0.031140,-0.011408,1.008256,14:15:02.814000,2.814000000
0.005287,-0.009588,1.014178,14:15:02.814667,2.814666667
-0.055359,-0.083905,0.961169,14:15:02.815333,2.815333333
-0.142486,-0.079891,0.931827,14:15:02.816000,2.816000000
-0.123814,-0.070329,0.994944,14:15:02.816667,2.816666667
-0.117282,-0.065654,0.965472,14:15:02.817333,2.817333333
-0.117696,-0.068832,0.969304,14:15:02.818000,2.818000000
-0.130533,-0.082656,0.967937,14:15:02.818667,2.818666667
-0.130156,-0.050850,0.949675,14:15:02.819333,2.819333333
-0.116607,-0.044466,0.986949,14:15:02.820000,2.820000000
-0.099775,-0.012617,1.030427,14:15:02.820667,2.820666667
0.014336,0.074118,1.052964,14:15:02.821333,2.821333333
0.050135,0.080713,1.056849,14:15:02.822000,2.822000000
-0.028422,0.003484,1.020079,14:15:02.822667,2.822666667
-0.151135,-0.075032,0.975385,14:15:02.823333,2.823333333
-0.077815,0.007053,0.997219,14:15:02.824000,2.824000000
-0.004375,0.063436,1.060208,14:15:02.824667,2.824666667
0.015681,0.036398,1.045736,14:15:02.825333,2.825333333
-0.067917,-0.015910,1.019305,14:15:02.826000,2.826000000
-0.040998,0.018681,0.977553,14:15:02.826667,2.826666667
-0.052718,-0.002377,1.019569,14:15:02.827333,2.827333333
0.004147,0.009206,1.007001,14:15:02.828000,2.828000000
-0.024096,0.041315,1.000930,14:15:02.828667,2.828666667
-0.017235,0.024922,1.037264,14:15:02.829333,2.829333333
0.010609,0.039376,1.046175,14:15:02.830000,2.830000000
0.057137,0.063748,1.038921,14:15:02.830667,2.830666667
0.067601,0.070437,1.054654,14:15:02.831333,2.831333333
0.188215,0.147760,1.140341,14:15:02.832000,2.832000000
0.193336,0.145882,1.111570,14:15:02.832667,2.832666667
0.072412,0.056408,1.044387,14:15:02.833333,2.833333333
0.033645,0.029674,1.005777,14:15:02.834000,2.834000000
0.137704,0.053461,1.048622,14:15:02.834667,2.834666667
0.152027,0.104834,1.061580,14:15:02.835333,2.835333333
0.106763,0.043798,1.031017,14:15:02.836000,2.836000000
0.036836,-0.008009,1.015971,14:15:02.836667,2.836666667
0.026614,0.010808,1.001120,14:15:02.837333,2.837333333
0.055336,0.014342,1.008136,14:15:02.838000,2.838000000
0.033389,0.004736,1.016132,14:15:02.838667,2.838666667
0.026160,0.003168,0.984908,14:15:02.839333,2.839333333
0.019702,-0.017123,1.010883,14:15:02.840000,2.840000000
0.014277,0.010202,1.006015,14:15:02.840667,2.840666667
0.045011,0.035763,0.979847,14:15:02.841333,2.841333333
0.081391,-0.017047,1.012830,14:15:02.842000,2.842000000
0.188182,0.121112,1.050710,14:15:02.842667,2.842666667
0.140109,0.089956,1.045355,14:15:02.843333,2.843333333
0.020812,-0.020677,0.952049,14:15:02.844000,2.844000000
-0.008633,-0.066444,0.956250,14:15:02.844667,2.844666667
0.079459,-0.003760,0.969507,14:15:02.845333,2.845333333
0.110687,0.024595,0.967906,14:15:02.846000,2.846000000
0.011237,-0.032574,0.969019,14:15:02.846667,2.846666667
0.008348,-0.071641,0.934312,14:15:02.847333,2.847333333
0.024988,-0.036827,0.947729,14:15:02.848000,2.848000000
0.010685,-0.059315,0.967474,14:15:02.848667,2.848666667
0.009958,-0.031827,0.961587,14:15:02.849333,2.849333333
-0.063015,-0.037973,0.978559,14:15:02.850000,2.850000000
-0.028992,-0.039201,0.979070,14:15:02.850667,2.850666667
-0.022357,-0.032280,0.983826,14:15:02.851333,2.851333333
-0.001936,-0.015032,0.999160,14:15:02.852000,2.852000000
0.021130,0.012920,1.015361,14:15:02.852667,2.852666667
0.161873,0.096615,1.057243,14:15:02.853333,2.853333333
0.048686,0.015141,1.007063,14:15:02.854000,2.854000000
-0.095748,-0.052857,0.972728,14:15:02.854667,2.854666667
-0.027847,-0.060422,0.994182,14:15:02.855333,2.855333333
0.018927,-0.011897,1.005529,14:15:02.856000,2.856000000
0.028162,-0.005989,1.007987,14:15:02.856667,2.856666667
0.000420,-0.071329,0.964312,14:15:02.857333,2.857333333
-0.160969,-0.099676,0.964819,14:15:02.858000,2.858000000
-0.094949,-0.102149,0.948359,14:15:02.858667,2.858666667
-0.072020,-0.055072,0.958314,14:15:02.859333,2.859333333
-0.122673,-0.080620,0.966404,14:15:02.860000,2.860000000
-0.150098,-0.072443,0.945694,14:15:02.860667,2.860666667
-0.146410,-0.088087,1.003342,14:15:02.861333,2.861333333
-0.134485,-0.065705,1.003621,14:15:02.862000,2.862000000
-0.086756,-0.055120,1.009125,14:15:02.862667,2.862666667
-0.059262,0.026229,1.041209,14:15:02.863333,2.863333333
0.068669,0.076362,1.094309,14:15:02.864000,2.864000000
-0.036493,0.020018,0.991087,14:15:02.864667,2.864666667
-0.129369,-0.048113,0.971698,14:15:02.865333,2.865333333
-0.077730,-0.012526,1.018066,14:15:02.866000,2.866000000
0.002668,0.081845,1.039245,14:15:02.866667,2.866666667
0.011265,0.054013,1.030313,14:15:02.867333,2.867333333
-0.038317,-0.033126,0.985883,14:15:02.868000,2.868000000
-0.078762,0.000909,0.994956,14:15:02.868667,2.868666667
-0.051849,0.010095,0.995035,14:15:02.869333,2.869333333
-0.009711,-0.007174,1.014909,14:15:02.870000,2.870000000
-0.028285,0.043073,1.004930,14:15:02.870667,2.870666667
-0.033767,0.039670,0.994074,14:15:02.871333,2.871333333
-0.029825,0.009097,1.040110,14:15:02.872000,2.872000000
-0.003404,0.093932,1.037684,14:15:02.872667,2.872666667
0.057334,0.085772,1.043974,14:15:02.873333,2.873333333
0.152386,0.158304,1.095418,14:15:02.874000,2.874000000
0.233089,0.196413,1.122879,14:15:02.874667,2.874666667
0.099298,0.105247,1.052784,14:15:02.875333,2.875333333
0.032367,0.042104,1.028630,14:15:02.876000,2.876000000
0.124251,0.090067,1.056877,14:15:02.876667,2.876666667
0.153239,0.126951,1.068056,14:15:02.877333,2.877333333
0.117435,0.082381,1.040422,14:15:02.878000,2.878000000
-0.001267,0.015197,1.014703,14:15:02.878667,2.878666667
0.062536,-0.009610,0.988226,14:15:02.879333,2.879333333
0.026283,0.029721,0.990744,14:15:02.880000,2.880000000
0.050795,0.015437,1.014454,14:15:02.880667,2.880666667
0.035465,0.019406,1.001636,14:15:02.881333,2.881333333
0.040213,-0.020392,0.996887,14:15:02.882000,2.882000000
0.022061,0.040640,1.017869,14:15:02.882667,2.882666667
0.044002,0.019358,1.017662,14:15:02.883333,2.883333333
0.094733,0.001047,1.021541,14:15:02.884000,2.884000000
0.201985,0.137389,1.049246,14:15:02.884667,2.884666667
0.170276,0.092920,1.033598,14:15:02.885333,2.885333333
0.033857,-0.008027,0.972951,14:15:02.886000,2.886000000
-0.020868,-0.049719,0.943831,14:15:02.886667,2.886666667
0.067335,0.025669,0.971749,14:15:02.887333,2.887333333
0.133009,0.039820,0.975637,14:15:02.888000,2.888000000
0.074263,-0.012134,0.974935,14:15:02.888667,2.888666667
-0.005788,-0.059741,0.961793,14:15:02.889333,2.889333333
-0.029500,-0.075354,0.926573,14:15:02.890000,2.890000000
-0.033076,-0.054335,0.965764,14:15:02.890667,2.890666667
0.001868,-0.041784,0.950619,14:15:02.891333,2.891333333
-0.034925,-0.031902,0.943675,14:15:02.892000,2.892000000
-0.047272,-0.015491,0.955663,14:15:02.892667,2.892666667
-0.010060,-0.011718,0.984163,14:15:02.893333,2.893333333
0.010153,0.014293,0.995398,14:15:02.894000,2.894000000
0.016139,0.007075,0.985018,14:15:02.894667,2.894666667
0.185193,0.097908,1.035471,14:15:02.895333,2.895333333
0.073822,0.041374,0.996644,14:15:02.896000,2.896000000
-0.038755,-0.078260,0.978069,14:15:02.896667,2.896666667
-0.082273,-0.080250,0.953453,14:15:02.897333,2.897333333
0.012665,-0.011060,0.990011,14:15:02.898000,2.898000000
0.053307,-0.010230,0.996622,14:15:02.898667,2.898666667
-0.044618,-0.068880,0.986196,14:15:02.899333,2.899333333
-0.088146,-0.119568,0.944817,14:15:02.900000,2.900000000
-0.106289,-0.099878,0.920628,14:15:02.900667,2.900666667
-0.077658,-0.080480,0.985699,14:15:02.901333,2.901333333
-0.096384,-0.034946,0.978613,14:15:02.902000,2.902000000
-0.135290,-0.126718,0.971170,14:15:02.902667,2.902666667
-0.179020,-0.104522,0.960921,14:15:02.903333,2.903333333
-0.122192,-0.061677,0.987564,14:15:02.904000,2.904000000
-0.094745,-0.050692,1.002450,14:15:02.904667,2.904666667
-0.073492,-0.028793,1.020259,14:15:02.905333,2.905333333
0.054725,0.066129,1.102577,14:15:02.906000,2.906000000
-0.049358,0.014683,1.080180,14:15:02.906667,2.906666667
-0.151985,-0.047229,0.986868,14:15:02.907333,2.907333333
-0.096269,-0.031387,0.983152,14:15:02.908000,2.908000000
-0.028025,0.022199,1.024365,14:15:02.908667,2.908666667
-0.005341,0.009389,1.022517,14:15:02.909333,2.909333333
-0.099322,-0.036348,1.006454,14:15:02.910000,2.910000000
-0.125692,-0.070767,0.983085,14:15:02.910667,2.910666667
-0.055747,-0.010377,0.996507,14:15:02.911333,2.911333333
-0.020449,0.002798,1.010083,14:15:02.912000,2.912000000
-0.047486,0.032152,1.004190,14:15:02.912667,2.912666667
-0.071120,0.003797,1.000045,14:15:02.913333,2.913333333
-0.035707,0.041107,1.030802,14:15:02.914000,2.914000000
0.022266,0.042755,1.017772,14:15:02.914667,2.914666667
0.033552,0.078687,1.050047,14:15:02.915333,2.915333333
0.136625,0.139126,1.098052,14:15:02.916000,2.916000000
0.221501,0.185790,1.125410,14:15:02.916667,2.916666667
0.086757,0.079383,1.057155,14:15:02.917333,2.917333333
0.034974,-0.008898,1.006713,14:15:02.918000,2.918000000
0.067142,0.080347,1.058920,14:15:02.918667,2.918666667
0.148007,0.125057,1.051807,14:15:02.919333,2.919333333
0.160119,0.084685,1.066613,14:15:02.920000,2.920000000
0.056406,0.025999,1.023878,14:15:02.920667,2.920666667
0.028298,0.006291,1.015180,14:15:02.921333,2.921333333
0.058395,0.035087,0.977733,14:15:02.922000,2.922000000
0.071643,0.021941,1.000998,14:15:02.922667,2.922666667
0.085237,0.041990,1.023665,14:15:02.923333,2.923333333
0.022064,0.006008,0.992859,14:15:02.924000,2.924000000
0.019546,0.033886,0.999541,14:15:02.924667,2.924666667
0.047102,0.048820,0.999639,14:15:02.925333,2.925333333
0.068293,0.022602,1.029394,14:15:02.926000,2.926000000
0.173808,0.097375,1.095255,14:15:02.926667,2.926666667
0.194241,0.084543,1.033483,14:15:02.927333,2.927333333
0.060231,0.005859,0.998913,14:15:02.928000,2.928000000
0.004615,-0.039880,0.951320,14:15:02.928667,2.928666667
0.057997,0.013225,0.983402,14:15:02.929333,2.929333333
0.134302,0.045635,0.999450,14:15:02.930000,2.930000000
0.074377,0.033704,0.972713,14:15:02.930667,2.930666667
-0.006032,-0.040814,0.940280,14:15:02.931333,2.931333333
-0.006495,-0.054160,0.907297,14:15:02.932000,2.932000000
-0.013341,-0.027157,0.951517,14:15:02.932667,2.932666667
0.022976,-0.043037,0.943786,14:15:02.933333,2.933333333
-0.011799,-0.036594,0.948399,14:15:02.934000,2.934000000
-0.044140,-0.051322,0.955411,14:15:02.934667,2.934666667
-0.028981,-0.005413,0.966632,14:15:02.935333,2.935333333
0.022319,0.000534,0.998748,14:15:02.936000,2.936000000
0.019537,-0.008112,0.993063,14:15:02.936667,2.936666667
0.134678,0.061188,1.023078,14:15:02.937333,2.937333333
0.131940,0.070388,1.042347,14:15:02.938000,2.938000000
0.002850,-0.044498,0.967748,14:15:02.938667,2.938666667
-0.036440,-0.071426,0.954544,14:15:02.939333,2.939333333
-0.000330,-0.014959,0.988232,14:15:02.940000,2.940000000
0.040583,-0.028045,1.017963,14:15:02.940667,2.940666667
-0.008512,-0.020795,0.984316,14:15:02.941333,2.941333333
-0.042337,-0.074435,0.943576,14:15:02.942000,2.942000000
-0.113382,-0.080952,0.957486,14:15:02.942667,2.942666667
-0.049753,-0.074534,0.968597,14:15:02.943333,2.943333333
-0.104151,-0.077324,0.966159,14:15:02.944000,2.944000000
-0.108111,-0.074041,0.985414,14:15:02.944667,2.944666667
-0.140645,-0.089072,0.978486,14:15:02.945333,2.945333333
-0.114370,-0.094705,0.973777,14:15:02.946000,2.946000000
-0.093566,-0.038276,1.010743,14:15:02.946667,2.946666667
-0.066425,-0.015648,1.019373,14:15:02.947333,2.947333333
0.050850,0.095779,1.046501,14:15:02.948000,2.948000000
0.000665,0.033994,1.052802,14:15:02.948667,2.948666667
-0.135050,-0.047199,0.991583,14:15:02.949333,2.949333333
-0.128243,-0.067265,0.991276,14:15:02.950000,2.950000000
-0.077931,0.023573,0.999319,14:15:02.950667,2.950666667
-0.001354,0.036482,0.994050,14:15:02.951333,2.951333333
-0.068818,-0.011013,1.007216,14:15:02.952000,2.952000000
-0.106592,-0.046678,0.984839,14:15:02.952667,2.952666667
-0.117661,-0.019988,0.982904,14:15:02.953333,2.953333333
-0.078287,0.030185,1.007056,14:15:02.954000,2.954000000
-0.050565,0.034090,1.032903,14:15:02.954667,2.954666667
-0.097389,0.005082,1.004868,14:15:02.955333,2.955333333
-0.067283,0.026474,1.019197,14:15:02.956000,2.956000000
-0.075565,0.022729,1.023790,14:15:02.956667,2.956666667
0.032319,0.094135,1.050840,14:15:02.957333,2.957333333
0.080214,0.115189,1.078328,14:15:02.958000,2.958000000
0.191482,0.179995,1.125701,14:15:02.958667,2.958666667
0.140878,0.125881,1.076739,14:15:02.959333,2.959333333
0.046509,0.053462,1.010872,14:15:02.960000,2.960000000
0.065402,0.057253,1.021021,14:15:02.960667,2.960666667
0.127187,0.091047,1.066752,14:15:02.961333,2.961333333
0.163177,0.092983,1.072787,14:15:02.962000,2.962000000
0.058417,0.046236,1.040049,14:15:02.962667,2.962666667
0.061127,0.007071,0.979303,14:15:02.963333,2.963333333
0.080825,0.044960,0.987590,14:15:02.964000,2.964000000
0.051251,0.042869,1.016025,14:15:02.964667,2.964666667
0.080412,0.023226,1.015910,14:15:02.965333,2.965333333
0.028387,0.001866,0.992388,14:15:02.966000,2.966000000
0.040087,-0.000674,1.045483,14:15:02.966667,2.966666667
0.045000,0.024066,1.007971,14:15:02.967333,2.967333333
0.115543,0.024853,1.028318,14:15:02.968000,2.968000000
0.165110,0.097845,1.028690,14:15:02.968667,2.968666667
0.197234,0.146142,1.103101,14:15:02.969333,2.969333333
0.088328,0.044280,0.993093,14:15:02.970000,2.970000000
0.020650,-0.008361,0.970933,14:15:02.970667,2.970666667
0.055383,-0.004530,0.965705,14:15:02.971333,2.971333333
0.141443,0.024878,0.985843,14:15:02.972000,2.972000000
0.083254,0.041851,0.995541,14:15:02.972667,2.972666667
0.020538,-0.039789,0.948468,14:15:02.973333,2.973333333
-0.017384,-0.078338,0.924114,14:15:02.974000,2.974000000
-0.010744,-0.047610,0.950797,14:15:02.974667,2.974666667
0.013120,-0.063874,0.966822,14:15:02.975333,2.975333333
-0.007257,-0.045562,0.955848,14:15:02.976000,2.976000000
0.003693,-0.040324,0.960412,14:15:02.976667,2.976666667
-0.037018,-0.035852,0.963099,14:15:02.977333,2.977333333
0.014439,-0.004854,0.966878,14:15:02.978000,2.978000000
0.031382,-0.006746,1.001697,14:15:02.978667,2.978666667
0.131456,0.080127,1.038602,14:15:02.979333,2.979333333
0.154175,0.079958,1.052977,14:15:02.980000,2.980000000
0.022401,-0.013334,0.991567,14:15:02.980667,2.980666667
-0.039136,-0.053576,0.942319,14:15:02.981333,2.981333333
0.018275,0.000061,0.993209,14:15:02.982000,2.982000000
0.045577,-0.009544,0.982562,14:15:02.982667,2.982666667
-0.001135,-0.015942,1.012499,14:15:02.983333,2.983333333
-0.037773,-0.086310,0.949137,14:15:02.984000,2.984000000
-0.083677,-0.102124,0.951144,14:15:02.984667,2.984666667
-0.058359,-0.101759,0.979235,14:15:02.985333,2.985333333
-0.120368,-0.057347,0.986399,14:15:02.986000,2.986000000
-0.081443,-0.071079,0.966399,14:15:02.986667,2.986666667
-0.112306,-0.082051,0.973959,14:15:02.987333,2.987333333
-0.142547,-0.058716,0.968160,14:15:02.988000,2.988000000
-0.089210,-0.070759,0.992590,14:15:02.988667,2.988666667
-0.082387,-0.029463,1.025385,14:15:02.989333,2.989333333
0.048213,0.080156,1.081556,14:15:02.990000,2.990000000
0.006365,0.011056,1.038952,14:15:02.990667,2.990666667
-0.115042,-0.057359,0.992858,14:15:02.991333,2.991333333
-0.117917,-0.078023,0.967362,14:15:02.992000,2.992000000
-0.057914,-0.009231,0.991436,14:15:02.992667,2.992666667
-0.010281,0.038790,1.023862,14:15:02.993333,2.993333333
-0.091305,0.016483,0.985924,14:15:02.994000,2.994000000
-0.134039,-0.038847,0.983587,14:15:02.994667,2.994666667
-0.113880,-0.035107,0.975823,14:15:02.995333,2.995333333
-0.084781,-0.006754,0.997265,14:15:02.996000,2.996000000
-0.083482,-0.008550,1.019583,14:15:02.996667,2.996666667
-0.068671,-0.029769,1.004001,14:15:02.997333,2.997333333
-0.074908,0.005342,1.023150,14:15:02.998000,2.998000000
-0.059130,0.039824,1.044961,14:15:02.998667,2.998666667
-0.037959,0.049861,1.052831,14:15:02.999333,2.999333333
0.006426,0.097046,1.044376,14:15:03.000000,3.000000000
0.198306,0.172141,1.141292,14:15:03.000667,3.000666667
0.149573,0.130117,1.104707,14:15:03.001333,3.001333333
-0.028686,0.053519,1.027179,14:15:03.002000,3.002000000
0.036633,0.088978,1.029338,14:15:03.002667,3.002666667
0.112394,0.108958,1.058395,14:15:03.003333,3.003333333
0.145258,0.117701,1.070922,14:15:03.004000,3.004000000
0.097406,0.049183,1.029047,14:15:03.004667,3.004666667
0.052025,0.018210,1.016477,14:15:03.005333,3.005333333
0.034416,0.030374,1.002484,14:15:03.006000,3.006000000
0.055108,0.054697,1.011229,14:15:03.006667,3.006666667
0.061528,0.024064,1.013226,14:15:03.007333,3.007333333
0.029266,0.037927,1.013597,14:15:03.008000,3.008000000
0.029960,0.016617,1.018432,14:15:03.008667,3.008666667
0.044634,0.059774,1.038630,14:15:03.009333,3.009333333
0.092248,0.045444,1.013647,14:15:03.010000,3.010000000
0.131418,0.070948,1.059685,14:15:03.010667,3.010666667
0.220387,0.121341,1.088616,14:15:03.011333,3.011333333
0.090112,0.038401,1.038159,14:15:03.012000,3.012000000
0.002056,-0.015027,0.962631,14:15:03.012667,3.012666667
0.055407,-0.000326,0.962938,14:15:03.013333,3.013333333
0.132509,0.006461,1.004977,14:15:03.014000,3.014000000
0.103927,0.011732,1.015536,14:15:03.014667,3.014666667
0.031365,-0.005476,0.955541,14:15:03.015333,3.015333333
-0.016818,-0.019915,0.964356,14:15:03.016000,3.016000000
-0.011589,-0.034226,0.949805,14:15:03.016667,3.016666667
0.021047,-0.010685,0.954353,14:15:03.017333,3.017333333
0.006220,-0.043925,0.940091,14:15:03.018000,3.018000000
-0.006167,-0.031999,0.941554,14:15:03.018667,3.018666667
0.005982,-0.007072,0.948889,14:15:03.019333,3.019333333
-0.033195,0.002903,0.954922,14:15:03.020000,3.020000000
0.024366,0.001201,1.005325,14:15:03.020667,3.020666667
0.088551,0.085375,1.017750,14:15:03.021333,3.021333333
0.162955,0.088372,1.052574,14:15:03.022000,3.022000000
0.049369,0.023174,0.982637,14:15:03.022667,3.022666667
-0.054664,-0.056034,0.939907,14:15:03.023333,3.023333333
0.028343,-0.045183,0.974152,14:15:03.024000,3.024000000
0.071441,0.043915,1.010336,14:15:03.024667,3.024666667
0.043759,-0.000136,1.012729,14:15:03.025333,3.025333333
-0.004369,-0.081214,0.967368,14:15:03.026000,3.026000000
-0.065406,-0.132456,0.944920,14:15:03.026667,3.026666667
-0.051434,-0.091693,0.972100,14:15:03.027333,3.027333333
-0.036505,-0.076431,0.967457,14:15:03.028000,3.028000000
-0.082448,-0.110646,0.979467,14:15:03.028667,3.028666667
-0.109734,-0.112429,0.997905,14:15:03.029333,3.029333333
-0.128135,-0.091567,0.973388,14:15:03.030000,3.030000000
-0.055528,-0.047522,0.994399,14:15:03.030667,3.030666667
-0.126951,-0.046947,1.002238,14:15:03.031333,3.031333333
-0.007851,0.056635,1.079862,14:15:03.032000,3.032000000
0.032315,0.027870,1.052864,14:15:03.032667,3.032666667
-0.089383,-0.049969,0.975868,14:15:03.033333,3.033333333
-0.101594,-0.083219,0.963696,14:15:03.034000,3.034000000
-0.080283,-0.045712,0.971665,14:15:03.034667,3.034666667
-0.018496,0.022410,1.003176,14:15:03.035333,3.035333333
-0.047624,-0.016692,0.992887,14:15:03.036000,3.036000000
-0.082262,-0.064422,0.948453,14:15:03.036667,3.036666667
-0.110169,-0.052440,0.951652,14:15:03.037333,3.037333333
-0.080525,-0.035523,0.981064,14:15:03.038000,3.038000000
-0.084623,-0.028062,0.999631,14:15:03.038667,3.038666667
-0.072721,-0.012178,1.000009,14:15:03.039333,3.039333333
-0.073350,-0.019363,0.994034,14:15:03.040000,3.040000000
-0.078195,0.033119,1.012659,14:15:03.040667,3.040666667
-0.023976,0.022861,1.039717,14:15:03.041333,3.041333333
0.035072,0.064042,1.042832,14:15:03.042000,3.042000000
0.157181,0.184070,1.115367,14:15:03.042667,3.042666667
0.113470,0.144513,1.099799,14:15:03.043333,3.043333333
0.012529,0.033079,1.036415,14:15:03.044000,3.044000000
-0.002937,0.071901,1.033859,14:15:03.044667,3.044666667
0.095065,0.123088,1.041882,14:15:03.045333,3.045333333
0.171315,0.116287,1.066326,14:15:03.046000,3.046000000
0.080451,0.044625,1.038376,14:15:03.046667,3.046666667
0.015958,0.031286,1.005796,14:15:03.047333,3.047333333
0.043808,0.020585,1.032011,14:15:03.048000,3.048000000
0.036492,0.045609,1.016446,14:15:03.048667,3.048666667
0.058349,0.052657,1.010926,14:15:03.049333,3.049333333
0.054050,0.011877,1.026129,14:15:03.050000,3.050000000
0.041369,0.017342,1.016844,14:15:03.050667,3.050666667
0.037721,0.037321,1.009612,14:15:03.051333,3.051333333
0.083411,0.074059,1.016069,14:15:03.052000,3.052000000
0.058899,0.080637,1.032361,14:15:03.052667,3.052666667
0.234004,0.177601,1.108623,14:15:03.053333,3.053333333
0.141838,0.076841,1.039809,14:15:03.054000,3.054000000
0.020870,-0.014895,0.991611,14:15:03.054667,3.054666667
0.022320,-0.008336,0.987373,14:15:03.055333,3.055333333
0.115168,0.077136,1.009839,14:15:03.056000,3.056000000
0.124548,0.028396,1.019570,14:15:03.056667,3.056666667
0.021028,-0.008483,0.972891,14:15:03.057333,3.057333333
-0.006968,-0.046000,0.936755,14:15:03.058000,3.058000000
0.010522,-0.039392,0.948047,14:15:03.058667,3.058666667
0.045326,-0.013056,0.950265,14:15:03.059333,3.059333333
0.017410,-0.007736,0.969125,14:15:03.060000,3.060000000
0.006737,-0.026192,0.958678,14:15:03.060667,3.060666667
-0.031555,-0.016934,0.971133,14:15:03.061333,3.061333333
0.006474,-0.010631,0.956438,14:15:03.062000,3.062000000
0.006677,-0.020656,0.998075,14:15:03.062667,3.062666667
0.048834,-0.007957,1.014140,14:15:03.063333,3.063333333
0.156537,0.091886,1.051980,14:15:03.064000,3.064000000
0.046800,0.009142,0.967175,14:15:03.064667,3.064666667
-0.019664,-0.035459,0.971158,14:15:03.065333,3.065333333
0.002375,-0.039250,0.942188,14:15:03.066000,3.066000000
0.066274,0.017055,0.993211,14:15:03.066667,3.066666667
0.043452,0.013916,0.984217,14:15:03.067333,3.067333333
-0.018320,-0.052348,0.972581,14:15:03.068000,3.068000000
-0.049403,-0.102880,0.947395,14:15:03.068667,3.068666667
-0.061570,-0.068781,0.952295,14:15:03.069333,3.069333333
-0.063203,-0.057232,0.984505,14:15:03.070000,3.070000000
-0.049507,-0.086805,0.958870,14:15:03.070667,3.070666667
-0.087255,-0.059266,0.973389,14:15:03.071333,3.071333333
-0.099156,-0.092319,0.975541,14:15:03.072000,3.072000000
-0.056674,-0.037647,0.974891,14:15:03.072667,3.072666667
-0.074379,-0.042071,1.003809,14:15:03.073333,3.073333333
0.000476,0.005938,1.047838,14:15:03.074000,3.074000000
0.052382,0.050992,1.072384,14:15:03.074667,3.074666667
-0.074211,-0.049078,1.019335,14:15:03.075333,3.075333333
-0.135862,-0.090800,0.964748,14:15:03.076000,3.076000000
-0.087857,-0.083136,1.001620,14:15:03.076667,3.076666667
-0.003370,0.002872,1.004149,14:15:03.077333,3.077333333
-0.037820,-0.017094,1.002927,14:15:03.078000,3.078000000
-0.113420,-0.073427,0.973542,14:15:03.078667,3.078666667
-0.171730,-0.050431,0.961846,14:15:03.079333,3.079333333
-0.129352,-0.044288,1.005066,14:15:03.080000,3.080000000
-0.099889,-0.010634,1.001977,14:15:03.080667,3.080666667
-0.097373,-0.011758,0.993058,14:15:03.081333,3.081333333
-0.137138,-0.039531,1.009423,14:15:03.082000,3.082000000
-0.116285,0.011322,1.005023,14:15:03.082667,3.082666667
-0.004752,0.046788,1.049154,14:15:03.083333,3.083333333
-0.033983,0.050639,1.050352,14:15:03.084000,3.084000000
0.122261,0.171404,1.118029,14:15:03.084667,3.084666667
0.133535,0.149318,1.097956,14:15:03.085333,3.085333333
0.025428,0.040445,1.033746,14:15:03.086000,3.086000000
-0.019991,0.023119,1.008339,14:15:03.086667,3.086666667
0.104527,0.092888,1.037668,14:15:03.087333,3.087333333
0.124510,0.111187,1.066568,14:15:03.088000,3.088000000
0.095753,0.078301,1.013010,14:15:03.088667,3.088666667
0.009239,0.045845,1.016755,14:15:03.089333,3.089333333
0.049047,0.022345,1.006110,14:15:03.090000,3.090000000
0.037642,0.029456,1.028252,14:15:03.090667,3.090666667
0.056450,0.026015,1.045112,14:15:03.091333,3.091333333
0.040488,0.017126,1.039202,14:15:03.092000,3.092000000
0.038924,0.017349,1.025011,14:15:03.092667,3.092666667
0.091494,0.007972,1.055611,14:15:03.093333,3.093333333
0.089479,0.038798,1.048573,14:15:03.094000,3.094000000
0.106251,0.042819,1.046524,14:15:03.094667,3.094666667
0.242484,0.134503,1.098950,14:15:03.095333,3.095333333
0.153589,0.103352,1.062753,14:15:03.096000,3.096000000
0.007590,-0.009765,1.016104,14:15:03.096667,3.096666667
0.012239,-0.015713,0.974714,14:15:03.097333,3.097333333
0.108585,0.053963,1.007894,14:15:03.098000,3.098000000
0.121852,0.045715,0.996326,14:15:03.098667,3.098666667
0.075045,-0.035652,0.981785,14:15:03.099333,3.099333333
0.004714,-0.036355,0.925436,14:15:03.100000,3.100000000
0.016907,-0.069558,0.945291,14:15:03.100667,3.100666667
-0.015893,-0.042839,0.941706,14:15:03.101333,3.101333333
0.022245,-0.003454,0.975102,14:15:03.102000,3.102000000
-0.011788,-0.065742,0.944703,14:15:03.102667,3.102666667
-0.010261,-0.050598,0.963613,14:15:03.103333,3.103333333
-0.027438,0.018108,0.976890,14:15:03.104000,3.104000000
0.036488,0.012624,0.998417,14:15:03.104667,3.104666667
0.063595,0.017823,0.986616,14:15:03.105333,3.105333333
0.189499,0.100024,1.059446,14:15:03.106000,3.106000000
0.045446,0.049689,1.010808,14:15:03.106667,3.106666667
-0.037776,-0.024082,0.961269,14:15:03.107333,3.107333333
0.011244,-0.056340,0.935817,14:15:03.108000,3.108000000
0.080660,0.024048,0.973007,14:15:03.108667,3.108666667
0.078543,0.003700,0.996366,14:15:03.109333,3.109333333
0.017806,-0.060809,0.950690,14:15:03.110000,3.110000000
-0.036807,-0.075003,0.940855,14:15:03.110667,3.110666667
-0.046260,-0.074405,0.966758,14:15:03.111333,3.111333333
-0.052356,-0.077410,0.942442,14:15:03.112000,3.112000000
-0.052590,-0.070692,0.994805,14:15:03.112667,3.112666667
-0.087246,-0.062882,0.991199,14:15:03.113333,3.113333333
-0.107398,-0.068344,0.994605,14:15:03.114000,3.114000000
-0.073626,-0.057788,0.999539,14:15:03.114667,3.114666667
-0.032072,-0.033051,0.995420,14:15:03.115333,3.115333333
-0.014364,0.033323,1.041572,14:15:03.116000,3.116000000
0.077412,0.066102,1.061664,14:15:03.116667,3.116666667
-0.058965,-0.030418,1.030159,14:15:03.117333,3.117333333
-0.195660,-0.090409,0.971381,14:15:03.118000,3.118000000
-0.072581,-0.070317,0.995023,14:15:03.118667,3.118666667
-0.048599,-0.025265,0.997875,14:15:03.119333,3.119333333
-0.028986,-0.019871,1.022877,14:15:03.120000,3.120000000
-0.118429,-0.031700,0.982487,14:15:03.120667,3.120666667
-0.162439,-0.090085,0.956991,14:15:03.121333,3.121333333
-0.130042,-0.067389,0.978523,14:15:03.122000,3.122000000
-0.075190,-0.080800,1.017801,14:15:03.122667,3.122666667
-0.094280,-0.023558,0.983435,14:15:03.123333,3.123333333
-0.135729,-0.034020,0.995931,14:15:03.124000,3.124000000
-0.112438,-0.014860,1.003246,14:15:03.124667,3.124666667
-0.092456,0.056818,1.018629,14:15:03.125333,3.125333333
-0.057213,0.032414,1.039926,14:15:03.126000,3.126000000
0.101912,0.120424,1.064638,14:15:03.126667,3.126666667
0.137560,0.133689,1.074335,14:15:03.127333,3.127333333
0.042524,0.040219,1.045826,14:15:03.128000,3.128000000
-0.031120,0.018935,1.011536,14:15:03.128667,3.128666667
0.052147,0.077814,1.044431,14:15:03.129333,3.129333333
0.092784,0.104128,1.061588,14:15:03.130000,3.130000000
0.061425,0.092818,1.067766,14:15:03.130667,3.130666667
0.027765,0.040466,1.004250,14:15:03.131333,3.131333333
0.003354,0.044757,0.992243,14:15:03.132000,3.132000000
0.066588,0.048873,1.025151,14:15:03.132667,3.132666667
0.076588,0.037609,1.049628,14:15:03.133333,3.133333333
0.048782,0.054448,1.026036,14:15:03.134000,3.134000000
0.049430,0.050306,1.007425,14:15:03.134667,3.134666667
0.054887,0.031768,1.031229,14:15:03.135333,3.135333333
0.074355,0.048686,1.045131,14:15:03.136000,3.136000000
0.076150,0.052628,1.054821,14:15:03.136667,3.136666667
0.218294,0.165916,1.087886,14:15:03.137333,3.137333333
0.199091,0.105850,1.073732,14:15:03.138000,3.138000000
0.080632,0.015356,0.984502,14:15:03.138667,3.138666667
0.035465,-0.003870,1.013052,14:15:03.139333,3.139333333
0.123659,0.040847,1.046241,14:15:03.140000,3.140000000
0.175656,0.068350,1.031810,14:15:03.140667,3.140666667
0.072111,0.022897,0.966482,14:15:03.141333,3.141333333
0.000883,-0.043340,0.947927,14:15:03.142000,3.142000000
0.000798,-0.034158,0.935946,14:15:03.142667,3.142666667
-0.000928,-0.015504,0.950159,14:15:03.143333,3.143333333
0.027523,-0.028350,0.963273,14:15:03.144000,3.144000000
-0.038151,-0.024666,0.936334,14:15:03.144667,3.144666667
-0.026604,-0.037246,0.932347,14:15:03.145333,3.145333333
-0.030392,-0.015555,0.960602,14:15:03.146000,3.146000000
0.041985,-0.003343,0.995278,14:15:03.146667,3.146666667
0.039668,-0.001598,0.988459,14:15:03.147333,3.147333333
0.152863,0.111734,1.064137,14:15:03.148000,3.148000000
0.118354,0.088738,1.005173,14:15:03.148667,3.148666667
-0.043357,-0.038867,0.951092,14:15:03.149333,3.149333333
-0.018412,-0.054458,0.955932,14:15:03.150000,3.150000000
0.076892,0.015417,0.999378,14:15:03.150667,3.150666667
0.069122,0.004650,1.001250,14:15:03.151333,3.151333333
0.006547,-0.034764,0.993840,14:15:03.152000,3.152000000
-0.028114,-0.084952,0.949480,14:15:03.152667,3.152666667
-0.085068,-0.081285,0.929935,14:15:03.153333,3.153333333
-0.071651,-0.045450,0.956650,14:15:03.154000,3.154000000
-0.039329,-0.080509,0.981443,14:15:03.154667,3.154666667
-0.088129,-0.054482,0.967133,14:15:03.155333,3.155333333
-0.097382,-0.061847,0.962141,14:15:03.156000,3.156000000
-0.098766,-0.074487,0.997124,14:15:03.156667,3.156666667
-0.055704,-0.035874,0.985823,14:15:03.157333,3.157333333
-0.020385,0.001720,1.029070,14:15:03.158000,3.158000000
0.075517,0.064499,1.088982,14:15:03.158667,3.158666667
-0.016547,-0.026623,1.023190,14:15:03.159333,3.159333333
-0.132063,-0.102577,0.936674,14:15:03.160000,3.160000000
-0.125255,-0.103265,0.987014,14:15:03.160667,3.160666667
-0.006083,0.004941,1.013949,14:15:03.161333,3.161333333
-0.056856,-0.049371,0.982891,14:15:03.162000,3.162000000
-0.090266,-0.075787,0.972425,14:15:03.162667,3.162666667
-0.142549,-0.075459,0.948851,14:15:03.163333,3.163333333
-0.151201,-0.053038,0.984916,14:15:03.164000,3.164000000
-0.090030,-0.041564,0.985996,14:15:03.164667,3.164666667
-0.098138,-0.039180,1.008136,14:15:03.165333,3.165333333
-0.116237,-0.034599,0.989545,14:15:03.166000,3.166000000
-0.118532,0.002126,1.007900,14:15:03.166667,3.166666667
-0.098883,-0.011096,0.982002,14:15:03.167333,3.167333333
-0.007946,0.044269,1.033853,14:15:03.168000,3.168000000
0.057395,0.103964,1.069196,14:15:03.168667,3.168666667
0.141500,0.143854,1.059792,14:15:03.169333,3.169333333
0.022002,0.063828,1.049154,14:15:03.170000,3.170000000
-0.031573,0.030307,0.992890,14:15:03.170667,3.170666667
0.015452,0.038659,1.007151,14:15:03.171333,3.171333333
0.100141,0.122108,1.066171,14:15:03.172000,3.172000000
0.094184,0.068193,1.050972,14:15:03.172667,3.172666667
0.032803,0.047655,1.022613,14:15:03.173333,3.173333333
-0.003745,0.006624,1.019005,14:15:03.174000,3.174000000
0.057699,0.047720,1.022064,14:15:03.174667,3.174666667
0.046421,0.036420,1.047782,14:15:03.175333,3.175333333
0.035306,0.054680,1.058520,14:15:03.176000,3.176000000
0.037624,0.023474,1.025598,14:15:03.176667,3.176666667
0.038362,0.060224,1.046904,14:15:03.177333,3.177333333
0.097723,0.065030,1.027567,14:15:03.178000,3.178000000
0.110455,0.118237,1.066284,14:15:03.178667,3.178666667
0.200833,0.127124,1.095049,14:15:03.179333,3.179333333
0.207569,0.159213,1.060455,14:15:03.180000,3.180000000
0.086545,0.052923,1.014796,14:15:03.180667,3.180666667
-0.018158,0.009603,0.984964,14:15:03.181333,3.181333333
0.078675,0.040447,1.007643,14:15:03.182000,3.182000000
0.140465,0.050416,1.001671,14:15:03.182667,3.182666667
0.111722,0.032388,0.983956,14:15:03.183333,3.183333333
0.005402,-0.010987,0.977860,14:15:03.184000,3.184000000
-0.024630,-0.030645,0.964707,14:15:03.184667,3.184666667
0.030664,-0.019138,0.972100,14:15:03.185333,3.185333333
0.046109,-0.002347,0.961755,14:15:03.186000,3.186000000
-0.012766,-0.035329,0.946492,14:15:03.186667,3.186666667
-0.047646,-0.023971,0.982504,14:15:03.187333,3.187333333
-0.028222,-0.006060,0.966707,14:15:03.188000,3.188000000
0.014552,-0.000421,0.976906,14:15:03.188667,3.188666667
0.022944,-0.002398,1.000379,14:15:03.189333,3.189333333
0.159890,0.092827,1.026300,14:15:03.190000,3.190000000
0.162907,0.072409,1.007710,14:15:03.190667,3.190666667
-0.026834,-0.024463,0.951827,14:15:03.191333,3.191333333
-0.045364,-0.016901,0.944543,14:15:03.192000,3.192000000
0.060280,0.012691,0.967147,14:15:03.192667,3.192666667
0.087267,0.014862,0.965702,14:15:03.193333,3.193333333
0.009775,-0.017651,0.952706,14:15:03.194000,3.194000000
-0.025160,-0.071576,0.960471,14:15:03.194667,3.194666667
-0.057990,-0.061176,0.950585,14:15:03.195333,3.195333333
0.001179,-0.057794,0.992358,14:15:03.196000,3.196000000
-0.041045,-0.077298,0.961696,14:15:03.196667,3.196666667
-0.049702,-0.043439,0.964556,14:15:03.197333,3.197333333
-0.072014,-0.050153,0.996239,14:15:03.198000,3.198000000
-0.029720,-0.057208,0.999509,14:15:03.198667,3.198666667
-0.072652,-0.074863,0.990993,14:15:03.199333,3.199333333
-0.055973,-0.014384,0.976749,14:15:03.200000,3.200000000
0.121934,0.069677,1.075348,14:15:03.200667,3.200666667
-0.002934,0.012404,1.031516,14:15:03.201333,3.201333333
-0.087367,-0.077821,0.981366,14:15:03.202000,3.202000000
-0.103482,-0.067372,0.944500,14:15:03.202667,3.202666667
-0.066585,-0.018284,1.015364,14:15:03.203333,3.203333333
0.011213,-0.004070,1.001813,14:15:03.204000,3.204000000
-0.104930,-0.033849,0.997679,14:15:03.204667,3.204666667
-0.144335,-0.095184,0.951324,14:15:03.205333,3.205333333
-0.119975,-0.104190,0.996789,14:15:03.206000,3.206000000
-0.120158,-0.044017,0.997493,14:15:03.206667,3.206666667
-0.111281,-0.076609,1.006710,14:15:03.207333,3.207333333
-0.138041,-0.040477,1.000924,14:15:03.208000,3.208000000
-0.157473,-0.009470,1.004949,14:15:03.208667,3.208666667
-0.107757,0.017469,1.005084,14:15:03.209333,3.209333333
-0.071861,0.024631,1.035773,14:15:03.210000,3.210000000
0.000822,0.060069,1.063003,14:15:03.210667,3.210666667
0.133070,0.114486,1.112031,14:15:03.211333,3.211333333
0.040256,0.059938,1.068093,14:15:03.212000,3.212000000
-0.083525,0.009151,0.991139,14:15:03.212667,3.212666667
-0.006561,0.037005,1.046353,14:15:03.213333,3.213333333
0.075318,0.082981,1.049864,14:15:03.214000,3.214000000
0.084343,0.091471,1.058454,14:15:03.214667,3.214666667
-0.008263,0.042853,1.030361,14:15:03.215333,3.215333333
0.010653,0.001879,1.019638,14:15:03.216000,3.216000000
0.043138,-0.008630,0.992371,14:15:03.216667,3.216666667
0.062291,0.056324,1.017407,14:15:03.217333,3.217333333
0.040419,0.063530,1.018225,14:15:03.218000,3.218000000
0.026113,0.061907,1.040533,14:15:03.218667,3.218666667
0.043001,0.037834,1.020400,14:15:03.219333,3.219333333
0.048006,0.060538,1.046918,14:15:03.220000,3.220000000
0.091082,0.078116,1.062798,14:15:03.220667,3.220666667
0.160630,0.137276,1.090324,14:15:03.221333,3.221333333
0.237222,0.139676,1.102059,14:15:03.222000,3.222000000
0.091808,0.075006,1.038068,14:15:03.222667,3.222666667
0.034741,0.021176,1.004966,14:15:03.223333,3.223333333
0.087117,0.054261,1.014781,14:15:03.224000,3.224000000
0.183418,0.079491,1.040788,14:15:03.224667,3.224666667
0.121640,0.022325,1.013463,14:15:03.225333,3.225333333
0.045962,-0.014570,0.994417,14:15:03.226000,3.226000000
0.042396,-0.038951,0.942025,14:15:03.226667,3.226666667
0.037932,-0.011238,0.957763,14:15:03.227333,3.227333333
-0.012434,-0.029994,0.958146,14:15:03.228000,3.228000000
-0.000120,-0.016740,0.969368,14:15:03.228667,3.228666667
-0.009923,-0.057204,0.960191,14:15:03.229333,3.229333333
-0.021533,-0.031845,0.962901,14:15:03.230000,3.230000000
0.010022,-0.002351,0.970320,14:15:03.230667,3.230666667
0.027296,0.008603,0.966143,14:15:03.231333,3.231333333
0.150069,0.071351,1.063097,14:15:03.232000,3.232000000
0.126513,0.083443,1.041296,14:15:03.232667,3.232666667
0.017164,-0.008825,0.968579,14:15:03.233333,3.233333333
-0.017223,-0.052050,0.941797,14:15:03.234000,3.234000000
0.040327,0.012807,0.942561,14:15:03.234667,3.234666667
0.080012,0.033999,1.000717,14:15:03.235333,3.235333333
0.047866,0.002490,0.962506,14:15:03.236000,3.236000000
-0.036661,-0.051679,0.939256,14:15:03.236667,3.236666667
-0.041808,-0.089024,0.930000,14:15:03.237333,3.237333333
-0.021830,-0.058600,0.954921,14:15:03.238000,3.238000000
0.007471,-0.053401,0.976859,14:15:03.238667,3.238666667
-0.040118,-0.078273,0.953731,14:15:03.239333,3.239333333
-0.057161,-0.090541,0.969984,14:15:03.240000,3.240000000
-0.027423,-0.046959,0.982918,14:15:03.240667,3.240666667
-0.001667,-0.032989,0.970586,14:15:03.241333,3.241333333
-0.045584,-0.056747,0.981064,14:15:03.242000,3.242000000
0.094258,0.033273,1.081697,14:15:03.242667,3.242666667
0.041824,0.027855,1.054347,14:15:03.243333,3.243333333
-0.094142,-0.061385,0.960790,14:15:03.244000,3.244000000
-0.122831,-0.095298,0.963685,14:15:03.244667,3.244666667
-0.064566,-0.036824,1.009180,14:15:03.245333,3.245333333
0.019768,-0.007594,1.009670,14:15:03.246000,3.246000000
-0.082165,-0.084129,0.974549,14:15:03.246667,3.246666667
-0.141890,-0.093872,0.943745,14:15:03.247333,3.247333333
-0.144832,-0.105211,0.938350,14:15:03.248000,3.248000000
-0.095886,-0.049993,0.978107,14:15:03.248667,3.248666667
-0.129424,-0.050697,0.984981,14:15:03.249333,3.249333333
-0.147000,-0.049364,0.986579,14:15:03.250000,3.250000000
-0.088668,-0.042823,0.979794,14:15:03.250667,3.250666667
-0.137992,-0.008912,1.017572,14:15:03.251333,3.251333333
-0.113897,0.002425,1.003568,14:15:03.252000,3.252000000
-0.043494,0.034729,1.009419,14:15:03.252667,3.252666667
0.103079,0.122650,1.103094,14:15:03.253333,3.253333333
0.019273,0.066606,1.033283,14:15:03.254000,3.254000000
-0.082065,0.023600,1.012663,14:15:03.254667,3.254666667
-0.081601,0.021133,1.012816,14:15:03.255333,3.255333333
0.044843,0.080975,1.036095,14:15:03.256000,3.256000000
0.063049,0.076336,1.034989,14:15:03.256667,3.256666667
0.008003,0.061174,1.029279,14:15:03.257333,3.257333333
-0.031669,0.029373,0.978413,14:15:03.258000,3.258000000
0.005765,0.036805,1.013798,14:15:03.258667,3.258666667
0.043828,0.034625,1.007204,14:15:03.259333,3.259333333
0.055089,0.049825,1.048174,14:15:03.260000,3.260000000
0.006651,0.049844,1.030710,14:15:03.260667,3.260666667
0.009110,0.055417,1.063579,14:15:03.261333,3.261333333
0.074449,0.068072,1.045294,14:15:03.262000,3.262000000
0.077133,0.072095,1.059001,14:15:03.262667,3.262666667
0.117519,0.140660,1.094070,14:15:03.263333,3.263333333
0.246310,0.177119,1.092494,14:15:03.264000,3.264000000
0.117904,0.093203,1.056753,14:15:03.264667,3.264666667
-0.003078,0.005718,0.996794,14:15:03.265333,3.265333333
0.054146,0.022801,1.000053,14:15:03.266000,3.266000000
0.095868,0.098352,1.041128,14:15:03.266667,3.266666667
0.136453,0.062913,1.014647,14:15:03.267333,3.267333333
0.033785,-0.020672,0.987128,14:15:03.268000,3.268000000
-0.022872,-0.030001,0.945538,14:15:03.268667,3.268666667
-0.002830,-0.013792,0.995356,14:15:03.269333,3.269333333
0.020431,0.005024,1.003602,14:15:03.270000,3.270000000
0.019873,-0.013396,0.980961,14:15:03.270667,3.270666667
-0.012755,-0.047261,0.965689,14:15:03.271333,3.271333333
-0.023802,0.006042,0.975585,14:15:03.272000,3.272000000
0.024325,0.009606,0.967742,14:15:03.272667,3.272666667
0.068073,0.003342,1.000134,14:15:03.273333,3.273333333
0.124396,0.068536,1.022889,14:15:03.274000,3.274000000
0.158496,0.106487,1.021289,14:15:03.274667,3.274666667
0.020074,0.008630,0.997496,14:15:03.275333,3.275333333
-0.037156,-0.064757,0.930534,14:15:03.276000,3.276000000
0.044662,-0.034181,0.966845,14:15:03.276667,3.276666667
0.124974,0.000303,0.985198,14:15:03.277333,3.277333333
0.099225,0.000399,0.969094,14:15:03.278000,3.278000000
-0.020660,-0.064209,0.928091,14:15:03.278667,3.278666667
-0.023976,-0.042932,0.938227,14:15:03.279333,3.279333333
-0.012949,-0.044685,0.930398,14:15:03.280000,3.280000000
-0.033375,-0.043648,0.971054,14:15:03.280667,3.280666667
-0.040686,-0.059892,0.983866,14:15:03.281333,3.281333333
-0.052351,-0.085135,0.980088,14:15:03.282000,3.282000000
-0.087550,-0.049693,0.989622,14:15:03.282667,3.282666667
-0.011131,-0.019450,1.000811,14:15:03.283333,3.283333333
-0.042306,-0.031109,0.990694,14:15:03.284000,3.284000000
0.045334,0.062848,1.047656,14:15:03.284667,3.284666667
0.053950,0.052838,1.061443,14:15:03.285333,3.285333333
-0.086315,-0.067144,0.980248,14:15:03.286000,3.286000000
-0.118206,-0.073594,0.979373,14:15:03.286667,3.286666667
-0.060923,-0.042118,1.007162,14:15:03.287333,3.287333333
-0.013053,-0.004774,0.986417,14:15:03.288000,3.288000000
-0.068134,-0.048498,0.995321,14:15:03.288667,3.288666667
-0.116268,-0.118125,0.974953,14:15:03.289333,3.289333333
-0.156049,-0.088870,0.953513,14:15:03.290000,3.290000000
-0.123023,-0.080793,0.978371,14:15:03.290667,3.290666667
-0.122559,-0.071054,0.984696,14:15:03.291333,3.291333333
-0.127950,-0.053342,0.966295,14:15:03.292000,3.292000000
-0.123591,-0.062972,0.975514,14:15:03.292667,3.292666667
-0.158809,-0.048125,1.018424,14:15:03.293333,3.293333333
-0.074268,-0.012318,1.042223,14:15:03.294000,3.294000000
-0.045414,0.000391,1.009535,14:15:03.294667,3.294666667
0.060183,0.122914,1.088113,14:15:03.295333,3.295333333
0.071880,0.083654,1.071583,14:15:03.296000,3.296000000
-0.075848,0.036472,0.993058,14:15:03.296667,3.296666667
-0.081888,0.004764,1.007791,14:15:03.297333,3.297333333
-0.007339,0.033427,1.044392,14:15:03.298000,3.298000000
0.032944,0.093624,1.029106,14:15:03.298667,3.298666667
0.023844,0.065533,1.033533,14:15:03.299333,3.299333333
-0.025429,0.035563,1.009698,14:15:03.300000,3.300000000
-0.018122,0.010232,1.016803,14:15:03.300667,3.300666667
0.013354,0.055805,1.018367,14:15:03.301333,3.301333333
0.018425,0.074814,1.057571,14:15:03.302000,3.302000000
0.054834,0.036706,1.016376,14:15:03.302667,3.302666667
0.026651,0.034818,1.064645,14:15:03.303333,3.303333333
0.046724,0.054405,1.083440,14:15:03.304000,3.304000000
0.084030,0.085005,1.040296,14:15:03.304667,3.304666667
0.118253,0.101225,1.079274,14:15:03.305333,3.305333333
0.274057,0.159010,1.124420,14:15:03.306000,3.306000000
0.156472,0.109745,1.078798,14:15:03.306667,3.306666667
0.048343,0.024212,1.018636,14:15:03.307333,3.307333333
0.073721,0.039394,1.001033,14:15:03.308000,3.308000000
0.162962,0.080299,1.037841,14:15:03.308667,3.308666667
0.152339,0.066999,1.027871,14:15:03.309333,3.309333333
0.095269,0.001310,1.017906,14:15:03.310000,3.310000000
0.035483,-0.010731,0.971884,14:15:03.310667,3.310666667
0.028191,-0.024527,0.999470,14:15:03.311333,3.311333333
0.030466,-0.005450,0.991345,14:15:03.312000,3.312000000
0.029271,-0.012635,0.988769,14:15:03.312667,3.312666667
-0.013538,-0.020102,0.959572,14:15:03.313333,3.313333333
-0.003296,-0.039078,0.985746,14:15:03.314000,3.314000000
0.015757,-0.000275,0.974152,14:15:03.314667,3.314666667
0.023814,0.004575,0.998763,14:15:03.315333,3.315333333
0.096331,0.070543,1.040583,14:15:03.316000,3.316000000
0.187435,0.092899,1.032994,14:15:03.316667,3.316666667
0.034884,0.010452,0.973397,14:15:03.317333,3.317333333
0.000089,-0.030598,0.930574,14:15:03.318000,3.318000000
0.025753,-0.015031,0.959480,14:15:03.318667,3.318666667
0.147200,0.028704,0.951927,14:15:03.319333,3.319333333
0.065547,-0.001525,0.973020,14:15:03.320000,3.320000000
0.010341,-0.044863,0.928654,14:15:03.320667,3.320666667
-0.063782,-0.044680,0.934856,14:15:03.321333,3.321333333
-0.015673,-0.068418,0.938535,14:15:03.322000,3.322000000
0.005377,-0.042006,0.949637,14:15:03.322667,3.322666667
-0.030477,-0.046139,0.968599,14:15:03.323333,3.323333333
-0.012244,-0.043225,0.957620,14:15:03.324000,3.324000000
-0.056818,-0.075320,0.983426,14:15:03.324667,3.324666667
-0.029576,0.002212,0.974643,14:15:03.325333,3.325333333
-0.066742,-0.014607,1.012116,14:15:03.326000,3.326000000
0.095764,0.045165,1.054962,14:15:03.326667,3.326666667
0.082937,0.057687,1.031341,14:15:03.327333,3.327333333
-0.021500,-0.045259,0.979163,14:15:03.328000,3.328000000
-0.131367,-0.090025,0.961879,14:15:03.328667,3.328666667
-0.022480,-0.058096,0.995243,14:15:03.329333,3.329333333
0.023520,0.005147,1.011788,14:15:03.330000,3.330000000
-0.006365,-0.013791,0.994651,14:15:03.330667,3.330666667
-0.110729,-0.114940,0.939058,14:15:03.331333,3.331333333
-0.153857,-0.088764,0.972110,14:15:03.332000,3.332000000
-0.112073,-0.082590,0.967872,14:15:03.332667,3.332666667
-0.117546,-0.069703,0.955809,14:15:03.333333,3.333333333
-0.135086,-0.053617,0.988954,14:15:03.334000,3.334000000
-0.147244,-0.074818,0.965587,14:15:03.334667,3.334666667
-0.100355,-0.037960,0.981248,14:15:03.335333,3.335333333
-0.107708,-0.033633,1.000573,14:15:03.336000,3.336000000
-0.078834,0.003322,1.003848,14:15:03.336667,3.336666667
0.047089,0.076542,1.071570,14:15:03.337333,3.337333333
0.056877,0.064538,1.105604,14:15:03.338000,3.338000000
-0.097598,-0.014503,0.983986,14:15:03.338667,3.338666667
-0.136264,-0.021711,1.002698,14:15:03.339333,3.339333333
-0.021961,0.074975,1.019405,14:15:03.340000,3.340000000
0.047407,0.058406,1.038076,14:15:03.340667,3.340666667
0.023280,0.071998,1.032974,14:15:03.341333,3.341333333
-0.020397,0.006539,1.006672,14:15:03.342000,3.342000000
-0.054911,0.016859,0.999236,14:15:03.342667,3.342666667
0.010571,0.050073,1.019723,14:15:03.343333,3.343333333
0.011264,0.059621,1.059870,14:15:03.344000,3.344000000
0.003820,0.006633,1.051389,14:15:03.344667,3.344666667
0.011670,0.046529,1.010559,14:15:03.345333,3.345333333
0.054256,0.060000,1.086244,14:15:03.346000,3.346000000
0.081136,0.082392,1.039046,14:15:03.346667,3.346666667
0.095649,0.076899,1.075454,14:15:03.347333,3.347333333
0.247443,0.199697,1.125841,14:15:03.348000,3.348000000
0.146391,0.165885,1.106041,14:15:03.348667,3.348666667
0.042918,0.017972,1.006622,14:15:03.349333,3.349333333
0.037043,0.044488,1.017523,14:15:03.350000,3.350000000
0.140635,0.045508,1.041287,14:15:03.350667,3.350666667
0.184366,0.093834,1.038709,14:15:03.351333,3.351333333
0.102061,0.013897,1.020195,14:15:03.352000,3.352000000
0.033624,0.015425,0.970858,14:15:03.352667,3.352666667
0.007880,-0.017730,0.984049,14:15:03.353333,3.353333333
0.028180,-0.020344,0.969735,14:15:03.354000,3.354000000
0.024055,0.005838,1.002301,14:15:03.354667,3.354666667
-0.011796,0.010422,0.987895,14:15:03.355333,3.355333333
0.019136,-0.047820,1.002934,14:15:03.356000,3.356000000
0.037303,-0.021419,0.998827,14:15:03.356667,3.356666667
0.059531,-0.002008,0.997098,14:15:03.357333,3.357333333
0.073574,0.045451,1.009305,14:15:03.358000,3.358000000
0.210737,0.114496,1.031449,14:15:03.358667,3.358666667
0.097144,0.023407,0.993053,14:15:03.359333,3.359333333
0.004395,-0.031226,0.927172,14:15:03.360000,3.360000000
0.020521,-0.030620,0.944266,14:15:03.360667,3.360666667
0.083794,0.017908,0.980643,14:15:03.361333,3.361333333
0.089305,0.005889,0.987373,14:15:03.362000,3.362000000
0.039996,-0.015853,0.920468,14:15:03.362667,3.362666667
-0.031186,-0.081769,0.929285,14:15:03.363333,3.363333333
-0.035893,-0.050326,0.943234,14:15:03.364000,3.364000000
0.026019,-0.033954,0.958381,14:15:03.364667,3.364666667
-0.009984,-0.055769,0.951896,14:15:03.365333,3.365333333
-0.001296,-0.040004,0.973050,14:15:03.366000,3.366000000
-0.025289,-0.064179,0.955742,14:15:03.366667,3.366666667
-0.045420,-0.041827,0.987684,14:15:03.367333,3.367333333
-0.021624,-0.047684,0.999524,14:15:03.368000,3.368000000
0.055438,0.024502,1.049556,14:15:03.368667,3.368666667
0.145888,0.075494,1.075516,14:15:03.369333,3.369333333
-0.003148,-0.011538,0.992817,14:15:03.370000,3.370000000
-0.079228,-0.066395,0.955434,14:15:03.370667,3.370666667
-0.028927,-0.070678,0.967719,14:15:03.371333,3.371333333
0.005107,0.015416,1.021386,14:15:03.372000,3.372000000
-0.017980,-0.043442,1.003493,14:15:03.372667,3.372666667
-0.098956,-0.063554,0.966252,14:15:03.373333,3.373333333
-0.148503,-0.115167,0.947059,14:15:03.374000,3.374000000
-0.121912,-0.081316,0.974503,14:15:03.374667,3.374666667
-0.119569,-0.092111,0.975317,14:15:03.375333,3.375333333
-0.161586,-0.101378,0.993525,14:15:03.376000,3.376000000
-0.146217,-0.062433,0.990161,14:15:03.376667,3.376666667
-0.139654,-0.061848,1.009728,14:15:03.377333,3.377333333
-0.073505,-0.038347,0.993473,14:15:03.378000,3.378000000
-0.065221,-0.031564,0.999887,14:15:03.378667,3.378666667
0.005550,0.087817,1.050471,14:15:03.379333,3.379333333
0.054855,0.114459,1.070776,14:15:03.380000,3.380000000
-0.056050,-0.019602,1.038266,14:15:03.380667,3.380666667
-0.132222,-0.047165,0.974202,14:15:03.381333,3.381333333
-0.030190,0.007782,1.011293,14:15:03.382000,3.382000000
0.035540,0.068657,1.048177,14:15:03.382667,3.382666667
0.023277,0.023913,1.028688,14:15:03.383333,3.383333333
-0.027479,-0.046571,1.021328,14:15:03.384000,3.384000000
-0.086631,-0.012564,1.009246,14:15:03.384667,3.384666667
-0.074519,0.014261,1.011273,14:15:03.385333,3.385333333
0.029198,0.034894,1.020055,14:15:03.386000,3.386000000
-0.001908,0.015791,1.039701,14:15:03.386667,3.386666667
-0.013196,0.043824,0.998551,14:15:03.387333,3.387333333
0.021114,0.064709,1.046988,14:15:03.388000,3.388000000
0.055330,0.060309,1.072669,14:15:03.388667,3.388666667
0.084947,0.095496,1.052287,14:15:03.389333,3.389333333
0.217639,0.118435,1.124961,14:15:03.390000,3.390000000
0.180476,0.150635,1.081431,14:15:03.390667,3.390666667
0.059178,0.041674,1.056862,14:15:03.391333,3.391333333
0.005195,0.036477,1.000812,14:15:03.392000,3.392000000
0.120336,0.085103,1.055061,14:15:03.392667,3.392666667
0.149314,0.086955,1.059956,14:15:03.393333,3.393333333
0.098931,0.069067,1.017667,14:15:03.394000,3.394000000
0.048580,0.007181,1.001079,14:15:03.394667,3.394666667
0.000903,-0.025121,0.987930,14:15:03.395333,3.395333333
0.066993,0.014800,1.008046,14:15:03.396000,3.396000000
0.056664,0.024281,0.987311,14:15:03.396667,3.396666667
0.037381,-0.004120,0.968470,14:15:03.397333,3.397333333
0.000309,-0.005318,0.978496,14:15:03.398000,3.398000000
0.028857,-0.008787,0.980902,14:15:03.398667,3.398666667
0.041800,0.003977,0.994949,14:15:03.399333,3.399333333
0.060273,0.006617,0.992013,14:15:03.400000,3.400000000
0.186029,0.099383,1.037736,14:15:03.400667,3.400666667
0.124064,0.071558,1.018152,14:15:03.401333,3.401333333
0.010412,-0.016958,0.944353,14:15:03.402000,3.402000000
0.009137,-0.047247,0.947210,14:15:03.402667,3.402666667
0.066521,0.007397,0.988770,14:15:03.403333,3.403333333
0.111913,0.022370,0.966473,14:15:03.404000,3.404000000
0.028336,-0.020665,0.937811,14:15:03.404667,3.404666667
-0.014494,-0.107526,0.926178,14:15:03.405333,3.405333333
-0.049737,-0.066841,0.938065,14:15:03.406000,3.406000000
-0.011054,-0.048025,0.926854,14:15:03.406667,3.406666667
0.039387,-0.048885,0.971024,14:15:03.407333,3.407333333
-0.054669,-0.023476,0.969988,14:15:03.408000,3.408000000
-0.068748,-0.060166,0.959434,14:15:03.408667,3.408666667
-0.004229,-0.043487,0.974855,14:15:03.409333,3.409333333
-0.011186,-0.008341,1.022052,14:15:03.410000,3.410000000
0.029827,0.021370,1.013578,14:15:03.410667,3.410666667
0.133715,0.066967,1.031746,14:15:03.411333,3.411333333
0.035353,0.008329,1.028274,14:15:03.412000,3.412000000
-0.055281,-0.066269,0.963218,14:15:03.412667,3.412666667
-0.053509,-0.058079,0.961520,14:15:03.413333,3.413333333
0.022878,-0.022258,1.021679,14:15:03.414000,3.414000000
0.001657,-0.021509,0.994221,14:15:03.414667,3.414666667
-0.054996,-0.072613,0.977596,14:15:03.415333,3.415333333
-0.143312,-0.102531,0.946611,14:15:03.416000,3.416000000
-0.108922,-0.082253,0.950064,14:15:03.416667,3.416666667
-0.086498,-0.069611,0.987065,14:15:03.417333,3.417333333
-0.077329,-0.057547,0.962382,14:15:03.418000,3.418000000
-0.163593,-0.080632,0.975287,14:15:03.418667,3.418666667
-0.113766,-0.092921,0.985953,14:15:03.419333,3.419333333
-0.135233,-0.054120,1.003043,14:15:03.420000,3.420000000
-0.124976,-0.020637,1.006143,14:15:03.420667,3.420666667
0.002031,0.035627,1.044522,14:15:03.421333,3.421333333
0.052574,0.062242,1.074136,14:15:03.422000,3.422000000
-0.040950,0.017753,0.989520,14:15:03.422667,3.422666667
-0.112712,-0.027925,0.991664,14:15:03.423333,3.423333333
-0.035186,0.002641,1.003415,14:15:03.424000,3.424000000
0.015508,0.062566,1.027153,14:15:03.424667,3.424666667
-0.029445,0.023191,1.016291,14:15:03.425333,3.425333333
-0.055792,-0.019601,0.968794,14:15:03.426000,3.426000000
-0.077120,-0.004938,0.990754,14:15:03.426667,3.426666667
-0.065190,0.017492,1.022147,14:15:03.427333,3.427333333
-0.009199,0.042106,1.031009,14:15:03.428000,3.428000000
0.001914,0.005067,1.024312,14:15:03.428667,3.428666667
-0.039297,0.029668,1.006426,14:15:03.429333,3.429333333
-0.024149,0.060058,1.024826,14:15:03.430000,3.430000000
0.028073,0.090534,1.044795,14:15:03.430667,3.430666667
0.052335,0.109196,1.065365,14:15:03.431333,3.431333333
0.200812,0.149160,1.134748,14:15:03.432000,3.432000000
0.196872,0.173859,1.108994,14:15:03.432667,3.432666667
0.065711,0.073752,1.061738,14:15:03.433333,3.433333333
0.052928,0.025475,1.013264,14:15:03.434000,3.434000000
0.093806,0.065822,1.039047,14:15:03.434667,3.434666667
0.164816,0.138959,1.067072,14:15:03.435333,3.435333333
0.133722,0.066284,1.034329,14:15:03.436000,3.436000000
0.034770,0.004263,1.008321,14:15:03.436667,3.436666667
0.021543,0.027830,0.993398,14:15:03.437333,3.437333333
0.066238,0.020385,0.997999,14:15:03.438000,3.438000000
0.053442,0.028934,0.999783,14:15:03.438667,3.438666667
-0.002602,-0.012711,1.001700,14:15:03.439333,3.439333333
-0.006277,-0.025931,0.979762,14:15:03.440000,3.440000000
0.010303,0.017213,1.011257,14:15:03.440667,3.440666667
0.029704,0.029552,0.983441,14:15:03.441333,3.441333333
0.066692,0.012231,1.004247,14:15:03.442000,3.442000000
0.183160,0.121061,1.056573,14:15:03.442667,3.442666667
0.163272,0.113081,1.032878,14:15:03.443333,3.443333333
0.035641,-0.008180,0.988214,14:15:03.444000,3.444000000
-0.023533,-0.035308,0.963069,14:15:03.444667,3.444666667
0.069768,0.019715,0.993738,14:15:03.445333,3.445333333
0.094836,0.043830,0.993558,14:15:03.446000,3.446000000
0.066319,0.003123,0.940640,14:15:03.446667,3.446666667
-0.019600,-0.054584,0.939570,14:15:03.447333,3.447333333
-0.034034,-0.040276,0.924947,14:15:03.448000,3.448000000
-0.006870,-0.050826,0.949837,14:15:03.448667,3.448666667
-0.005719,-0.044184,0.966989,14:15:03.449333,3.449333333
-0.031643,-0.053650,0.950180,14:15:03.450000,3.450000000
-0.039041,-0.026513,1.005373,14:15:03.450667,3.450666667
-0.037171,-0.012627,0.969484,14:15:03.451333,3.451333333
-0.002665,-0.026120,0.994871,14:15:03.452000,3.452000000
-0.006073,0.015968,1.011586,14:15:03.452667,3.452666667
0.135685,0.074992,1.081067,14:15:03.453333,3.453333333
0.049243,0.008980,1.045116,14:15:03.454000,3.454000000
-0.022266,-0.061907,0.956814,14:15:03.454667,3.454666667
-0.037973,-0.082845,0.976854,14:15:03.455333,3.455333333
0.005827,-0.024560,0.994020,14:15:03.456000,3.456000000
0.018793,0.000658,1.003503,14:15:03.456667,3.456666667
-0.053632,-0.051815,0.984232,14:15:03.457333,3.457333333
-0.126317,-0.070033,0.956020,14:15:03.458000,3.458000000
-0.107495,-0.090123,0.966644,14:15:03.458667,3.458666667
-0.107890,-0.066542,0.984060,14:15:03.459333,3.459333333
-0.126465,-0.106206,0.976987,14:15:03.460000,3.460000000
-0.136534,-0.084416,0.988777,14:15:03.460667,3.460666667
-0.145776,-0.093002,0.998547,14:15:03.461333,3.461333333
-0.080785,-0.042583,1.022791,14:15:03.462000,3.462000000
-0.110751,-0.011296,1.007398,14:15:03.462667,3.462666667
-0.012188,0.026153,1.038646,14:15:03.463333,3.463333333
0.064484,0.098460,1.067692,14:15:03.464000,3.464000000
-0.047283,0.023681,1.007689,14:15:03.464667,3.464666667
-0.142880,-0.045971,1.013943,14:15:03.465333,3.465333333
-0.083619,-0.029127,1.003224,14:15:03.466000,3.466000000
0.011630,0.046902,1.024908,14:15:03.466667,3.466666667
0.003669,0.037522,1.033988,14:15:03.467333,3.467333333
-0.064622,0.022485,0.982569,14:15:03.468000,3.468000000
-0.070871,-0.030317,0.990084,14:15:03.468667,3.468666667
-0.074974,-0.027390,0.987313,14:15:03.469333,3.469333333
-0.068555,0.039710,1.001005,14:15:03.470000,3.470000000
-0.058605,0.061417,1.001490,14:15:03.470667,3.470666667
-0.028149,0.049915,1.026823,14:15:03.471333,3.471333333
-0.009068,0.056417,1.051371,14:15:03.472000,3.472000000
0.027781,0.080940,1.079590,14:15:03.472667,3.472666667
0.046209,0.065664,1.086870,14:15:03.473333,3.473333333
0.146117,0.154253,1.119966,14:15:03.474000,3.474000000
0.204463,0.175117,1.125012,14:15:03.474667,3.474666667
0.098742,0.097008,1.055850,14:15:03.475333,3.475333333
0.022516,0.035272,1.021276,14:15:03.476000,3.476000000
0.093371,0.052751,1.065237,14:15:03.476667,3.476666667
0.142751,0.116606,1.057430,14:15:03.477333,3.477333333
0.152986,0.097743,1.041274,14:15:03.478000,3.478000000
0.063827,0.027501,0.977651,14:15:03.478667,3.478666667
0.036981,0.016941,0.985758,14:15:03.479333,3.479333333
0.059282,0.030226,1.014137,14:15:03.480000,3.480000000
0.069167,0.019516,0.986006,14:15:03.480667,3.480666667
0.030916,0.000154,1.006157,14:15:03.481333,3.481333333
0.031880,-0.010363,0.976922,14:15:03.482000,3.482000000
0.045825,0.011400,1.005839,14:15:03.482667,3.482666667
0.087288,0.029827,1.018086,14:15:03.483333,3.483333333
0.051587,0.041042,1.010415,14:15:03.484000,3.484000000
0.174066,0.099903,1.072355,14:15:03.484667,3.484666667
0.162296,0.099057,1.056085,14:15:03.485333,3.485333333
0.010236,0.017438,0.991756,14:15:03.486000,3.486000000
-0.004760,-0.051986,0.958510,14:15:03.486667,3.486666667
0.044973,-0.009835,0.957833,14:15:03.487333,3.487333333
0.116420,0.038675,0.981671,14:15:03.488000,3.488000000
0.034391,0.051161,0.958915,14:15:03.488667,3.488666667
0.024857,-0.023926,0.919476,14:15:03.489333,3.489333333
-0.022329,-0.088326,0.942122,14:15:03.490000,3.490000000
0.006199,-0.044997,0.935130,14:15:03.490667,3.490666667
-0.004023,-0.054642,0.956897,14:15:03.491333,3.491333333
-0.033779,-0.061137,0.959408,14:15:03.492000,3.492000000
-0.053361,-0.046341,0.968459,14:15:03.492667,3.492666667
-0.026842,-0.027107,0.987621,14:15:03.493333,3.493333333
0.005423,-0.024593,1.006860,14:15:03.494000,3.494000000
0.021831,0.015579,0.992082,14:15:03.494667,3.494666667
0.120462,0.113914,1.047411,14:15:03.495333,3.495333333
0.083599,0.062401,1.016166,14:15:03.496000,3.496000000
-0.042335,-0.073476,0.976696,14:15:03.496667,3.496666667
-0.058998,-0.050657,0.962612,14:15:03.497333,3.497333333
0.037876,-0.011149,1.008350,14:15:03.498000,3.498000000
0.055864,-0.017874,0.993150,14:15:03.498667,3.498666667
0.004219,-0.049886,0.967788,14:15:03.499333,3.499333333
-0.124281,-0.077318,0.961109,14:15:03.500000,3.500000000
-0.084546,-0.118282,0.932654,14:15:03.500667,3.500666667
-0.076151,-0.096893,0.992439,14:15:03.501333,3.501333333
-0.121848,-0.075876,0.958414,14:15:03.502000,3.502000000
-0.121061,-0.121839,0.945114,14:15:03.502667,3.502666667
-0.167699,-0.088076,0.964732,14:15:03.503333,3.503333333
-0.101447,-0.069220,1.007633,14:15:03.504000,3.504000000
-0.075797,-0.022145,1.009936,14:15:03.504667,3.504666667
-0.069278,-0.042159,1.005533,14:15:03.505333,3.505333333
0.067178,0.103389,1.071473,14:15:03.506000,3.506000000
-0.010045,0.011028,0.998049,14:15:03.506667,3.506666667
-0.139402,-0.045881,0.963975,14:15:03.507333,3.507333333
-0.089889,-0.035044,0.965403,14:15:03.508000,3.508000000
-0.036482,0.011664,1.043864,14:15:03.508667,3.508666667
-0.008714,0.046978,1.052840,14:15:03.509333,3.509333333
-0.079860,-0.005821,1.006183,14:15:03.510000,3.510000000
-0.110375,-0.017752,0.984778,14:15:03.510667,3.510666667
-0.088045,-0.031258,0.973381,14:15:03.511333,3.511333333
-0.025720,0.006484,1.015574,14:15:03.512000,3.512000000
-0.074392,-0.000963,1.029082,14:15:03.512667,3.512666667
-0.036539,-0.004916,0.993140,14:15:03.513333,3.513333333
-0.028741,0.057837,1.021053,14:15:03.514000,3.514000000
0.016393,0.029503,1.047466,14:15:03.514667,3.514666667
0.018266,0.109785,1.070280,14:15:03.515333,3.515333333
0.125756,0.145936,1.098478,14:15:03.516000,3.516000000
0.232493,0.200535,1.121055,14:15:03.516667,3.516666667
0.069902,0.059194,1.083483,14:15:03.517333,3.517333333
0.010174,0.028992,1.044909,14:15:03.518000,3.518000000
0.056308,0.075662,1.036803,14:15:03.518667,3.518666667
0.144743,0.097858,1.068525,14:15:03.519333,3.519333333
0.139755,0.106009,1.068596,14:15:03.520000,3.520000000
0.071345,0.036310,1.024769,14:15:03.520667,3.520666667
0.035951,-0.006083,0.988391,14:15:03.521333,3.521333333
0.054149,0.015172,1.030032,14:15:03.522000,3.522000000
0.080842,0.046347,1.021200,14:15:03.522667,3.522666667
0.055893,-0.001848,1.005717,14:15:03.523333,3.523333333
0.014178,0.015126,1.008516,14:15:03.524000,3.524000000
0.026713,-0.010255,1.011798,14:15:03.524667,3.524666667
0.047029,0.014345,0.999293,14:15:03.525333,3.525333333
0.052991,0.032606,1.011681,14:15:03.526000,3.526000000
0.157880,0.097047,1.074706,14:15:03.526667,3.526666667
0.173400,0.078898,1.045390,14:15:03.527333,3.527333333
0.025919,0.022806,0.990829,14:15:03.528000,3.528000000
-0.006744,-0.013744,0.955236,14:15:03.528667,3.528666667
0.075257,-0.002943,0.963137,14:15:03.529333,3.529333333
0.100059,0.017958,1.001306,14:15:03.530000,3.530000000
0.036883,0.000299,0.973249,14:15:03.530667,3.530666667
-0.018024,-0.063714,0.933478,14:15:03.531333,3.531333333
-0.071605,-0.078278,0.943626,14:15:03.532000,3.532000000
-0.015919,-0.059510,0.948254,14:15:03.532667,3.532666667
-0.003412,-0.026983,0.937200,14:15:03.533333,3.533333333
0.001774,-0.056144,0.966558,14:15:03.534000,3.534000000
0.010498,-0.056684,0.940653,14:15:03.534667,3.534666667
-0.024669,-0.034334,0.982154,14:15:03.535333,3.535333333
0.000595,-0.029533,0.965745,14:15:03.536000,3.536000000
0.014908,-0.011016,0.987551,14:15:03.536667,3.536666667
0.140971,0.067970,1.038021,14:15:03.537333,3.537333333
0.140533,0.078901,1.019110,14:15:03.538000,3.538000000
0.006195,-0.015188,0.974711,14:15:03.538667,3.538666667
-0.042507,-0.052954,0.963467,14:15:03.539333,3.539333333
-0.004227,-0.003183,0.989622,14:15:03.540000,3.540000000
0.070490,-0.011080,1.019497,14:15:03.540667,3.540666667
-0.037086,-0.016864,0.990395,14:15:03.541333,3.541333333
-0.069411,-0.060951,0.946012,14:15:03.542000,3.542000000
-0.104501,-0.071387,0.950661,14:15:03.542667,3.542666667
-0.081233,-0.072131,0.965276,14:15:03.543333,3.543333333
-0.090663,-0.071899,0.964100,14:15:03.544000,3.544000000
-0.133084,-0.104274,0.984397,14:15:03.544667,3.544666667
-0.128956,-0.082933,1.004428,14:15:03.545333,3.545333333
-0.092086,-0.075755,0.977943,14:15:03.546000,3.546000000
-0.097578,-0.026112,1.010948,14:15:03.546667,3.546666667
-0.087210,-0.067442,1.005217,14:15:03.547333,3.547333333
0.031138,0.073931,1.041995,14:15:03.548000,3.548000000
0.002015,0.015521,1.041614,14:15:03.548667,3.548666667
-0.114309,-0.065592,0.971390,14:15:03.549333,3.549333333
-0.064371,-0.030800,0.979780,14:15:03.550000,3.550000000
-0.085922,0.016551,1.035219,14:15:03.550667,3.550666667
-0.003343,0.027303,1.038960,14:15:03.551333,3.551333333
-0.045764,0.002154,1.014437,14:15:03.552000,3.552000000
-0.112903,-0.063186,0.972793,14:15:03.552667,3.552666667
-0.098076,-0.022115,0.991353,14:15:03.553333,3.553333333
-0.078017,-0.011336,0.987458,14:15:03.554000,3.554000000
-0.023359,0.044571,0.995606,14:15:03.554667,3.554666667
-0.045380,0.014026,0.991910,14:15:03.555333,3.555333333
-0.046003,0.018152,1.018216,14:15:03.556000,3.556000000
-0.029244,0.054895,1.051583,14:15:03.556667,3.556666667
0.037853,0.077533,1.049080,14:15:03.557333,3.557333333
0.081471,0.127442,1.082357,14:15:03.558000,3.558000000
0.192266,0.219610,1.120009,14:15:03.558667,3.558666667
0.095477,0.109630,1.054090,14:15:03.559333,3.559333333
0.015582,0.073135,1.003841,14:15:03.560000,3.560000000
0.082265,0.043545,1.037960,14:15:03.560667,3.560666667
0.121444,0.111956,1.072945,14:15:03.561333,3.561333333
0.143925,0.099034,1.075997,14:15:03.562000,3.562000000
0.078151,0.058005,1.016491,14:15:03.562667,3.562666667
0.024589,0.023273,0.999283,14:15:03.563333,3.563333333
0.024009,0.046343,1.004799,14:15:03.564000,3.564000000
0.069853,0.053365,1.022645,14:15:03.564667,3.564666667
0.076760,0.007074,1.031369,14:15:03.565333,3.565333333
0.020229,0.019555,0.992150,14:15:03.566000,3.566000000
0.075859,0.005754,1.003014,14:15:03.566667,3.566666667
0.056338,0.033140,1.030021,14:15:03.567333,3.567333333
0.090596,0.054462,1.010140,14:15:03.568000,3.568000000
0.140159,0.068378,1.062089,14:15:03.568667,3.568666667
0.227491,0.113236,1.085514,14:15:03.569333,3.569333333
0.088231,0.028434,1.004420,14:15:03.570000,3.570000000
-0.001644,0.008753,0.977478,14:15:03.570667,3.570666667
0.089102,0.017217,0.949777,14:15:03.571333,3.571333333
0.102492,0.017176,1.005453,14:15:03.572000,3.572000000
0.104749,0.056203,0.977816,14:15:03.572667,3.572666667
0.014117,-0.005982,0.963953,14:15:03.573333,3.573333333
0.009911,-0.076080,0.924181,14:15:03.574000,3.574000000
0.020137,-0.058207,0.927889,14:15:03.574667,3.574666667
-0.006703,-0.025154,0.924835,14:15:03.575333,3.575333333
0.015106,-0.063354,0.926069,14:15:03.576000,3.576000000
-0.046752,-0.073321,0.943635,14:15:03.576667,3.576666667
-0.013957,-0.036645,0.956045,14:15:03.577333,3.577333333
0.005331,-0.015618,0.970388,14:15:03.578000,3.578000000
-0.019335,-0.036832,0.985190,14:15:03.578667,3.578666667
0.112650,0.086118,1.037496,14:15:03.579333,3.579333333
0.153730,0.094628,1.025070,14:15:03.580000,3.580000000
0.000212,-0.032693,0.980911,14:15:03.580667,3.580666667
-0.057147,-0.054639,0.956399,14:15:03.581333,3.581333333
0.019377,-0.029353,0.994570,14:15:03.582000,3.582000000
0.059034,0.006384,1.008590,14:15:03.582667,3.582666667
-0.010228,-0.000112,0.974667,14:15:03.583333,3.583333333
-0.038659,-0.076699,0.956813,14:15:03.584000,3.584000000
-0.091664,-0.110114,0.947076,14:15:03.584667,3.584666667
-0.080363,-0.088103,0.941166,14:15:03.585333,3.585333333
-0.070179,-0.040376,0.993948,14:15:03.586000,3.586000000
-0.132079,-0.064422,0.987618,14:15:03.586667,3.586666667
-0.145164,-0.073701,0.960004,14:15:03.587333,3.587333333
-0.146167,-0.064305,0.988635,14:15:03.588000,3.588000000
-0.083612,-0.038979,1.017249,14:15:03.588667,3.588666667
-0.081893,-0.032958,1.037195,14:15:03.589333,3.589333333
0.023188,0.054917,1.078276,14:15:03.590000,3.590000000
0.020206,0.018269,1.034724,14:15:03.590667,3.590666667
-0.106433,-0.037668,0.971065,14:15:03.591333,3.591333333
-0.156344,-0.059973,0.972477,14:15:03.592000,3.592000000
-0.061585,-0.032769,1.007434,14:15:03.592667,3.592666667
-0.036111,0.014561,1.025993,14:15:03.593333,3.593333333
-0.052622,-0.056650,0.965069,14:15:03.594000,3.594000000
-0.114111,-0.045480,0.951081,14:15:03.594667,3.594666667
-0.107349,-0.050514,0.974572,14:15:03.595333,3.595333333
-0.095256,0.008139,0.986849,14:15:03.596000,3.596000000
-0.066720,-0.013622,1.027880,14:15:03.596667,3.596666667
-0.095456,-0.010889,1.017310,14:15:03.597333,3.597333333
-0.051347,-0.004266,1.000536,14:15:03.598000,3.598000000
-0.078346,0.060055,1.026592,14:15:03.598667,3.598666667
-0.019728,0.069719,1.054452,14:15:03.599333,3.599333333
0.017179,0.050205,1.055592,14:15:03.600000,3.600000000
0.181578,0.169091,1.124363,14:15:03.600667,3.600666667
0.132358,0.135454,1.077444,14:15:03.601333,3.601333333
0.033574,0.054755,1.037516,14:15:03.602000,3.602000000
0.012648,0.066435,1.027276,14:15:03.602667,3.602666667
0.118354,0.121870,1.045437,14:15:03.603333,3.603333333
0.137060,0.092245,1.058271,14:15:03.604000,3.604000000
0.080381,0.073408,1.041801,14:15:03.604667,3.604666667
0.027622,0.027858,1.017826,14:15:03.605333,3.605333333
0.036240,0.027798,1.013600,14:15:03.606000,3.606000000
0.057959,0.039780,1.036035,14:15:03.606667,3.606666667
0.056879,0.037191,1.019472,14:15:03.607333,3.607333333
0.031079,0.048290,1.007621,14:15:03.608000,3.608000000
0.029558,0.022243,0.993145,14:15:03.608667,3.608666667
0.080500,0.062525,1.012962,14:15:03.609333,3.609333333
0.078888,0.054266,1.032477,14:15:03.610000,3.610000000
0.150112,0.072459,1.043631,14:15:03.610667,3.610666667
0.231485,0.128165,1.083839,14:15:03.611333,3.611333333
0.118468,0.076066,1.015944,14:15:03.612000,3.612000000
-0.001348,-0.012386,0.990820,14:15:03.612667,3.612666667
0.057067,-0.011200,0.974523,14:15:03.613333,3.613333333
0.124664,0.042976,0.998847,14:15:03.614000,3.614000000
0.115120,0.050232,0.989584,14:15:03.614667,3.614666667
0.014962,-0.035695,0.944682,14:15:03.615333,3.615333333
-0.010029,-0.024453,0.925575,14:15:03.616000,3.616000000
-0.009450,-0.025697,0.926187,14:15:03.616667,3.616666667
-0.013618,-0.033186,0.929670,14:15:03.617333,3.617333333
-0.034611,-0.036915,0.937520,14:15:03.618000,3.618000000
-0.016991,-0.027380,0.964711,14:15:03.618667,3.618666667
-0.032042,-0.033240,0.942873,14:15:03.619333,3.619333333
-0.001805,-0.048771,0.986016,14:15:03.620000,3.620000000
0.024356,0.014981,1.003986,14:15:03.620667,3.620666667
0.091162,0.075132,1.045376,14:15:03.621333,3.621333333
0.131627,0.096062,1.029671,14:15:03.622000,3.622000000
0.012480,0.011366,0.986065,14:15:03.622667,3.622666667
-0.061275,-0.065782,0.972239,14:15:03.623333,3.623333333
-0.005505,-0.009477,0.996508,14:15:03.624000,3.624000000
0.077077,0.014648,0.990761,14:15:03.624667,3.624666667
0.023164,-0.011183,0.971140,14:15:03.625333,3.625333333
-0.037988,-0.076288,0.960113,14:15:03.626000,3.626000000
-0.089354,-0.072109,0.945471,14:15:03.626667,3.626666667
-0.079361,-0.098406,0.948624,14:15:03.627333,3.627333333
-0.067897,-0.073672,0.976571,14:15:03.628000,3.628000000
-0.095815,-0.080727,0.985433,14:15:03.628667,3.628666667
-0.061210,-0.087208,0.993722,14:15:03.629333,3.629333333
-0.117186,-0.058363,1.007873,14:15:03.630000,3.630000000
-0.084759,-0.080785,0.989367,14:15:03.630667,3.630666667
-0.100786,-0.007807,0.996498,14:15:03.631333,3.631333333
0.003555,0.061810,1.063194,14:15:03.632000,3.632000000
0.039810,0.058207,1.060710,14:15:03.632667,3.632666667
-0.094682,-0.065424,1.005748,14:15:03.633333,3.633333333
-0.132145,-0.073959,1.000474,14:15:03.634000,3.634000000
-0.075771,-0.034603,1.009732,14:15:03.634667,3.634666667
-0.011715,-0.014076,1.014053,14:15:03.635333,3.635333333
-0.074981,-0.036463,0.995835,14:15:03.636000,3.636000000
-0.138652,-0.063086,0.970843,14:15:03.636667,3.636666667
-0.133838,-0.072925,0.998343,14:15:03.637333,3.637333333
-0.078894,-0.006140,0.989815,14:15:03.638000,3.638000000
-0.077846,0.023374,1.003805,14:15:03.638667,3.638666667
-0.083035,0.011869,0.986815,14:15:03.639333,3.639333333
-0.109238,-0.015994,1.007363,14:15:03.640000,3.640000000
-0.047854,0.016871,1.020060,14:15:03.640667,3.640666667
-0.020830,0.043984,1.040782,14:15:03.641333,3.641333333
-0.006124,0.076000,1.074302,14:15:03.642000,3.642000000
0.149449,0.170466,1.121385,14:15:03.642667,3.642666667
0.114810,0.165857,1.078850,14:15:03.643333,3.643333333
-0.003729,0.049362,1.004622,14:15:03.644000,3.644000000
0.007625,0.043077,1.015978,14:15:03.644667,3.644666667
0.094734,0.094985,1.067123,14:15:03.645333,3.645333333
0.147071,0.133139,1.075397,14:15:03.646000,3.646000000
0.088159,0.061604,1.021945,14:15:03.646667,3.646666667
0.025102,0.047031,0.991882,14:15:03.647333,3.647333333
0.043979,0.054180,1.014832,14:15:03.648000,3.648000000
0.062638,0.041092,1.005040,14:15:03.648667,3.648666667
0.063283,0.043819,1.048314,14:15:03.649333,3.649333333
0.043874,0.021638,1.015609,14:15:03.650000,3.650000000
0.063623,0.030431,1.028349,14:15:03.650667,3.650666667
0.051014,0.050820,1.035441,14:15:03.651333,3.651333333
0.102394,0.023388,1.016200,14:15:03.652000,3.652000000
0.092989,0.093105,1.050718,14:15:03.652667,3.652666667
0.221174,0.139111,1.108142,14:15:03.653333,3.653333333
0.154732,0.097987,1.045230,14:15:03.654000,3.654000000
0.058924,-0.022455,0.983214,14:15:03.654667,3.654666667
0.037445,-0.021636,0.957785,14:15:03.655333,3.655333333
0.139152,0.032981,1.015259,14:15:03.656000,3.656000000
0.126267,0.070148,1.002378,14:15:03.656667,3.656666667
0.058359,0.015098,0.964000,14:15:03.657333,3.657333333
0.007711,-0.072290,0.930665,14:15:03.658000,3.658000000
-0.003997,-0.049533,0.947457,14:15:03.658667,3.658666667
0.006803,-0.048459,0.968524,14:15:03.659333,3.659333333
0.003908,-0.047136,0.928595,14:15:03.660000,3.660000000
-0.011189,-0.034499,0.947480,14:15:03.660667,3.660666667
-0.006475,-0.002903,0.947690,14:15:03.661333,3.661333333
-0.007181,-0.010765,0.973027,14:15:03.662000,3.662000000
0.023338,-0.014004,1.027967,14:15:03.662667,3.662666667
0.066993,0.005957,1.023288,14:15:03.663333,3.663333333
0.165639,0.106356,1.037141,14:15:03.664000,3.664000000
0.044813,0.019056,0.996488,14:15:03.664667,3.664666667
-0.013104,-0.041126,0.958046,14:15:03.665333,3.665333333
0.006851,0.004558,0.961358,14:15:03.666000,3.666000000
0.067494,0.002399,0.988791,14:15:03.666667,3.666666667
0.020927,-0.008896,0.981079,14:15:03.667333,3.667333333
-0.015402,-0.055313,0.928583,14:15:03.668000,3.668000000
-0.083104,-0.103418,0.964968,14:15:03.668667,3.668666667
-0.074035,-0.076982,0.939986,14:15:03.669333,3.669333333
-0.046567,-0.071879,0.968523,14:15:03.670000,3.670000000
-0.069228,-0.097234,0.949034,14:15:03.670667,3.670666667
-0.077498,-0.074552,0.967955,14:15:03.671333,3.671333333
-0.085449,-0.041616,0.986780,14:15:03.672000,3.672000000
-0.052111,-0.044753,1.003501,14:15:03.672667,3.672666667
-0.049955,-0.029382,1.004598,14:15:03.673333,3.673333333
0.018941,0.051540,1.055079,14:15:03.674000,3.674000000
0.059376,0.057652,1.053391,14:15:03.674667,3.674666667
-0.048174,-0.032320,1.006765,14:15:03.675333,3.675333333
-0.151635,-0.102276,0.963055,14:15:03.676000,3.676000000
-0.075543,-0.033284,1.016369,14:15:03.676667,3.676666667
-0.020597,-0.000889,0.995961,14:15:03.677333,3.677333333
-0.054367,-0.055151,1.005727,14:15:03.678000,3.678000000
-0.142281,-0.034608,0.973232,14:15:03.678667,3.678666667
-0.122786,-0.080887,0.973881,14:15:03.679333,3.679333333
-0.130234,-0.045153,0.992937,14:15:03.680000,3.680000000
-0.098973,0.009514,0.999397,14:15:03.680667,3.680666667
-0.084429,-0.021290,0.999109,14:15:03.681333,3.681333333
-0.083626,-0.023415,1.013500,14:15:03.682000,3.682000000
-0.106596,-0.013462,1.035556,14:15:03.682667,3.682666667
-0.041417,0.019663,1.022583,14:15:03.683333,3.683333333
-0.028336,0.082684,1.029849,14:15:03.684000,3.684000000
0.133389,0.140072,1.096377,14:15:03.684667,3.684666667
0.140867,0.148352,1.108875,14:15:03.685333,3.685333333
0.016299,0.047263,1.029887,14:15:03.686000,3.686000000
-0.003093,0.029260,1.036846,14:15:03.686667,3.686666667
0.068247,0.087156,1.032079,14:15:03.687333,3.687333333
0.123046,0.097659,1.068867,14:15:03.688000,3.688000000
0.092334,0.068509,1.074911,14:15:03.688667,3.688666667
0.028734,0.005411,1.017426,14:15:03.689333,3.689333333
0.038652,-0.009265,0.999050,14:15:03.690000,3.690000000
0.056614,0.056734,1.009453,14:15:03.690667,3.690666667
0.061149,0.055196,1.036557,14:15:03.691333,3.691333333
0.063223,0.036217,1.036152,14:15:03.692000,3.692000000
0.038411,-0.003510,1.026022,14:15:03.692667,3.692666667
0.050303,0.021754,1.057264,14:15:03.693333,3.693333333
0.057738,0.063637,1.040610,14:15:03.694000,3.694000000
0.111401,0.041362,1.023317,14:15:03.694667,3.694666667
0.241660,0.148736,1.097654,14:15:03.695333,3.695333333
0.190735,0.126543,1.046553,14:15:03.696000,3.696000000
0.018961,-0.001798,1.016617,14:15:03.696667,3.696666667
0.051290,-0.016402,0.956638,14:15:03.697333,3.697333333
0.112939,0.042341,0.991437,14:15:03.698000,3.698000000
0.107380,0.062003,1.018374,14:15:03.698667,3.698666667
0.039610,0.004914,0.982222,14:15:03.699333,3.699333333
-0.056927,-0.032588,0.951276,14:15:03.700000,3.700000000
0.025053,-0.037657,0.919034,14:15:03.700667,3.700666667
0.020696,-0.018708,0.961177,14:15:03.701333,3.701333333
-0.005032,-0.014306,0.971821,14:15:03.702000,3.702000000
-0.059202,-0.014697,0.964401,14:15:03.702667,3.702666667
-0.048713,-0.046719,0.937224,14:15:03.703333,3.703333333
0.022166,0.000034,0.959548,14:15:03.704000,3.704000000
0.030279,0.014795,0.999296,14:15:03.704667,3.704666667
0.042075,0.017516,1.000450,14:15:03.705333,3.705333333
0.167597,0.097555,1.041374,14:15:03.706000,3.706000000
0.084470,0.016294,1.014195,14:15:03.706667,3.706666667
-0.031405,-0.045742,0.937509,14:15:03.707333,3.707333333
0.003755,0.011460,0.936500,14:15:03.708000,3.708000000
0.042435,0.014134,0.990896,14:15:03.708667,3.708666667
0.040666,0.005058,0.987991,14:15:03.709333,3.709333333
-0.008100,-0.056557,0.965876,14:15:03.710000,3.710000000
-0.081043,-0.079752,0.965862,14:15:03.710667,3.710666667
-0.075399,-0.053528,0.970811,14:15:03.711333,3.711333333
-0.037982,-0.048396,0.975944,14:15:03.712000,3.712000000
-0.054496,-0.060012,0.981423,14:15:03.712667,3.712666667
-0.078289,-0.082246,0.964823,14:15:03.713333,3.713333333
-0.078642,-0.083138,0.986681,14:15:03.714000,3.714000000
-0.064450,-0.083631,1.000819,14:15:03.714667,3.714666667
-0.079043,-0.048979,0.991319,14:15:03.715333,3.715333333
-0.002615,0.004478,1.046864,14:15:03.716000,3.716000000
0.091419,0.042541,1.084285,14:15:03.716667,3.716666667
-0.053705,-0.031901,1.025440,14:15:03.717333,3.717333333
-0.148651,-0.099858,0.983116,14:15:03.718000,3.718000000
-0.098581,-0.036033,0.958713,14:15:03.718667,3.718666667
-0.030722,-0.024142,1.023809,14:15:03.719333,3.719333333
-0.038456,0.012315,0.966427,14:15:03.720000,3.720000000
-0.143751,-0.064981,0.978241,14:15:03.720667,3.720666667
-0.118580,-0.081995,0.960302,14:15:03.721333,3.721333333
-0.110334,-0.037308,0.973466,14:15:03.722000,3.722000000
-0.141342,-0.049139,1.003773,14:15:03.722667,3.722666667
-0.104673,-0.032876,1.012663,14:15:03.723333,3.723333333
-0.132588,-0.048538,0.993848,14:15:03.724000,3.724000000
-0.139656,-0.003909,1.001609,14:15:03.724667,3.724666667
-0.054732,0.011338,1.066137,14:15:03.725333,3.725333333
-0.033854,0.043308,1.041106,14:15:03.726000,3.726000000
0.099288,0.113721,1.097956,14:15:03.726667,3.726666667
0.156006,0.149904,1.086718,14:15:03.727333,3.727333333
0.010069,0.061093,1.022693,14:15:03.728000,3.728000000
-0.038727,0.041139,1.024002,14:15:03.728667,3.728666667
0.054740,0.049924,1.039325,14:15:03.729333,3.729333333
0.116394,0.082274,1.073556,14:15:03.730000,3.730000000
0.096065,0.067850,1.031075,14:15:03.730667,3.730666667
0.053727,0.042148,1.029853,14:15:03.731333,3.731333333
0.011261,0.039455,0.992975,14:15:03.732000,3.732000000
0.043531,0.042417,1.017527,14:15:03.732667,3.732666667
0.064183,0.059043,1.030863,14:15:03.733333,3.733333333
0.082084,0.042877,1.036295,14:15:03.734000,3.734000000
-0.003047,0.047007,1.010394,14:15:03.734667,3.734666667
0.024137,0.003879,1.031880,14:15:03.735333,3.735333333
0.081528,0.044884,1.044802,14:15:03.736000,3.736000000
0.077264,0.070797,1.045905,14:15:03.736667,3.736666667
0.236065,0.128850,1.088695,14:15:03.737333,3.737333333
0.209228,0.142463,1.094268,14:15:03.738000,3.738000000
0.106565,0.019591,0.996307,14:15:03.738667,3.738666667
0.053498,-0.014147,0.974473,14:15:03.739333,3.739333333
0.099186,0.018443,1.008726,14:15:03.740000,3.740000000
0.155976,0.067406,1.013716,14:15:03.740667,3.740666667
0.052663,0.022884,0.982367,14:15:03.741333,3.741333333
0.004638,-0.039156,0.952422,14:15:03.742000,3.742000000
0.008514,-0.034036,0.950784,14:15:03.742667,3.742666667
0.031562,0.000832,0.970407,14:15:03.743333,3.743333333
0.028852,-0.039829,0.947857,14:15:03.744000,3.744000000
-0.017932,-0.036063,0.946768,14:15:03.744667,3.744666667
-0.014355,-0.065168,0.939139,14:15:03.745333,3.745333333
0.018679,-0.018551,0.967221,14:15:03.746000,3.746000000
0.024939,-0.003088,0.975505,14:15:03.746667,3.746666667
0.057198,0.032407,0.992125,14:15:03.747333,3.747333333
0.164760,0.075578,1.051285,14:15:03.748000,3.748000000
0.089888,0.050466,0.991073,14:15:03.748667,3.748666667
-0.041024,-0.050682,0.971038,14:15:03.749333,3.749333333
0.009256,-0.018452,0.954067,14:15:03.750000,3.750000000
0.056305,0.001454,1.001021,14:15:03.750667,3.750666667
0.096819,0.017534,0.978403,14:15:03.751333,3.751333333
0.037921,-0.031530,0.963109,14:15:03.752000,3.752000000
-0.033356,-0.068662,0.937519,14:15:03.752667,3.752666667
-0.066857,-0.048037,0.951437,14:15:03.753333,3.753333333
-0.043551,-0.019237,0.957114,14:15:03.754000,3.754000000
-0.037430,-0.059496,0.969919,14:15:03.754667,3.754666667
-0.102253,-0.072080,0.960055,14:15:03.755333,3.755333333
-0.081684,-0.027346,0.983311,14:15:03.756000,3.756000000
-0.088709,-0.054560,0.995759,14:15:03.756667,3.756666667
-0.028755,-0.069818,0.989655,14:15:03.757333,3.757333333
-0.032965,-0.007404,1.007900,14:15:03.758000,3.758000000
0.107357,0.059256,1.051271,14:15:03.758667,3.758666667
-0.038892,-0.009905,1.044782,14:15:03.759333,3.759333333
-0.130231,-0.109972,0.991714,14:15:03.760000,3.760000000
-0.086757,-0.097260,0.981673,14:15:03.760667,3.760666667
-0.051925,-0.022131,1.007960,14:15:03.761333,3.761333333
-0.017069,0.000454,1.040108,14:15:03.762000,3.762000000
-0.097288,-0.074635,0.960296,14:15:03.762667,3.762666667
-0.133367,-0.104787,0.946062,14:15:03.763333,3.763333333
-0.121785,-0.072733,0.961687,14:15:03.764000,3.764000000
-0.109390,-0.058742,0.990180,14:15:03.764667,3.764666667
-0.100303,-0.025911,0.983350,14:15:03.765333,3.765333333
-0.130326,-0.023240,1.029229,14:15:03.766000,3.766000000
-0.145698,-0.026208,1.007620,14:15:03.766667,3.766666667
-0.085409,-0.005703,1.031472,14:15:03.767333,3.767333333
-0.026468,0.047804,1.013382,14:15:03.768000,3.768000000
0.032208,0.092291,1.058295,14:15:03.768667,3.768666667
0.111948,0.139294,1.097533,14:15:03.769333,3.769333333
0.026208,0.051375,1.049074,14:15:03.770000,3.770000000
-0.039242,0.008217,0.983758,14:15:03.770667,3.770666667
0.040188,0.045236,1.007885,14:15:03.771333,3.771333333
0.092285,0.098880,1.072892,14:15:03.772000,3.772000000
0.092048,0.065992,1.057484,14:15:03.772667,3.772666667
0.040902,0.030504,1.015243,14:15:03.773333,3.773333333
-0.002031,0.013543,1.038898,14:15:03.774000,3.774000000
0.026606,0.024832,1.029044,14:15:03.774667,3.774666667
0.086277,0.060489,1.047790,14:15:03.775333,3.775333333
0.044267,0.059829,1.039771,14:15:03.776000,3.776000000
0.032496,0.032156,1.051933,14:15:03.776667,3.776666667
0.055498,0.050911,1.023039,14:15:03.777333,3.777333333
0.068691,0.084278,1.050711,14:15:03.778000,3.778000000
0.105390,0.083691,1.059741,14:15:03.778667,3.778666667
0.197698,0.163314,1.118356,14:15:03.779333,3.779333333
0.222315,0.124175,1.100858,14:15:03.780000,3.780000000
0.100113,0.044039,1.021728,14:15:03.780667,3.780666667
0.020599,-0.005139,0.998826,14:15:03.781333,3.781333333
0.115219,0.018220,1.003968,14:15:03.782000,3.782000000
0.170791,0.068111,1.016393,14:15:03.782667,3.782666667
0.092835,0.042551,0.996236,14:15:03.783333,3.783333333
0.031986,-0.044577,0.980616,14:15:03.784000,3.784000000
0.028474,-0.044683,0.959774,14:15:03.784667,3.784666667
0.025184,-0.000840,0.965712,14:15:03.785333,3.785333333
0.034018,-0.041264,0.959475,14:15:03.786000,3.786000000
0.024065,-0.025039,0.962268,14:15:03.786667,3.786666667
-0.009897,-0.059892,0.981354,14:15:03.787333,3.787333333
-0.003876,-0.022692,0.955108,14:15:03.788000,3.788000000
0.016256,0.008305,0.984336,14:15:03.788667,3.788666667
0.020379,0.020744,0.977602,14:15:03.789333,3.789333333
0.179126,0.088638,1.040653,14:15:03.790000,3.790000000
0.129196,0.062851,1.032620,14:15:03.790667,3.790666667
-0.011672,-0.041233,0.960850,14:15:03.791333,3.791333333
-0.019772,-0.057485,0.945158,14:15:03.792000,3.792000000
0.038831,-0.001172,1.001238,14:15:03.792667,3.792666667
0.103891,0.035830,0.986549,14:15:03.793333,3.793333333
0.057497,-0.020822,0.949367,14:15:03.794000,3.794000000
-0.054783,-0.073777,0.932275,14:15:03.794667,3.794666667
-0.036863,-0.063863,0.943006,14:15:03.795333,3.795333333
-0.013275,-0.046890,0.965242,14:15:03.796000,3.796000000
-0.019391,-0.050524,0.968338,14:15:03.796667,3.796666667
-0.076929,-0.076902,0.951250,14:15:03.797333,3.797333333
-0.085091,-0.086923,0.954433,14:15:03.798000,3.798000000
-0.065426,-0.039057,1.010623,14:15:03.798667,3.798666667
-0.039868,-0.041923,1.023803,14:15:03.799333,3.799333333
-0.022800,-0.055220,0.999023,14:15:03.800000,3.800000000
0.073682,0.039876,1.078790,14:15:03.800667,3.800666667
-0.006001,0.007193,1.037413,14:15:03.801333,3.801333333
-0.129176,-0.061827,0.963864,14:15:03.802000,3.802000000
-0.118823,-0.102734,0.952777,14:15:03.802667,3.802666667
-0.050309,-0.038429,1.008134,14:15:03.803333,3.803333333
-0.005817,-0.015754,1.021574,14:15:03.804000,3.804000000
-0.047747,-0.054524,0.976658,14:15:03.804667,3.804666667
-0.161469,-0.072378,0.944048,14:15:03.805333,3.805333333
-0.150743,-0.082211,0.966530,14:15:03.806000,3.806000000
-0.099078,-0.036136,0.986236,14:15:03.806667,3.806666667
-0.104103,-0.047841,0.975330,14:15:03.807333,3.807333333
-0.154220,-0.049801,0.988767,14:15:03.808000,3.808000000
-0.126582,-0.046981,0.988614,14:15:03.808667,3.808666667
-0.105679,-0.003308,1.037225,14:15:03.809333,3.809333333
-0.071386,0.015490,1.003399,14:15:03.810000,3.810000000
0.010993,0.092279,1.052185,14:15:03.810667,3.810666667
0.137908,0.160530,1.109227,14:15:03.811333,3.811333333
-0.006049,0.056986,1.043691,14:15:03.812000,3.812000000
-0.044211,-0.003351,1.001490,14:15:03.812667,3.812666667
-0.031804,0.028107,0.997132,14:15:03.813333,3.813333333
0.072836,0.076383,1.056763,14:15:03.814000,3.814000000
0.079497,0.106715,1.043937,14:15:03.814667,3.814666667
-0.035154,0.055367,1.027136,14:15:03.815333,3.815333333
-0.003718,0.012983,0.989541,14:15:03.816000,3.816000000
0.028345,0.064084,1.029188,14:15:03.816667,3.816666667
0.002248,0.080616,1.064679,14:15:03.817333,3.817333333
0.042623,0.047800,1.025895,14:15:03.818000,3.818000000
-0.033202,0.049847,1.009503,14:15:03.818667,3.818666667
0.044645,0.063231,1.060637,14:15:03.819333,3.819333333
0.022590,0.060699,1.059952,14:15:03.820000,3.820000000
0.097229,0.088470,1.050344,14:15:03.820667,3.820666667
0.175062,0.145049,1.097757,14:15:03.821333,3.821333333
0.234600,0.169369,1.112127,14:15:03.822000,3.822000000
0.137065,0.052429,1.018564,14:15:03.822667,3.822666667
0.016713,-0.014194,0.977419,14:15:03.823333,3.823333333
0.057055,0.047285,1.011462,14:15:03.824000,3.824000000
0.153737,0.075995,1.058817,14:15:03.824667,3.824666667
0.104772,0.040009,1.026265,14:15:03.825333,3.825333333
0.036618,-0.015492,0.981504,14:15:03.826000,3.826000000
-0.003240,-0.044652,0.969540,14:15:03.826667,3.826666667
0.034697,0.020449,0.987282,14:15:03.827333,3.827333333
0.028019,-0.000090,0.968398,14:15:03.828000,3.828000000
-0.011426,-0.015874,0.983390,14:15:03.828667,3.828666667
-0.021768,-0.030119,0.957750,14:15:03.829333,3.829333333
0.014790,-0.020172,0.973571,14:15:03.830000,3.830000000
0.015675,0.012543,0.956149,14:15:03.830667,3.830666667
0.070810,0.010730,0.987928,14:15:03.831333,3.831333333
0.178643,0.094353,1.036783,14:15:03.832000,3.832000000
0.157355,0.103885,1.038405,14:15:03.832667,3.832666667
0.034045,-0.015880,0.977664,14:15:03.833333,3.833333333
-0.040028,-0.064861,0.951504,14:15:03.834000,3.834000000
0.014571,-0.007186,0.984107,14:15:03.834667,3.834666667
0.084254,0.030807,1.017993,14:15:03.835333,3.835333333
0.030057,-0.001786,0.996535,14:15:03.836000,3.836000000
-0.053162,-0.046430,0.967265,14:15:03.836667,3.836666667
-0.040254,-0.053597,0.913699,14:15:03.837333,3.837333333
-0.042459,-0.064704,0.942033,14:15:03.838000,3.838000000
-0.038207,-0.047348,0.960342,14:15:03.838667,3.838666667
-0.056779,-0.038891,0.935057,14:15:03.839333,3.839333333
-0.054183,-0.063035,0.982534,14:15:03.840000,3.840000000
-0.060551,-0.045813,0.985106,14:15:03.840667,3.840666667
-0.027216,-0.030662,0.994990,14:15:03.841333,3.841333333
-0.022908,-0.026395,1.013163,14:15:03.842000,3.842000000
0.105166,0.087946,1.086359,14:15:03.842667,3.842666667
0.057215,0.007477,1.032866,14:15:03.843333,3.843333333
-0.097302,-0.069027,0.987751,14:15:03.844000,3.844000000
-0.105100,-0.082429,0.957977,14:15:03.844667,3.844666667
-0.040369,-0.040830,0.985499,14:15:03.845333,3.845333333
-0.005904,-0.019384,0.985120,14:15:03.846000,3.846000000
-0.065752,-0.063579,0.950262,14:15:03.846667,3.846666667
-0.141612,-0.081206,0.973835,14:15:03.847333,3.847333333
-0.126879,-0.090603,0.968997,14:15:03.848000,3.848000000
-0.109618,-0.081839,0.985672,14:15:03.848667,3.848666667
-0.134598,-0.062882,0.986471,14:15:03.849333,3.849333333
-0.158996,-0.063553,0.956640,14:15:03.850000,3.850000000
-0.172027,-0.055029,0.985905,14:15:03.850667,3.850666667
-0.123977,-0.013409,1.011000,14:15:03.851333,3.851333333
-0.073211,0.004873,1.041479,14:15:03.852000,3.852000000
-0.045435,0.040142,1.025014,14:15:03.852667,3.852666667
0.084516,0.142894,1.078904,14:15:03.853333,3.853333333
0.015888,0.065598,1.062853,14:15:03.854000,3.854000000
-0.061799,0.012737,1.004218,14:15:03.854667,3.854666667
-0.062883,0.004314,1.006237,14:15:03.855333,3.855333333
0.052335,0.074678,1.026155,14:15:03.856000,3.856000000
0.084316,0.062753,1.041800,14:15:03.856667,3.856666667
-0.000187,0.049227,1.040466,14:15:03.857333,3.857333333
-0.013633,-0.000790,1.000016,14:15:03.858000,3.858000000
0.019974,0.032121,1.016320,14:15:03.858667,3.858666667
0.042695,0.052175,1.019694,14:15:03.859333,3.859333333
0.023564,0.036291,1.047533,14:15:03.860000,3.860000000
-0.003192,0.057911,1.020205,14:15:03.860667,3.860666667
0.020664,0.050880,1.043073,14:15:03.861333,3.861333333
0.078669,0.082309,1.070571,14:15:03.862000,3.862000000
0.087923,0.077219,1.071043,14:15:03.862667,3.862666667
0.127346,0.114968,1.072437,14:15:03.863333,3.863333333
0.211385,0.144704,1.144275,14:15:03.864000,3.864000000
0.143162,0.092809,1.036397,14:15:03.864667,3.864666667
0.065969,0.023294,1.004289,14:15:03.865333,3.865333333
0.078787,0.054681,1.033814,14:15:03.866000,3.866000000
0.147420,0.041242,1.041537,14:15:03.866667,3.866666667
0.101736,0.063237,1.027028,14:15:03.867333,3.867333333
0.080865,-0.000373,0.984130,14:15:03.868000,3.868000000
-0.002494,-0.059927,0.958242,14:15:03.868667,3.868666667
0.039936,0.008328,0.985556,14:15:03.869333,3.869333333
0.040678,-0.021863,0.967345,14:15:03.870000,3.870000000
0.039676,-0.036345,0.975015,14:15:03.870667,3.870666667
0.007442,-0.020792,0.976146,14:15:03.871333,3.871333333
0.007687,0.011921,0.994772,14:15:03.872000,3.872000000
-0.015156,0.016278,0.989015,14:15:03.872667,3.872666667
0.016259,0.014839,0.999623,14:15:03.873333,3.873333333
0.148846,0.115162,1.006553,14:15:03.874000,3.874000000
0.135349,0.080690,1.028840,14:15:03.874667,3.874666667
0.046781,0.013675,0.962350,14:15:03.875333,3.875333333
-0.025922,-0.045211,0.935946,14:15:03.876000,3.876000000
0.042933,-0.018798,0.970422,14:15:03.876667,3.876666667
0.071094,0.021208,0.994399,14:15:03.877333,3.877333333
0.076353,0.029820,0.968554,14:15:03.878000,3.878000000
-0.032563,-0.051241,0.946963,14:15:03.878667,3.878666667
-0.015618,-0.076292,0.960113,14:15:03.879333,3.879333333
0.002713,-0.045984,0.943703,14:15:03.880000,3.880000000
-0.018550,-0.044129,0.971763,14:15:03.880667,3.880666667
-0.029047,-0.047311,0.976165,14:15:03.881333,3.881333333
-0.072896,-0.070651,0.962034,14:15:03.882000,3.882000000
-0.044454,-0.068524,0.957287,14:15:03.882667,3.882666667
-0.059380,-0.030418,0.994387,14:15:03.883333,3.883333333
-0.010756,-0.048784,0.995135,14:15:03.884000,3.884000000
0.075804,0.057573,1.053151,14:15:03.884667,3.884666667
0.062711,0.046078,1.075911,14:15:03.885333,3.885333333
-0.017416,-0.041612,1.010882,14:15:03.886000,3.886000000
-0.107247,-0.107376,0.967940,14:15:03.886667,3.886666667
-0.054337,-0.034003,0.977098,14:15:03.887333,3.887333333
-0.022275,-0.000578,0.992679,14:15:03.888000,3.888000000
-0.023070,-0.044784,0.991007,14:15:03.888667,3.888666667
-0.120155,-0.065708,0.960637,14:15:03.889333,3.889333333
-0.144017,-0.073187,0.954249,14:15:03.890000,3.890000000
-0.102981,-0.066938,0.981931,14:15:03.890667,3.890666667
-0.116932,-0.068765,0.957238,14:15:03.891333,3.891333333
-0.140908,-0.042229,0.969252,14:15:03.892000,3.892000000
-0.129851,-0.033848,0.993509,14:15:03.892667,3.892666667
-0.111275,0.002937,0.999327,14:15:03.893333,3.893333333
-0.078449,0.000641,1.017531,14:15:03.894000,3.894000000
-0.066659,-0.004058,1.034272,14:15:03.894667,3.894666667
0.059148,0.104513,1.092932,14:15:03.895333,3.895333333
0.017717,0.072041,1.103322,14:15:03.896000,3.896000000
-0.059027,0.003760,1.011792,14:15:03.896667,3.896666667
-0.067965,0.008178,0.996926,14:15:03.897333,3.897333333
0.008260,0.093838,1.038150,14:15:03.898000,3.898000000
0.090920,0.070255,1.059488,14:15:03.898667,3.898666667
0.046902,0.058415,1.026989,14:15:03.899333,3.899333333
-0.033953,0.017141,1.015494,14:15:03.900000,3.900000000
-0.036087,0.010911,1.037462,14:15:03.900667,3.900666667
0.030023,0.031843,1.044263,14:15:03.901333,3.901333333
0.041303,0.063206,1.033743,14:15:03.902000,3.902000000
0.010664,0.058404,1.035695,14:15:03.902667,3.902666667
-0.000363,0.014135,1.022240,14:15:03.903333,3.903333333
0.042886,0.048889,1.042520,14:15:03.904000,3.904000000
0.070221,0.090798,1.055405,14:15:03.904667,3.904666667
0.110557,0.077882,1.059487,14:15:03.905333,3.905333333
0.245877,0.152961,1.112113,14:15:03.906000,3.906000000
0.181604,0.106631,1.087536,14:15:03.906667,3.906666667
0.040804,-0.001302,1.008315,14:15:03.907333,3.907333333
0.073260,0.030202,1.025508,14:15:03.908000,3.908000000
0.133336,0.070322,1.027450,14:15:03.908667,3.908666667
0.168607,0.066817,1.057178,14:15:03.909333,3.909333333
0.092310,-0.001096,0.994585,14:15:03.910000,3.910000000
0.012823,0.004690,0.966080,14:15:03.910667,3.910666667
0.013768,0.008332,0.971366,14:15:03.911333,3.911333333
0.036008,-0.021996,0.999835,14:15:03.912000,3.912000000
0.014076,-0.015396,0.981667,14:15:03.912667,3.912666667
0.005332,-0.010694,0.966231,14:15:03.913333,3.913333333
0.003148,-0.049176,0.982843,14:15:03.914000,3.914000000
0.017249,0.018488,0.965942,14:15:03.914667,3.914666667
0.069723,0.008227,0.998601,14:15:03.915333,3.915333333
0.121991,0.060854,1.018992,14:15:03.916000,3.916000000
0.225476,0.080671,1.014481,14:15:03.916667,3.916666667
0.071370,0.011569,0.972209,14:15:03.917333,3.917333333
0.000461,-0.030551,0.948889,14:15:03.918000,3.918000000
0.007069,-0.007805,0.962622,14:15:03.918667,3.918666667
0.083577,0.039489,0.976429,14:15:03.919333,3.919333333
0.069632,0.012488,0.969978,14:15:03.920000,3.920000000
-0.005827,-0.040114,0.951891,14:15:03.920667,3.920666667
-0.048022,-0.073871,0.928413,14:15:03.921333,3.921333333
-0.016055,-0.024007,0.947776,14:15:03.922000,3.922000000
-0.021162,-0.024851,0.939430,14:15:03.922667,3.922666667
-0.000277,-0.030304,0.976892,14:15:03.923333,3.923333333
-0.045954,-0.075089,0.963220,14:15:03.924000,3.924000000
-0.052972,-0.027432,0.961027,14:15:03.924667,3.924666667
-0.038235,-0.022696,1.002369,14:15:03.925333,3.925333333
-0.004589,-0.009727,0.996441,14:15:03.926000,3.926000000
0.064362,0.025259,1.034979,14:15:03.926667,3.926666667
0.131391,0.059529,1.064283,14:15:03.927333,3.927333333
-0.029677,-0.070900,0.983818,14:15:03.928000,3.928000000
-0.077319,-0.091844,0.977349,14:15:03.928667,3.928666667
-0.016114,-0.044026,0.967597,14:15:03.929333,3.929333333
-0.001624,-0.019570,1.012074,14:15:03.930000,3.930000000
-0.042712,-0.064194,0.971503,14:15:03.930667,3.930666667
-0.120650,-0.113274,0.955814,14:15:03.931333,3.931333333
-0.141706,-0.130754,0.939100,14:15:03.932000,3.932000000
-0.116839,-0.127307,0.966590,14:15:03.932667,3.932666667
-0.134449,-0.071773,0.982737,14:15:03.933333,3.933333333
-0.167290,-0.065804,0.983777,14:15:03.934000,3.934000000
-0.144512,-0.070096,1.000039,14:15:03.934667,3.934666667
-0.138366,-0.064737,0.986594,14:15:03.935333,3.935333333
-0.105540,-0.029454,1.019711,14:15:03.936000,3.936000000
-0.057732,-0.020321,1.004842,14:15:03.936667,3.936666667
0.049303,0.091960,1.088779,14:15:03.937333,3.937333333
0.063191,0.086352,1.052821,14:15:03.938000,3.938000000
-0.076980,0.007338,0.969268,14:15:03.938667,3.938666667
-0.103860,-0.005006,0.961653,14:15:03.939333,3.939333333
-0.031719,0.032973,1.013924,14:15:03.940000,3.940000000
0.051099,0.069190,1.047263,14:15:03.940667,3.940666667
0.011323,0.044820,1.021559,14:15:03.941333,3.941333333
-0.027275,0.023413,1.009590,14:15:03.942000,3.942000000
-0.024850,-0.019307,1.001319,14:15:03.942667,3.942666667
0.022919,0.016896,1.003556,14:15:03.943333,3.943333333
0.011230,0.042163,1.036800,14:15:03.944000,3.944000000
0.008353,0.053744,1.023886,14:15:03.944667,3.944666667
0.017997,0.053136,1.055206,14:15:03.945333,3.945333333
0.024338,0.080124,1.052689,14:15:03.946000,3.946000000
0.085533,0.089425,1.071265,14:15:03.946667,3.946666667
0.100966,0.096147,1.075566,14:15:03.947333,3.947333333
0.249885,0.153190,1.115969,14:15:03.948000,3.948000000
0.216651,0.118324,1.086550,14:15:03.948667,3.948666667
0.058591,0.034562,1.010932,14:15:03.949333,3.949333333
0.030133,0.037506,1.016706,14:15:03.950000,3.950000000
0.166747,0.097641,1.030152,14:15:03.950667,3.950666667
0.152964,0.073820,1.057067,14:15:03.951333,3.951333333
0.125573,0.021184,0.988275,14:15:03.952000,3.952000000
0.044339,-0.017080,0.981271,14:15:03.952667,3.952666667
0.068471,-0.015266,0.982487,14:15:03.953333,3.953333333
0.028347,-0.040903,0.986990,14:15:03.954000,3.954000000
0.064261,-0.001547,0.977624,14:15:03.954667,3.954666667
0.009015,-0.017728,0.971674,14:15:03.955333,3.955333333
0.013884,-0.030843,0.969504,14:15:03.956000,3.956000000
-0.003006,0.007007,0.987604,14:15:03.956667,3.956666667
0.030027,0.029322,0.992147,14:15:03.957333,3.957333333
0.109246,0.042163,1.014999,14:15:03.958000,3.958000000
0.185473,0.092597,1.071389,14:15:03.958667,3.958666667
0.077361,0.065538,0.977300,14:15:03.959333,3.959333333
-0.032716,-0.024147,0.952329,14:15:03.960000,3.960000000
0.031881,-0.019040,0.945915,14:15:03.960667,3.960666667
0.083948,0.053907,0.976621,14:15:03.961333,3.961333333
0.065212,0.023425,0.970192,14:15:03.962000,3.962000000
0.010097,-0.029401,0.927318,14:15:03.962667,3.962666667
-0.052191,-0.080280,0.926004,14:15:03.963333,3.963333333
-0.014706,-0.066862,0.946327,14:15:03.964000,3.964000000
0.027138,-0.048661,0.953165,14:15:03.964667,3.964666667
-0.001760,-0.031819,0.938655,14:15:03.965333,3.965333333
-0.067475,-0.048953,0.945017,14:15:03.966000,3.966000000
-0.069124,-0.036757,0.974825,14:15:03.966667,3.966666667
-0.011066,-0.019940,1.020656,14:15:03.967333,3.967333333
-0.016901,-0.030133,1.001432,14:15:03.968000,3.968000000
0.055724,0.028615,1.031988,14:15:03.968667,3.968666667
0.099137,0.083132,1.055481,14:15:03.969333,3.969333333
0.017508,-0.009940,0.987487,14:15:03.970000,3.970000000
-0.075509,-0.105140,0.974513,14:15:03.970667,3.970666667
-0.018791,-0.056885,0.955660,14:15:03.971333,3.971333333
0.028777,0.004917,0.963608,14:15:03.972000,3.972000000
0.014780,-0.004143,0.980048,14:15:03.972667,3.972666667
-0.107891,-0.105896,0.968581,14:15:03.973333,3.973333333
-0.144459,-0.108333,0.955074,14:15:03.974000,3.974000000
-0.124810,-0.106753,0.980885,14:15:03.974667,3.974666667
-0.088682,-0.071112,0.975632,14:15:03.975333,3.975333333
-0.124213,-0.075468,0.965024,14:15:03.976000,3.976000000
-0.189666,-0.040965,0.972787,14:15:03.976667,3.976666667
-0.166170,-0.081200,0.982742,14:15:03.977333,3.977333333
-0.127833,-0.037319,1.011781,14:15:03.978000,3.978000000
-0.067384,-0.009446,1.019200,14:15:03.978667,3.978666667
0.031075,0.085320,1.072650,14:15:03.979333,3.979333333
0.008201,0.098731,1.065206,14:15:03.980000,3.980000000
-0.077271,0.000875,1.001533,14:15:03.980667,3.980666667
-0.124420,-0.028135,0.991799,14:15:03.981333,3.981333333
0.007173,0.037279,1.028806,14:15:03.982000,3.982000000
0.019978,0.066189,1.055275,14:15:03.982667,3.982666667
-0.005902,0.049620,0.994260,14:15:03.983333,3.983333333
-0.046857,0.019149,0.980178,14:15:03.984000,3.984000000
-0.064911,-0.016971,0.960224,14:15:03.984667,3.984666667
0.002298,0.020810,1.036510,14:15:03.985333,3.985333333
-0.011421,0.023858,1.011437,14:15:03.986000,3.986000000
0.003481,0.054676,1.035108,14:15:03.986667,3.986666667
-0.015240,0.065061,1.019644,14:15:03.987333,3.987333333
0.005127,0.056479,1.020733,14:15:03.988000,3.988000000
0.059408,0.092220,1.063984,14:15:03.988667,3.988666667
0.091565,0.090277,1.062397,14:15:03.989333,3.989333333
0.194949,0.202527,1.114007,14:15:03.990000,3.990000000
0.197780,0.143626,1.102795,14:15:03.990667,3.990666667
0.051985,0.028883,1.014299,14:15:03.991333,3.991333333
0.065996,0.025119,1.047433,14:15:03.992000,3.992000000
0.153075,0.049345,1.053852,14:15:03.992667,3.992666667
0.183349,0.076568,1.061397,14:15:03.993333,3.993333333
0.087300,0.017920,1.024642,14:15:03.994000,3.994000000
0.041690,-0.006053,1.007607,14:15:03.994667,3.994666667
0.058117,-0.023746,0.969710,14:15:03.995333,3.995333333
0.027287,-0.011034,1.000396,14:15:03.996000,3.996000000
0.068389,-0.023776,0.983067,14:15:03.996667,3.996666667
-0.008836,-0.014901,0.954453,14:15:03.997333,3.997333333
0.004295,-0.039461,0.975634,14:15:03.998000,3.998000000
-0.004876,0.037048,0.977538,14:15:03.998667,3.998666667
0.038003,0.004704,0.983810,14:15:03.999333,3.999333333
0.069481,0.005143,0.961471,14:15:04.000000,4.000000000
0.223207,0.133881,1.058370,14:15:04.000667,4.000666667
0.102270,0.074335,1.007490,14:15:04.001333,4.001333333
0.007674,-0.012707,0.984976,14:15:04.002000,4.002000000
0.019939,0.002011,0.936118,14:15:04.002667,4.002666667
0.095246,-0.006085,0.952045,14:15:04.003333,4.003333333
0.107570,0.028306,0.977176,14:15:04.004000,4.004000000
0.063449,-0.016545,0.943953,14:15:04.004667,4.004666667
-0.034815,-0.040559,0.921245,14:15:04.005333,4.005333333
-0.008330,-0.083056,0.925099,14:15:04.006000,4.006000000
0.006313,-0.066998,0.971952,14:15:04.006667,4.006666667
0.001884,-0.032343,0.938245,14:15:04.007333,4.007333333
-0.022441,-0.068687,0.944731,14:15:04.008000,4.008000000
-0.050697,-0.073855,0.971030,14:15:04.008667,4.008666667
-0.010338,-0.050366,0.979417,14:15:04.009333,4.009333333
-0.008173,-0.036668,1.005234,14:15:04.010000,4.010000000
0.035055,0.012400,1.012643,14:15:04.010667,4.010666667
0.160356,0.055636,1.060020,14:15:04.011333,4.011333333
0.048052,-0.058712,1.013855,14:15:04.012000,4.012000000
-0.088979,-0.060102,0.970054,14:15:04.012667,4.012666667
-0.025316,-0.078307,0.980156,14:15:04.013333,4.013333333
-0.018668,0.019292,1.011255,14:15:04.014000,4.014000000
-0.000595,-0.005275,0.994599,14:15:04.014667,4.014666667
-0.063414,-0.086964,0.975369,14:15:04.015333,4.015333333
-0.109391,-0.098919,0.948714,14:15:04.016000,4.016000000
-0.111706,-0.080752,0.961412,14:15:04.016667,4.016666667
-0.072898,-0.075483,0.961891,14:15:04.017333,4.017333333
-0.150169,-0.088760,0.983391,14:15:04.018000,4.018000000
-0.122655,-0.056302,0.960169,14:15:04.018667,4.018666667
-0.114038,-0.077923,1.005680,14:15:04.019333,4.019333333
-0.124012,-0.010103,0.997952,14:15:04.020000,4.020000000
-0.120614,-0.012804,0.994596,14:15:04.020667,4.020666667
0.024939,0.069514,1.056668,14:15:04.021333,4.021333333
0.044845,0.085023,1.065610,14:15:04.022000,4.022000000
-0.062522,0.015099,1.003340,14:15:04.022667,4.022666667
-0.153786,-0.031042,0.955340,14:15:04.023333,4.023333333
-0.025073,0.013333,1.000289,14:15:04.024000,4.024000000
0.022501,0.078472,1.055216,14:15:04.024667,4.024666667
-0.005924,0.067355,1.049778,14:15:04.025333,4.025333333
-0.037978,-0.010347,0.996368,14:15:04.026000,4.026000000
-0.057403,-0.019439,0.978708,14:15:04.026667,4.026666667
-0.040595,0.018401,1.021886,14:15:04.027333,4.027333333
-0.042952,0.045895,1.050169,14:15:04.028000,4.028000000
-0.029713,0.050566,1.019288,14:15:04.028667,4.028666667
-0.046954,0.042730,1.023170,14:15:04.029333,4.029333333
-0.005232,0.073052,1.035777,14:15:04.030000,4.030000000
0.084083,0.062460,1.061387,14:15:04.030667,4.030666667
0.063349,0.113513,1.068464,14:15:04.031333,4.031333333
0.178605,0.156100,1.119315,14:15:04.032000,4.032000000
0.181362,0.172882,1.123985,14:15:04.032667,4.032666667
0.085716,0.075359,1.068680,14:15:04.033333,4.033333333
0.030986,0.028796,1.010396,14:15:04.034000,4.034000000
0.108618,0.059018,1.049935,14:15:04.034667,4.034666667
0.142901,0.120164,1.087654,14:15:04.035333,4.035333333
0.134718,0.073183,0.998338,14:15:04.036000,4.036000000
0.038169,-0.005402,1.010018,14:15:04.036667,4.036666667
0.044619,0.001050,0.984796,14:15:04.037333,4.037333333
0.040041,0.007335,1.008101,14:15:04.038000,4.038000000
0.081687,0.035072,0.987028,14:15:04.038667,4.038666667
0.030691,0.007568,1.020789,14:15:04.039333,4.039333333
0.001232,-0.021984,0.979971,14:15:04.040000,4.040000000
0.034196,0.007932,0.998311,14:15:04.040667,4.040666667
0.041768,0.040895,1.004158,14:15:04.041333,4.041333333
0.082909,0.030804,0.995785,14:15:04.042000,4.042000000
0.179346,0.126529,1.039460,14:15:04.042667,4.042666667
0.165326,0.087065,1.018235,14:15:04.043333,4.043333333
0.020816,-0.031826,0.969214,14:15:04.044000,4.044000000
0.020211,-0.043101,0.940430,14:15:04.044667,4.044666667
0.072203,-0.003306,1.003016,14:15:04.045333,4.045333333
0.090751,0.031787,0.995192,14:15:04.046000,4.046000000
0.063599,-0.003032,0.952877,14:15:04.046667,4.046666667
0.026196,-0.039093,0.944791,14:15:04.047333,4.047333333
0.008925,-0.070089,0.927072,14:15:04.048000,4.048000000
0.011299,-0.024878,0.950033,14:15:04.048667,4.048666667
-0.015848,-0.039352,0.950269,14:15:04.049333,4.049333333
-0.037087,-0.044122,0.941693,14:15:04.050000,4.050000000
-0.034741,-0.039425,0.990561,14:15:04.050667,4.050666667
-0.040168,-0.028528,0.960171,14:15:04.051333,4.051333333
0.004739,-0.024656,0.978644,14:15:04.052000,4.052000000
0.028740,-0.003886,1.001909,14:15:04.052667,4.052666667
0.181014,0.082889,1.049725,14:15:04.053333,4.053333333
0.076670,0.054072,1.025504,14:15:04.054000,4.054000000
-0.019278,-0.102803,0.943281,14:15:04.054667,4.054666667
-0.057996,-0.040387,0.975337,14:15:04.055333,4.055333333
0.022605,0.013608,0.995316,14:15:04.056000,4.056000000
0.061493,-0.019553,1.011766,14:15:04.056667,4.056666667
-0.078233,-0.074590,1.002465,14:15:04.057333,4.057333333
-0.084253,-0.084464,0.945173,14:15:04.058000,4.058000000
-0.152079,-0.079775,0.973485,14:15:04.058667,4.058666667
-0.128409,-0.066895,0.995384,14:15:04.059333,4.059333333
-0.108811,-0.083475,0.976580,14:15:04.060000,4.060000000
-0.121089,-0.112784,0.999178,14:15:04.060667,4.060666667
-0.116747,-0.076587,0.973880,14:15:04.061333,4.061333333
-0.122977,-0.053124,1.020196,14:15:04.062000,4.062000000
-0.085199,0.009235,1.031572,14:15:04.062667,4.062666667
-0.020915,0.015925,1.029381,14:15:04.063333,4.063333333
0.093536,0.056989,1.096128,14:15:04.064000,4.064000000
-0.064046,0.012519,1.024811,14:15:04.064667,4.064666667
-0.116816,-0.035376,0.958574,14:15:04.065333,4.065333333
-0.107715,-0.024322,0.963787,14:15:04.066000,4.066000000
-0.007592,0.035318,1.028715,14:15:04.066667,4.066666667
-0.014441,0.041362,1.024182,14:15:04.067333,4.067333333
-0.091752,0.020007,1.006061,14:15:04.068000,4.068000000
-0.080391,-0.019428,0.999647,14:15:04.068667,4.068666667
-0.025504,-0.013341,0.993310,14:15:04.069333,4.069333333
-0.031302,0.043154,1.026544,14:15:04.070000,4.070000000
-0.027009,0.044431,1.014731,14:15:04.070667,4.070666667
-0.005295,0.033432,1.018825,14:15:04.071333,4.071333333
-0.014486,0.019841,1.069271,14:15:04.072000,4.072000000
0.029027,0.068791,1.031568,14:15:04.072667,4.072666667
0.063739,0.095562,1.070174,14:15:04.073333,4.073333333
0.162324,0.146364,1.117889,14:15:04.074000,4.074000000
0.166542,0.184162,1.120052,14:15:04.074667,4.074666667
0.101878,0.107394,1.044715,14:15:04.075333,4.075333333
0.021946,0.025740,0.998842,14:15:04.076000,4.076000000
0.096392,0.065257,1.054920,14:15:04.076667,4.076666667
0.169277,0.103693,1.083898,14:15:04.077333,4.077333333
0.152711,0.073721,1.045198,14:15:04.078000,4.078000000
0.063739,0.018758,1.000334,14:15:04.078667,4.078666667
0.022882,0.015586,0.985265,14:15:04.079333,4.079333333
0.058526,0.005704,0.999914,14:15:04.080000,4.080000000
0.053014,0.039203,1.022263,14:15:04.080667,4.080666667
0.019447,0.036215,1.017021,14:15:04.081333,4.081333333
0.009352,-0.024699,0.997597,14:15:04.082000,4.082000000
0.057531,0.023945,1.006660,14:15:04.082667,4.082666667
0.073583,0.049318,0.991608,14:15:04.083333,4.083333333
0.087945,0.031365,0.989549,14:15:04.084000,4.084000000
0.177656,0.115139,1.076141,14:15:04.084667,4.084666667
0.206204,0.105247,1.051256,14:15:04.085333,4.085333333
0.011675,-0.047032,0.957524,14:15:04.086000,4.086000000
-0.003034,-0.038438,0.951947,14:15:04.086667,4.086666667
0.103336,-0.006746,0.968289,14:15:04.087333,4.087333333
0.099641,0.046939,0.984733,14:15:04.088000,4.088000000
0.065853,-0.006253,0.980093,14:15:04.088667,4.088666667
-0.021259,-0.039232,0.939912,14:15:04.089333,4.089333333
0.004036,-0.036180,0.935104,14:15:04.090000,4.090000000
-0.000489,-0.041771,0.963746,14:15:04.090667,4.090666667
0.019982,-0.041161,0.942862,14:15:04.091333,4.091333333
-0.056152,-0.064068,0.922949,14:15:04.092000,4.092000000
-0.035167,-0.092744,0.943495,14:15:04.092667,4.092666667
-0.021324,-0.014217,0.965024,14:15:04.093333,4.093333333
0.003942,-0.015109,0.955227,14:15:04.094000,4.094000000
0.011500,-0.008087,0.998022,14:15:04.094667,4.094666667
0.133939,0.100642,1.056821,14:15:04.095333,4.095333333
0.062923,0.061076,1.032070,14:15:04.096000,4.096000000
-0.052373,-0.058926,0.950751,14:15:04.096667,4.096666667
-0.044789,-0.078439,0.979911,14:15:04.097333,4.097333333
0.029336,-0.054936,0.969918,14:15:04.098000,4.098000000
0.017334,-0.000506,1.021984,14:15:04.098667,4.098666667
-0.037098,-0.048124,0.977535,14:15:04.099333,4.099333333
-0.100240,-0.102688,0.974359,14:15:04.100000,4.100000000
-0.081298,-0.072891,0.962176,14:15:04.100667,4.100666667
-0.064782,-0.102562,0.994763,14:15:04.101333,4.101333333
-0.121340,-0.085817,0.966407,14:15:04.102000,4.102000000
-0.126407,-0.112038,0.983943,14:15:04.102667,4.102666667
-0.121632,-0.067008,0.973062,14:15:04.103333,4.103333333
-0.153618,-0.056408,0.992197,14:15:04.104000,4.104000000
-0.090450,-0.051411,0.999584,14:15:04.104667,4.104666667
-0.056828,-0.014980,1.009264,14:15:04.105333,4.105333333
0.058653,0.064123,1.070628,14:15:04.106000,4.106000000
-0.035276,0.040107,1.047152,14:15:04.106667,4.106666667
-0.154202,-0.064282,0.979325,14:15:04.107333,4.107333333
-0.113057,-0.016968,1.005893,14:15:04.108000,4.108000000
-0.014230,0.021208,1.014031,14:15:04.108667,4.108666667
-0.012170,0.031499,1.007792,14:15:04.109333,4.109333333
-0.100110,-0.015696,1.002493,14:15:04.110000,4.110000000
-0.102611,-0.040133,0.978788,14:15:04.110667,4.110666667
-0.072798,-0.034798,0.973372,14:15:04.111333,4.111333333
-0.055302,0.035020,1.007707,14:15:04.112000,4.112000000
-0.039207,0.033551,1.040652,14:15:04.112667,4.112666667
-0.016149,0.024409,1.024281,14:15:04.113333,4.113333333
-0.007824,0.036755,1.014590,14:15:04.114000,4.114000000
0.008582,0.080189,1.029728,14:15:04.114667,4.114666667
0.032342,0.097176,1.064574,14:15:04.115333,4.115333333
0.139474,0.101730,1.085811,14:15:04.116000,4.116000000
0.184960,0.190252,1.139400,14:15:04.116667,4.116666667
0.093625,0.121276,1.053073,14:15:04.117333,4.117333333
0.019884,0.029761,1.044269,14:15:04.118000,4.118000000
0.077998,0.059323,1.046374,14:15:04.118667,4.118666667
0.173804,0.101187,1.074360,14:15:04.119333,4.119333333
0.114679,0.099846,1.060212,14:15:04.120000,4.120000000
0.107765,0.041517,1.026019,14:15:04.120667,4.120666667
0.036081,-0.004483,1.008631,14:15:04.121333,4.121333333
0.060527,-0.001688,1.008449,14:15:04.122000,4.122000000
0.067343,0.010069,0.989823,14:15:04.122667,4.122666667
0.039522,0.013029,0.985745,14:15:04.123333,4.123333333
0.016470,0.028377,1.015879,14:15:04.124000,4.124000000
0.042261,0.029574,0.989181,14:15:04.124667,4.124666667
0.026209,0.017432,0.997221,14:15:04.125333,4.125333333
0.066027,0.048628,1.021904,14:15:04.126000,4.126000000
0.179037,0.106174,1.059759,14:15:04.126667,4.126666667
0.191354,0.100175,1.082923,14:15:04.127333,4.127333333
0.038036,0.050781,0.985293,14:15:04.128000,4.128000000
0.003884,-0.041224,0.957268,14:15:04.128667,4.128666667
0.078427,-0.021440,0.971601,14:15:04.129333,4.129333333
0.123835,0.027344,0.974871,14:15:04.130000,4.130000000
0.066711,0.015198,0.977933,14:15:04.130667,4.130666667
-0.007375,-0.068766,0.921181,14:15:04.131333,4.131333333
-0.031533,-0.077606,0.933611,14:15:04.132000,4.132000000
0.009927,-0.019928,0.944842,14:15:04.132667,4.132666667
0.009190,-0.019368,0.932135,14:15:04.133333,4.133333333
-0.038594,-0.041360,0.938551,14:15:04.134000,4.134000000
-0.024142,-0.033612,0.931115,14:15:04.134667,4.134666667
-0.008005,-0.025452,0.914679,14:15:04.135333,4.135333333
0.010803,0.020863,0.989977,14:15:04.136000,4.136000000
0.010567,-0.000585,0.969612,14:15:04.136667,4.136666667
0.129032,0.104130,1.036148,14:15:04.137333,4.137333333
0.131984,0.062412,1.026226,14:15:04.138000,4.138000000
-0.013666,-0.052595,0.994544,14:15:04.138667,4.138666667
-0.061948,-0.068214,0.966457,14:15:04.139333,4.139333333
0.036882,-0.024825,0.999882,14:15:04.140000,4.140000000
0.037745,0.005345,1.006319,14:15:04.140667,4.140666667
-0.010580,-0.037208,0.980653,14:15:04.141333,4.141333333
-0.068828,-0.077753,0.960005,14:15:04.142000,4.142000000
-0.127737,-0.107230,0.955415,14:15:04.142667,4.142666667
-0.083231,-0.066820,0.965178,14:15:04.143333,4.143333333
-0.074825,-0.095883,0.985805,14:15:04.144000,4.144000000
-0.134407,-0.104844,1.009598,14:15:04.144667,4.144666667
-0.116658,-0.107016,0.990465,14:15:04.145333,4.145333333
-0.096643,-0.060074,0.987268,14:15:04.146000,4.146000000
-0.093185,-0.034905,1.000134,14:15:04.146667,4.146666667
-0.086654,-0.044690,1.022298,14:15:04.147333,4.147333333
0.045620,0.052442,1.063810,14:15:04.148000,4.148000000
0.007428,0.023165,1.019413,14:15:04.148667,4.148666667
-0.108302,-0.064833,0.968880,14:15:04.149333,4.149333333
-0.121463,-0.067871,0.977941,14:15:04.150000,4.150000000
-0.024908,0.012353,1.000892,14:15:04.150667,4.150666667
-0.010566,0.037724,1.009476,14:15:04.151333,4.151333333
-0.102303,0.000819,0.996642,14:15:04.152000,4.152000000
-0.113858,-0.037060,0.997612,14:15:04.152667,4.152666667
-0.093255,-0.035498,0.987085,14:15:04.153333,4.153333333
-0.062798,-0.003090,1.020248,14:15:04.154000,4.154000000
-0.072159,0.007577,0.973253,14:15:04.154667,4.154666667
-0.092388,0.013582,1.004713,14:15:04.155333,4.155333333
-0.050277,0.026985,1.020652,14:15:04.156000,4.156000000
-0.009522,0.056228,1.026893,14:15:04.156667,4.156666667
0.014921,0.088589,1.066937,14:15:04.157333,4.157333333
0.075010,0.078500,1.075459,14:15:04.158000,4.158000000
0.168946,0.193713,1.137229,14:15:04.158667,4.158666667
0.139164,0.117951,1.060359,14:15:04.159333,4.159333333
0.060510,0.036624,1.034026,14:15:04.160000,4.160000000
0.056871,0.056783,1.050427,14:15:04.160667,4.160666667
0.115925,0.102817,1.062195,14:15:04.161333,4.161333333
0.145473,0.107103,1.064804,14:15:04.162000,4.162000000
0.080860,0.022830,1.052805,14:15:04.162667,4.162666667
0.093455,0.014258,1.009141,14:15:04.163333,4.163333333
0.068629,0.032372,1.011300,14:15:04.164000,4.164000000
0.076410,0.045425,0.988588,14:15:04.164667,4.164666667
0.090017,0.026321,1.016170,14:15:04.165333,4.165333333
0.026729,0.016556,1.027335,14:15:04.166000,4.166000000
0.041467,-0.000946,1.018636,14:15:04.166667,4.166666667
0.059040,0.025092,1.021435,14:15:04.167333,4.167333333
0.067744,0.038803,1.013696,14:15:04.168000,4.168000000
0.129829,0.085984,1.035341,14:15:04.168667,4.168666667
0.222300,0.140977,1.075188,14:15:04.169333,4.169333333
0.101046,0.051008,0.996224,14:15:04.170000,4.170000000
0.050688,-0.033209,0.960250,14:15:04.170667,4.170666667
0.060051,0.036208,0.983310,14:15:04.171333,4.171333333
0.106863,0.033511,0.984493,14:15:04.172000,4.172000000
0.097727,0.038001,0.977430,14:15:04.172667,4.172666667
0.025715,-0.030471,0.937222,14:15:04.173333,4.173333333
-0.035159,-0.046675,0.933588,14:15:04.174000,4.174000000
-0.000477,-0.025598,0.932208,14:15:04.174667,4.174666667
0.028672,-0.030285,0.944781,14:15:04.175333,4.175333333
-0.023225,-0.047350,0.948779,14:15:04.176000,4.176000000
-0.028354,-0.047548,0.944697,14:15:04.176667,4.176666667
0.002635,-0.031101,0.948583,14:15:04.177333,4.177333333
-0.000629,0.006755,0.969665,14:15:04.178000,4.178000000
0.049550,-0.002819,0.970706,14:15:04.178667,4.178666667
0.166642,0.087591,1.022011,14:15:04.179333,4.179333333
0.129899,0.071426,1.033189,14:15:04.180000,4.180000000
0.002016,0.001712,0.984008,14:15:04.180667,4.180666667
-0.033205,-0.053912,0.958153,14:15:04.181333,4.181333333
0.021994,-0.042520,0.976719,14:15:04.182000,4.182000000
0.053339,0.010782,1.017280,14:15:04.182667,4.182666667
0.026797,-0.052218,0.999076,14:15:04.183333,4.183333333
-0.098669,-0.072292,0.960954,14:15:04.184000,4.184000000
-0.123434,-0.089442,0.937611,14:15:04.184667,4.184666667
-0.093652,-0.092452,0.935668,14:15:04.185333,4.185333333
-0.093690,-0.051317,0.980928,14:15:04.186000,4.186000000
-0.096628,-0.081003,0.968652,14:15:04.186667,4.186666667
-0.109641,-0.071259,0.985433,14:15:04.187333,4.187333333
-0.119138,-0.092357,0.987163,14:15:04.188000,4.188000000
-0.093760,-0.033283,1.002684,14:15:04.188667,4.188666667
-0.078834,-0.034325,0.995060,14:15:04.189333,4.189333333
0.030005,0.042283,1.068992,14:15:04.190000,4.190000000
0.013379,0.031435,1.057172,14:15:04.190667,4.190666667
-0.127122,-0.089268,0.973267,14:15:04.191333,4.191333333
-0.140527,-0.060569,0.974059,14:15:04.192000,4.192000000
-0.052237,0.002547,0.982966,14:15:04.192667,4.192666667
-0.019904,0.026149,1.019248,14:15:04.193333,4.193333333
-0.057324,-0.030915,0.997823,14:15:04.194000,4.194000000
-0.112365,-0.063021,0.961037,14:15:04.194667,4.194666667
-0.090508,-0.049403,0.989228,14:15:04.195333,4.195333333
-0.042319,-0.020222,1.012216,14:15:04.196000,4.196000000
-0.060531,0.019487,1.018880,14:15:04.196667,4.196666667
-0.125478,0.026651,1.015645,14:15:04.197333,4.197333333
-0.037848,0.031834,1.012462,14:15:04.198000,4.198000000
-0.044030,0.008616,1.029109,14:15:04.198667,4.198666667
0.037874,0.072710,1.067075,14:15:04.199333,4.199333333
0.005880,0.052816,1.067588,14:15:04.200000,4.200000000
0.158107,0.179232,1.115869,14:15:04.200667,4.200666667
0.150110,0.160949,1.081646,14:15:04.201333,4.201333333
0.017953,0.023693,1.014964,14:15:04.202000,4.202000000
0.050773,0.012118,1.008719,14:15:04.202667,4.202666667
0.145049,0.115055,1.065106,14:15:04.203333,4.203333333
0.166497,0.088469,1.047365,14:15:04.204000,4.204000000
0.071072,0.068081,1.025103,14:15:04.204667,4.204666667
0.054801,0.027967,0.995246,14:15:04.205333,4.205333333
0.048660,0.015761,1.015990,14:15:04.206000,4.206000000
0.055857,0.060364,1.031667,14:15:04.206667,4.206666667
0.073256,0.056661,1.022718,14:15:04.207333,4.207333333
0.048222,0.012126,1.048278,14:15:04.208000,4.208000000
0.036621,0.012778,0.997658,14:15:04.208667,4.208666667
0.051411,0.034070,1.032282,14:15:04.209333,4.209333333
0.080472,0.019628,1.028316,14:15:04.210000,4.210000000
0.128172,0.082165,1.066379,14:15:04.210667,4.210666667
0.213876,0.133244,1.069834,14:15:04.211333,4.211333333
0.108300,0.053364,1.008901,14:15:04.212000,4.212000000
0.022183,-0.048307,0.969995,14:15:04.212667,4.212666667
0.064075,0.010650,0.975493,14:15:04.213333,4.213333333
0.127709,0.047221,1.010761,14:15:04.214000,4.214000000
0.096096,0.042758,0.974842,14:15:04.214667,4.214666667
0.048492,-0.020691,0.967411,14:15:04.215333,4.215333333
-0.007352,-0.062188,0.907780,14:15:04.216000,4.216000000
0.017066,-0.048059,0.948220,14:15:04.216667,4.216666667
-0.000527,-0.040683,0.967925,14:15:04.217333,4.217333333
-0.001698,-0.043440,0.933130,14:15:04.218000,4.218000000
-0.033208,-0.033444,0.928658,14:15:04.218667,4.218666667
-0.035733,-0.061130,0.938555,14:15:04.219333,4.219333333
0.035145,-0.003694,0.973305,14:15:04.220000,4.220000000
-0.005603,-0.012317,0.964201,14:15:04.220667,4.220666667
0.091397,0.068352,1.032583,14:15:04.221333,4.221333333
0.144001,0.098451,1.031690,14:15:04.222000,4.222000000
0.050757,-0.048031,0.981864,14:15:04.222667,4.222666667
-0.038588,-0.063322,0.939142,14:15:04.223333,4.223333333
0.017083,0.034891,1.008699,14:15:04.224000,4.224000000
0.070657,0.032226,1.003776,14:15:04.224667,4.224666667
0.048459,-0.013299,0.985133,14:15:04.225333,4.225333333
-0.055653,-0.045495,0.947839,14:15:04.226000,4.226000000
-0.089184,-0.085549,0.947885,14:15:04.226667,4.226666667
-0.083371,-0.090869,0.975083,14:15:04.227333,4.227333333
-0.072957,-0.067027,0.964389,14:15:04.228000,4.228000000
-0.072077,-0.083270,0.974606,14:15:04.228667,4.228666667
-0.105228,-0.083582,1.013516,14:15:04.229333,4.229333333
-0.120745,-0.103605,0.987921,14:15:04.230000,4.230000000
-0.103160,-0.071681,0.998980,14:15:04.230667,4.230666667
-0.063158,-0.055481,1.014669,14:15:04.231333,4.231333333
0.049428,0.042309,1.044318,14:15:04.232000,4.232000000
0.064076,0.037421,1.079156,14:15:04.232667,4.232666667
-0.090679,-0.081198,0.977615,14:15:04.233333,4.233333333
-0.151609,-0.067202,0.974688,14:15:04.234000,4.234000000
-0.090580,-0.005583,0.994490,14:15:04.234667,4.234666667
-0.035180,-0.006215,1.025787,14:15:04.235333,4.235333333
-0.061697,-0.017438,0.983091,14:15:04.236000,4.236000000
-0.126005,-0.061479,0.952793,14:15:04.236667,4.236666667
-0.110893,-0.048596,0.938740,14:15:04.237333,4.237333333
-0.084434,-0.025118,0.991228,14:15:04.238000,4.238000000
-0.091137,-0.000207,0.996424,14:15:04.238667,4.238666667
-0.089301,-0.013218,0.994531,14:15:04.239333,4.239333333
-0.063155,-0.026969,0.989698,14:15:04.240000,4.240000000
-0.061095,0.038613,0.996128,14:15:04.240667,4.240666667
-0.041994,0.027756,1.038364,14:15:04.241333,4.241333333
0.011748,0.053928,1.062738,14:15:04.242000,4.242000000
0.150907,0.184129,1.107303,14:15:04.242667,4.242666667
0.130493,0.163675,1.111162,14:15:04.243333,4.243333333
0.040963,0.053139,1.039638,14:15:04.244000,4.244000000
0.040445,0.071386,1.031040,14:15:04.244667,4.244666667
0.105176,0.105246,1.084095,14:15:04.245333,4.245333333
0.134463,0.110070,1.060098,14:15:04.246000,4.246000000
0.079999,0.066563,1.046261,14:15:04.246667,4.246666667
0.034316,0.029641,1.028167,14:15:04.247333,4.247333333
0.054545,0.009895,0.999659,14:15:04.248000,4.248000000
0.082152,0.032188,1.027677,14:15:04.248667,4.248666667
0.035168,0.039685,1.021633,14:15:04.249333,4.249333333
0.020390,0.002623,1.023208,14:15:04.250000,4.250000000
0.018337,0.025775,1.028785,14:15:04.250667,4.250666667
0.064391,0.041251,1.038981,14:15:04.251333,4.251333333
0.098304,0.059251,1.029480,14:15:04.252000,4.252000000
0.094710,0.075393,1.042028,14:15:04.252667,4.252666667
0.244760,0.146133,1.085821,14:15:04.253333,4.253333333
0.118892,0.090438,1.043967,14:15:04.254000,4.254000000
-0.011670,-0.020826,0.977043,14:15:04.254667,4.254666667
0.042776,-0.014094,0.984017,14:15:04.255333,4.255333333
0.123785,0.056152,1.007644,14:15:04.256000,4.256000000
0.118314,0.033849,1.010503,14:15:04.256667,4.256666667
0.058294,-0.019746,0.958349,14:15:04.257333,4.257333333
0.005173,-0.067922,0.962595,14:15:04.258000,4.258000000
-0.012620,-0.045945,0.949293,14:15:04.258667,4.258666667
-0.001795,-0.031347,0.970742,14:15:04.259333,4.259333333
0.000011,-0.013142,0.965645,14:15:04.260000,4.260000000
-0.012596,-0.054658,0.967183,14:15:04.260667,4.260666667
-0.037943,-0.022133,0.933264,14:15:04.261333,4.261333333
-0.014508,0.009655,0.980806,14:15:04.262000,4.262000000
0.034344,0.025576,1.000493,14:15:04.262667,4.262666667
0.090743,0.042840,0.992280,14:15:04.263333,4.263333333
0.164238,0.089070,1.042811,14:15:04.264000,4.264000000
0.106717,0.021113,0.966526,14:15:04.264667,4.264666667
-0.050015,-0.050866,0.935366,14:15:04.265333,4.265333333
-0.002218,-0.038982,0.959238,14:15:04.266000,4.266000000
0.100691,0.010392,0.980338,14:15:04.266667,4.266666667
0.075080,-0.017050,0.984241,14:15:04.267333,4.267333333
-0.036494,-0.056137,0.943252,14:15:04.268000,4.268000000
-0.032090,-0.101781,0.942976,14:15:04.268667,4.268666667
-0.084921,-0.082049,0.968662,14:15:04.269333,4.269333333
-0.055709,-0.060749,0.997265,14:15:04.270000,4.270000000
-0.052558,-0.078929,0.992795,14:15:04.270667,4.270666667
-0.115062,-0.058951,1.001958,14:15:04.271333,4.271333333
-0.085200,-0.043293,0.992452,14:15:04.272000,4.272000000
-0.060983,-0.055943,0.981533,14:15:04.272667,4.272666667
-0.076522,-0.029521,0.993499,14:15:04.273333,4.273333333
0.026319,0.057614,1.049224,14:15:04.274000,4.274000000
0.040429,0.047569,1.048482,14:15:04.274667,4.274666667
-0.075994,-0.038047,1.005645,14:15:04.275333,4.275333333
-0.143906,-0.072130,0.972262,14:15:04.276000,4.276000000
-0.065464,-0.027201,0.983088,14:15:04.276667,4.276666667
-0.032668,0.001632,1.024403,14:15:04.277333,4.277333333
-0.049356,-0.013070,0.972790,14:15:04.278000,4.278000000
-0.131453,-0.036155,0.951405,14:15:04.278667,4.278666667
-0.106644,-0.043638,0.986314,14:15:04.279333,4.279333333
-0.112738,-0.044151,0.982803,14:15:04.280000,4.280000000
-0.107993,-0.000686,0.995785,14:15:04.280667,4.280666667
-0.103719,-0.035901,0.966552,14:15:04.281333,4.281333333
-0.078243,-0.020605,1.013122,14:15:04.282000,4.282000000
-0.095427,0.027664,1.011961,14:15:04.282667,4.282666667
-0.042624,0.032106,1.038005,14:15:04.283333,4.283333333
-0.048641,0.056801,1.055158,14:15:04.284000,4.284000000
0.119290,0.160204,1.113075,14:15:04.284667,4.284666667
0.104580,0.148642,1.115195,14:15:04.285333,4.285333333
0.014405,0.050461,1.033365,14:15:04.286000,4.286000000
-0.016833,0.014651,0.997843,14:15:04.286667,4.286666667
0.047217,0.091536,1.038210,14:15:04.287333,4.287333333
0.113885,0.061267,1.090431,14:15:04.288000,4.288000000
0.084912,0.072249,1.034629,14:15:04.288667,4.288666667
0.042190,0.033329,1.043982,14:15:04.289333,4.289333333
0.042222,0.031166,0.991580,14:15:04.290000,4.290000000
0.045734,0.049602,1.023527,14:15:04.290667,4.290666667
0.054670,0.023523,1.040299,14:15:04.291333,4.291333333
0.072988,0.041405,1.008018,14:15:04.292000,4.292000000
0.034415,0.015451,1.024949,14:15:04.292667,4.292666667
0.022919,0.050382,1.022811,14:15:04.293333,4.293333333
0.093259,0.044239,1.059092,14:15:04.294000,4.294000000
0.092413,0.035959,1.060772,14:15:04.294667,4.294666667
0.221706,0.151956,1.086270,14:15:04.295333,4.295333333
0.154287,0.108404,1.040132,14:15:04.296000,4.296000000
0.026197,-0.017579,0.996916,14:15:04.296667,4.296666667
0.031840,-0.042425,0.968690,14:15:04.297333,4.297333333
0.105724,0.035504,0.994480,14:15:04.298000,4.298000000
0.089366,0.043843,1.019451,14:15:04.298667,4.298666667
0.073214,0.018863,0.987877,14:15:04.299333,4.299333333
-0.010226,-0.038935,0.933365,14:15:04.300000,4.300000000
-0.034948,-0.023675,0.919017,14:15:04.300667,4.300666667
0.001612,-0.048264,0.952695,14:15:04.301333,4.301333333
0.049590,0.005668,0.965444,14:15:04.302000,4.302000000
-0.007580,0.004039,0.941984,14:15:04.302667,4.302666667
-0.040659,-0.013113,0.965707,14:15:04.303333,4.303333333
0.031696,0.015068,0.951432,14:15:04.304000,4.304000000
0.000841,0.004264,0.993882,14:15:04.304667,4.304666667
0.047390,0.040168,0.990317,14:15:04.305333,4.305333333
0.172453,0.102355,1.045463,14:15:04.306000,4.306000000
0.058780,0.040298,1.027553,14:15:04.306667,4.306666667
-0.030217,-0.012593,0.962658,14:15:04.307333,4.307333333
0.000075,-0.038835,0.964766,14:15:04.308000,4.308000000
0.062214,-0.009080,0.986725,14:15:04.308667,4.308666667
0.083038,-0.002570,0.974855,14:15:04.309333,4.309333333
0.021638,-0.057766,0.948653,14:15:04.310000,4.310000000
-0.073211,-0.076558,0.952486,14:15:04.310667,4.310666667
-0.056761,-0.088450,0.952065,14:15:04.311333,4.311333333
-0.030087,-0.052467,0.981363,14:15:04.312000,4.312000000
-0.039661,-0.059250,0.985172,14:15:04.312667,4.312666667
-0.083747,-0.049111,0.964204,14:15:04.313333,4.313333333
-0.075520,-0.055780,0.981322,14:15:04.314000,4.314000000
-0.045348,-0.085821,1.014519,14:15:04.314667,4.314666667
-0.026775,-0.040423,1.015453,14:15:04.315333,4.315333333
0.010032,-0.025740,1.032368,14:15:04.316000,4.316000000
0.077262,0.058920,1.058446,14:15:04.316667,4.316666667
-0.033493,-0.016010,0.992061,14:15:04.317333,4.317333333
-0.155688,-0.078631,0.982435,14:15:04.318000,4.318000000
-0.081439,-0.043634,0.953778,14:15:04.318667,4.318666667
-0.021776,0.011064,1.007773,14:15:04.319333,4.319333333
-0.033276,-0.010897,0.998760,14:15:04.320000,4.320000000
-0.121276,-0.065032,0.974907,14:15:04.320667,4.320666667
-0.155109,-0.076441,0.944394,14:15:04.321333,4.321333333
-0.120561,-0.056342,0.975669,14:15:04.322000,4.322000000
-0.110308,-0.036245,0.999758,14:15:04.322667,4.322666667
-0.135039,-0.010725,0.984530,14:15:04.323333,4.323333333
-0.119262,-0.002069,1.002001,14:15:04.324000,4.324000000
-0.081846,-0.012298,1.030650,14:15:04.324667,4.324666667
-0.049519,0.002054,1.025538,14:15:04.325333,4.325333333
-0.031184,0.020771,1.038501,14:15:04.326000,4.326000000
0.098493,0.127829,1.081810,14:15:04.326667,4.326666667
0.132461,0.151843,1.089436,14:15:04.327333,4.327333333
0.014161,0.056818,1.044655,14:15:04.328000,4.328000000
-0.049620,0.001182,0.999415,14:15:04.328667,4.328666667
0.055793,0.083651,1.040909,14:15:04.329333,4.329333333
0.146006,0.110211,1.071798,14:15:04.330000,4.330000000
0.078932,0.092661,1.062836,14:15:04.330667,4.330666667
0.016802,0.025353,0.973889,14:15:04.331333,4.331333333
0.015919,0.022332,1.034399,14:15:04.332000,4.332000000
0.036242,0.047068,1.027097,14:15:04.332667,4.332666667
0.084612,0.031655,1.025393,14:15:04.333333,4.333333333
0.028523,0.048542,1.049335,14:15:04.334000,4.334000000
0.043887,0.064668,1.022190,14:15:04.334667,4.334666667
0.070063,0.013727,1.026887,14:15:04.335333,4.335333333
0.121584,0.065177,1.043019,14:15:04.336000,4.336000000
0.120236,0.080145,1.026336,14:15:04.336667,4.336666667
0.240719,0.137348,1.082317,14:15:04.337333,4.337333333
0.164823,0.100242,1.070854,14:15:04.338000,4.338000000
0.031036,0.029589,1.000022,14:15:04.338667,4.338666667
0.024839,-0.022320,0.977338,14:15:04.339333,4.339333333
0.081790,0.038553,1.015016,14:15:04.340000,4.340000000
0.124911,0.091146,1.019650,14:15:04.340667,4.340666667
0.089687,0.014709,1.003509,14:15:04.341333,4.341333333
0.005504,-0.033706,0.962822,14:15:04.342000,4.342000000
-0.007078,-0.058635,0.946063,14:15:04.342667,4.342666667
0.029341,-0.019670,0.953522,14:15:04.343333,4.343333333
0.006330,-0.006795,0.961282,14:15:04.344000,4.344000000
-0.020349,0.000812,0.964766,14:15:04.344667,4.344666667
-0.013193,-0.022521,0.951276,14:15:04.345333,4.345333333
0.000976,-0.046221,0.961903,14:15:04.346000,4.346000000
-0.008544,-0.002303,0.965433,14:15:04.346667,4.346666667
0.042969,-0.000766,0.980812,14:15:04.347333,4.347333333
0.169653,0.128227,1.019929,14:15:04.348000,4.348000000
0.104726,0.061228,0.986533,14:15:04.348667,4.348666667
-0.001896,-0.046037,0.970625,14:15:04.349333,4.349333333
-0.036497,-0.051057,0.957485,14:15:04.350000,4.350000000
0.060979,0.004514,0.983179,14:15:04.350667,4.350666667
0.083743,0.019445,0.990992,14:15:04.351333,4.351333333
-0.002431,-0.037759,0.968546,14:15:04.352000,4.352000000
-0.051289,-0.100298,0.952179,14:15:04.352667,4.352666667
-0.079042,-0.066353,0.949416,14:15:04.353333,4.353333333
-0.042782,-0.052807,0.972465,14:15:04.354000,4.354000000
-0.037774,-0.042410,0.930499,14:15:04.354667,4.354666667
-0.056124,-0.068648,0.965441,14:15:04.355333,4.355333333
-0.086070,-0.047514,0.991455,14:15:04.356000,4.356000000
-0.075737,-0.056140,0.989333,14:15:04.356667,4.356666667
-0.111683,-0.041102,1.007481,14:15:04.357333,4.357333333
-0.011546,-0.030189,1.030353,14:15:04.358000,4.358000000
0.065558,0.041116,1.068153,14:15:04.358667,4.358666667
-0.011857,-0.001498,1.028747,14:15:04.359333,4.359333333
-0.119884,-0.100406,0.955987,14:15:04.360000,4.360000000
-0.134525,-0.041268,0.994817,14:15:04.360667,4.360666667
0.001043,-0.036715,1.018949,14:15:04.361333,4.361333333
-0.021164,-0.011636,1.034452,14:15:04.362000,4.362000000
-0.107016,-0.074228,0.979212,14:15:04.362667,4.362666667
-0.114920,-0.094041,0.948960,14:15:04.363333,4.363333333
-0.141664,-0.078482,0.984708,14:15:04.364000,4.364000000
-0.101731,-0.063613,1.006520,14:15:04.364667,4.364666667
-0.118953,-0.054262,0.976358,14:15:04.365333,4.365333333
-0.148915,-0.041348,0.994072,14:15:04.366000,4.366000000
-0.130238,-0.037519,0.989810,14:15:04.366667,4.366666667
-0.053045,0.019966,1.016830,14:15:04.367333,4.367333333
-0.052551,0.038136,1.060177,14:15:04.368000,4.368000000
0.052797,0.104252,1.057143,14:15:04.368667,4.368666667
0.143203,0.143861,1.097978,14:15:04.369333,4.369333333
0.027833,0.058210,1.042603,14:15:04.370000,4.370000000
-0.055652,0.013276,1.040736,14:15:04.370667,4.370666667
0.031455,0.049633,1.043859,14:15:04.371333,4.371333333
0.091191,0.099444,1.075084,14:15:04.372000,4.372000000
0.100722,0.075593,1.061147,14:15:04.372667,4.372666667
0.014401,0.034476,1.002862,14:15:04.373333,4.373333333
0.016132,0.017440,1.000498,14:15:04.374000,4.374000000
0.040953,0.026509,1.035247,14:15:04.374667,4.374666667
0.081109,0.054122,1.047710,14:15:04.375333,4.375333333
0.072334,0.060689,1.024931,14:15:04.376000,4.376000000
0.028686,0.018921,1.019869,14:15:04.376667,4.376666667
0.065500,0.024710,1.042290,14:15:04.377333,4.377333333
0.055102,0.051498,1.045034,14:15:04.378000,4.378000000
0.096231,0.063256,1.056268,14:15:04.378667,4.378666667
0.180567,0.155509,1.101753,14:15:04.379333,4.379333333
0.213561,0.142655,1.106753,14:15:04.380000,4.380000000
0.075107,0.046157,1.021502,14:15:04.380667,4.380666667
0.041818,0.034558,1.003986,14:15:04.381333,4.381333333
0.065276,0.048398,1.023797,14:15:04.382000,4.382000000
0.157031,0.080970,1.019904,14:15:04.382667,4.382666667
0.095624,0.049203,0.999775,14:15:04.383333,4.383333333
0.008649,-0.007252,0.973316,14:15:04.384000,4.384000000
-0.004049,-0.042025,0.948532,14:15:04.384667,4.384666667
0.031696,-0.052819,0.962980,14:15:04.385333,4.385333333
-0.012012,-0.021991,0.980263,14:15:04.386000,4.386000000
-0.022815,-0.033011,0.949248,14:15:04.386667,4.386666667
-0.039580,-0.031327,0.937254,14:15:04.387333,4.387333333
-0.010116,-0.021452,0.951044,14:15:04.388000,4.388000000
0.026368,-0.009379,0.970320,14:15:04.388667,4.388666667
0.040027,0.016706,0.991751,14:15:04.389333,4.389333333
0.141387,0.079203,1.043732,14:15:04.390000,4.390000000
0.111281,0.068865,1.052646,14:15:04.390667,4.390666667
-0.004429,-0.000102,0.956256,14:15:04.391333,4.391333333
-0.004795,-0.081369,0.928648,14:15:04.392000,4.392000000
0.039133,-0.013507,0.984978,14:15:04.392667,4.392666667
0.089364,0.039519,1.017686,14:15:04.393333,4.393333333
-0.015860,-0.016806,0.974360,14:15:04.394000,4.394000000
-0.043375,-0.070500,0.934485,14:15:04.394667,4.394666667
-0.054445,-0.078840,0.943463,14:15:04.395333,4.395333333
-0.035084,-0.031215,0.960787,14:15:04.396000,4.396000000
-0.014246,-0.079609,0.964849,14:15:04.396667,4.396666667
-0.057586,-0.069359,0.964903,14:15:04.397333,4.397333333
-0.086524,-0.047537,0.980648,14:15:04.398000,4.398000000
-0.066348,-0.044203,0.965298,14:15:04.398667,4.398666667
-0.030489,-0.056825,0.987557,14:15:04.399333,4.399333333
-0.053655,-0.029400,1.011395,14:15:04.400000,4.400000000
0.060353,0.063459,1.073820,14:15:04.400667,4.400666667
-0.004094,0.012255,1.034178,14:15:04.401333,4.401333333
-0.137295,-0.088203,0.980782,14:15:04.402000,4.402000000
-0.138827,-0.082640,0.973145,14:15:04.402667,4.402666667
-0.027936,-0.018523,1.000008,14:15:04.403333,4.403333333
-0.029962,-0.044550,1.019971,14:15:04.404000,4.404000000
-0.071937,-0.080689,0.970793,14:15:04.404667,4.404666667
-0.141466,-0.089921,0.968768,14:15:04.405333,4.405333333
-0.145399,-0.097603,0.956225,14:15:04.406000,4.406000000
-0.104983,-0.047040,0.982563,14:15:04.406667,4.406666667
-0.126113,-0.064534,0.983336,14:15:04.407333,4.407333333
-0.164868,-0.059919,0.975067,14:15:04.408000,4.408000000
-0.108817,-0.029941,0.979604,14:15:04.408667,4.408666667
-0.106127,-0.008316,1.026480,14:15:04.409333,4.409333333
-0.060404,0.024109,1.016250,14:15:04.410000,4.410000000
0.002887,0.091158,1.048225,14:15:04.410667,4.410666667
0.117909,0.133896,1.106355,14:15:04.411333,4.411333333
0.035417,0.073116,1.038612,14:15:04.412000,4.412000000
-0.034879,0.013789,0.990774,14:15:04.412667,4.412666667
-0.012319,0.000003,1.018282,14:15:04.413333,4.413333333
0.075910,0.117771,1.069512,14:15:04.414000,4.414000000
0.059362,0.101232,1.072514,14:15:04.414667,4.414666667
0.067299,0.055419,1.014710,14:15:04.415333,4.415333333
-0.001303,0.038741,1.024164,14:15:04.416000,4.416000000
0.043452,0.032277,1.028553,14:15:04.416667,4.416666667
0.063657,0.055920,1.022525,14:15:04.417333,4.417333333
0.045046,0.086135,1.017235,14:15:04.418000,4.418000000
0.022276,0.041843,1.041306,14:15:04.418667,4.418666667
0.036538,0.052377,1.042401,14:15:04.419333,4.419333333
0.080945,0.112606,1.053769,14:15:04.420000,4.420000000
0.079444,0.057493,1.046197,14:15:04.420667,4.420666667
0.169936,0.129077,1.099766,14:15:04.421333,4.421333333
0.189802,0.145524,1.099208,14:15:04.422000,4.422000000
0.102888,0.079255,1.040266,14:15:04.422667,4.422666667
0.038992,0.008329,1.005217,14:15:04.423333,4.423333333
0.090491,0.075984,1.033938,14:15:04.424000,4.424000000
0.182325,0.110427,1.039916,14:15:04.424667,4.424666667
0.138360,0.009025,1.005941,14:15:04.425333,4.425333333
0.043678,-0.039033,0.986625,14:15:04.426000,4.426000000
-0.007337,-0.037132,0.961058,14:15:04.426667,4.426666667
-0.007259,-0.016607,0.953966,14:15:04.427333,4.427333333
0.021958,-0.024398,0.971574,14:15:04.428000,4.428000000
-0.001214,-0.027809,0.965266,14:15:04.428667,4.428666667
-0.030565,-0.043805,0.964657,14:15:04.429333,4.429333333
-0.020779,-0.000026,0.957459,14:15:04.430000,4.430000000
-0.000106,-0.021674,0.968030,14:15:04.430667,4.430666667
0.032100,0.004828,0.978625,14:15:04.431333,4.431333333
0.130075,0.092004,1.049070,14:15:04.432000,4.432000000
0.132845,0.091229,1.024373,14:15:04.432667,4.432666667
0.050871,-0.022597,0.954940,14:15:04.433333,4.433333333
-0.028893,-0.043868,0.926840,14:15:04.434000,4.434000000
0.030310,-0.012064,0.981647,14:15:04.434667,4.434666667
0.086968,0.010771,1.008293,14:15:04.435333,4.435333333
0.039256,-0.018765,0.977080,14:15:04.436000,4.436000000
-0.032049,-0.052956,0.940889,14:15:04.436667,4.436666667
-0.046589,-0.063939,0.947620,14:15:04.437333,4.437333333
-0.045938,-0.066368,0.970278,14:15:04.438000,4.438000000
-0.060031,-0.042178,0.967153,14:15:04.438667,4.438666667
-0.080964,-0.064964,0.950934,14:15:04.439333,4.439333333
-0.074990,-0.045403,0.968797,14:15:04.440000,4.440000000
-0.042770,-0.023875,0.984088,14:15:04.440667,4.440666667
-0.015568,-0.022586,0.976148,14:15:04.441333,4.441333333
-0.040494,-0.033510,1.003731,14:15:04.442000,4.442000000
0.085492,0.106499,1.075002,14:15:04.442667,4.442666667
0.039611,0.036441,1.046600,14:15:04.443333,4.443333333
-0.092791,-0.047652,0.974583,14:15:04.444000,4.444000000
-0.113080,-0.071182,0.983108,14:15:04.444667,4.444666667
-0.015546,-0.014444,0.986923,14:15:04.445333,4.445333333
-0.023441,0.000184,1.006850,14:15:04.446000,4.446000000
-0.084632,-0.059620,0.983990,14:15:04.446667,4.446666667
-0.146777,-0.102322,0.956152,14:15:04.447333,4.447333333
-0.170714,-0.085655,0.962053,14:15:04.448000,4.448000000
-0.169122,-0.085544,0.995365,14:15:04.448667,4.448666667
-0.104697,-0.036076,0.990763,14:15:04.449333,4.449333333
-0.131938,-0.058653,0.977225,14:15:04.450000,4.450000000
-0.144016,-0.052851,0.991462,14:15:04.450667,4.450666667
-0.136140,-0.028304,1.006221,14:15:04.451333,4.451333333
-0.088672,-0.000933,1.002424,14:15:04.452000,4.452000000
-0.035239,-0.003380,1.005018,14:15:04.452667,4.452666667
0.116620,0.130164,1.094984,14:15:04.453333,4.453333333
-0.007856,0.087443,1.066039,14:15:04.454000,4.454000000
-0.069649,0.016206,1.007720,14:15:04.454667,4.454666667
-0.038067,0.013794,0.997763,14:15:04.455333,4.455333333
0.018195,0.055105,1.045145,14:15:04.456000,4.456000000
0.064777,0.088876,1.022078,14:15:04.456667,4.456666667
0.036234,0.043978,1.035975,14:15:04.457333,4.457333333
-0.042436,-0.007809,1.007973,14:15:04.458000,4.458000000
0.003417,0.008339,1.021321,14:15:04.458667,4.458666667
0.034450,0.056591,1.010515,14:15:04.459333,4.459333333
0.012431,0.062512,1.030773,14:15:04.460000,4.460000000
-0.008336,0.024868,1.044630,14:15:04.460667,4.460666667
0.051944,0.049928,1.035855,14:15:04.461333,4.461333333
0.062287,0.090235,1.071304,14:15:04.462000,4.462000000
0.077789,0.103926,1.051102,14:15:04.462667,4.462666667
0.151808,0.122733,1.079519,14:15:04.463333,4.463333333
0.231809,0.179060,1.126636,14:15:04.464000,4.464000000
0.168040,0.082670,1.069731,14:15:04.464667,4.464666667
0.061268,-0.014690,0.984013,14:15:04.465333,4.465333333
0.075104,0.030721,1.016605,14:15:04.466000,4.466000000
0.171026,0.063315,1.010794,14:15:04.466667,4.466666667
0.139930,0.093459,1.021268,14:15:04.467333,4.467333333
0.043460,0.038585,1.006424,14:15:04.468000,4.468000000
0.001350,0.007377,0.946876,14:15:04.468667,4.468666667
0.030181,-0.046853,0.990810,14:15:04.469333,4.469333333
0.039846,-0.005605,0.993219,14:15:04.470000,4.470000000
0.018239,0.007674,0.936637,14:15:04.470667,4.470666667
-0.006163,-0.028905,0.980681,14:15:04.471333,4.471333333
0.010278,-0.007083,0.952366,14:15:04.472000,4.472000000
0.030707,-0.002712,0.986503,14:15:04.472667,4.472666667
0.029777,0.007125,0.979591,14:15:04.473333,4.473333333
0.138239,0.079748,1.016157,14:15:04.474000,4.474000000
0.183252,0.081826,1.031190,14:15:04.474667,4.474666667
0.028363,-0.008421,0.974897,14:15:04.475333,4.475333333
-0.024480,-0.046834,0.958985,14:15:04.476000,4.476000000
0.055824,-0.034656,0.967951,14:15:04.476667,4.476666667
0.087135,0.032512,1.006712,14:15:04.477333,4.477333333
0.079933,0.016888,0.978593,14:15:04.478000,4.478000000
-0.031036,-0.042716,0.958023,14:15:04.478667,4.478666667
-0.053342,-0.061125,0.923568,14:15:04.479333,4.479333333
-0.044108,-0.055792,0.972615,14:15:04.480000,4.480000000
-0.021164,-0.044484,0.976349,14:15:04.480667,4.480666667
-0.043842,-0.075550,0.965889,14:15:04.481333,4.481333333
-0.066246,-0.085773,1.000775,14:15:04.482000,4.482000000
-0.066461,-0.069507,0.983694,14:15:04.482667,4.482666667
-0.038485,-0.026720,1.008163,14:15:04.483333,4.483333333
-0.036529,-0.011406,1.033779,14:15:04.484000,4.484000000
0.086725,0.070186,1.040725,14:15:04.484667,4.484666667
0.081983,0.035234,1.037361,14:15:04.485333,4.485333333
-0.069099,-0.029589,0.988942,14:15:04.486000,4.486000000
-0.080742,-0.102583,0.950963,14:15:04.486667,4.486666667
-0.038247,-0.044938,1.006349,14:15:04.487333,4.487333333
-0.031208,0.005692,1.018440,14:15:04.488000,4.488000000
-0.064942,-0.049873,0.971768,14:15:04.488667,4.488666667
-0.111546,-0.102918,0.981156,14:15:04.489333,4.489333333
-0.134484,-0.099631,0.959074,14:15:04.490000,4.490000000
-0.114011,-0.072646,0.984432,14:15:04.490667,4.490666667
-0.101702,-0.074451,0.956503,14:15:04.491333,4.491333333
-0.177598,-0.063327,0.958216,14:15:04.492000,4.492000000
-0.121795,-0.052020,0.980552,14:15:04.492667,4.492666667
-0.132832,0.011060,1.019767,14:15:04.493333,4.493333333
-0.090595,0.005890,1.017106,14:15:04.494000,4.494000000
-0.029802,-0.006005,1.046978,14:15:04.494667,4.494666667
0.082288,0.137818,1.096643,14:15:04.495333,4.495333333
-0.000007,0.070170,1.040398,14:15:04.496000,4.496000000
-0.048352,0.033410,1.001639,14:15:04.496667,4.496666667
-0.044659,0.015126,0.995458,14:15:04.497333,4.497333333
0.016710,0.060866,1.029805,14:15:04.498000,4.498000000
0.092219,0.109213,1.045693,14:15:04.498667,4.498666667
0.049272,0.026663,1.038125,14:15:04.499333,4.499333333
-0.030900,-0.010905,0.978611,14:15:04.500000,4.500000000
0.005908,0.014087,1.021973,14:15:04.500667,4.500666667
0.024340,0.038779,1.006537,14:15:04.501333,4.501333333
-0.005661,0.054989,1.041759,14:15:04.502000,4.502000000
0.020012,0.064103,1.027354,14:15:04.502667,4.502666667
0.028453,0.028553,1.026261,14:15:04.503333,4.503333333
0.033020,0.036422,1.047438,14:15:04.504000,4.504000000
0.103827,0.084703,1.085034,14:15:04.504667,4.504666667
0.108551,0.105552,1.083155,14:15:04.505333,4.505333333
0.208273,0.179658,1.112989,14:15:04.506000,4.506000000
0.175241,0.124480,1.052549,14:15:04.506667,4.506666667
0.066358,0.018508,1.021612,14:15:04.507333,4.507333333
0.066656,0.027279,1.024984,14:15:04.508000,4.508000000
0.145383,0.056401,1.048609,14:15:04.508667,4.508666667
0.115846,0.066203,1.058778,14:15:04.509333,4.509333333
0.119760,0.006137,1.023053,14:15:04.510000,4.510000000
-0.009041,-0.012637,0.969330,14:15:04.510667,4.510666667
0.016258,-0.023742,1.010142,14:15:04.511333,4.511333333
0.049490,-0.000041,0.988870,14:15:04.512000,4.512000000
0.025106,-0.017949,0.947770,14:15:04.512667,4.512666667
0.004346,-0.032356,0.995794,14:15:04.513333,4.513333333
-0.003492,-0.038784,0.976894,14:15:04.514000,4.514000000
0.010174,-0.018949,0.995926,14:15:04.514667,4.514666667
0.014144,0.006636,1.015710,14:15:04.515333,4.515333333
0.112616,0.081091,1.025306,14:15:04.516000,4.516000000
0.171098,0.107280,1.045294,14:15:04.516667,4.516666667
0.068943,0.023013,0.976894,14:15:04.517333,4.517333333
-0.050554,-0.042052,0.948719,14:15:04.518000,4.518000000
0.051554,-0.028571,0.948562,14:15:04.518667,4.518666667
0.073813,0.009799,0.989718,14:15:04.519333,4.519333333
0.105802,0.030443,0.985694,14:15:04.520000,4.520000000
0.014136,-0.052071,0.910448,14:15:04.520667,4.520666667
-0.029651,-0.049595,0.924744,14:15:04.521333,4.521333333
-0.010116,-0.051618,0.948087,14:15:04.522000,4.522000000
-0.023438,-0.034328,0.979350,14:15:04.522667,4.522666667
-0.021429,-0.039544,0.954748,14:15:04.523333,4.523333333
-0.022844,-0.064228,0.954931,14:15:04.524000,4.524000000
-0.022353,-0.034209,0.973544,14:15:04.524667,4.524666667
-0.034243,-0.040854,0.988312,14:15:04.525333,4.525333333
-0.042325,-0.009543,1.024415,14:15:04.526000,4.526000000
0.106545,0.041611,1.043702,14:15:04.526667,4.526666667
0.102966,0.065750,1.056638,14:15:04.527333,4.527333333
-0.040399,-0.017782,0.996462,14:15:04.528000,4.528000000
-0.115384,-0.096398,0.963472,14:15:04.528667,4.528666667
-0.032566,-0.015325,0.974735,14:15:04.529333,4.529333333
0.034076,-0.029070,1.007976,14:15:04.530000,4.530000000
-0.015973,-0.045461,1.011358,14:15:04.530667,4.530666667
-0.108839,-0.081573,0.947734,14:15:04.531333,4.531333333
-0.132577,-0.090723,0.960786,14:15:04.532000,4.532000000
-0.136872,-0.066964,1.006429,14:15:04.532667,4.532666667
-0.121110,-0.056132,1.011054,14:15:04.533333,4.533333333
-0.114700,-0.079420,0.995724,14:15:04.534000,4.534000000
-0.130201,-0.096064,0.963975,14:15:04.534667,4.534666667
-0.104125,-0.029442,0.995188,14:15:04.535333,4.535333333
-0.108359,-0.014757,1.010707,14:15:04.536000,4.536000000
-0.109699,0.039125,1.011731,14:15:04.536667,4.536666667
0.087332,0.085509,1.063210,14:15:04.537333,4.537333333
0.029667,0.076518,1.033308,14:15:04.538000,4.538000000
-0.068206,-0.004490,1.008220,14:15:04.538667,4.538666667
-0.098539,-0.011741,0.994324,14:15:04.539333,4.539333333
-0.016460,0.031802,0.989139,14:15:04.540000,4.540000000
0.034664,0.100648,1.051275,14:15:04.540667,4.540666667
0.015155,0.036112,1.015592,14:15:04.541333,4.541333333
-0.039604,0.033711,1.000964,14:15:04.542000,4.542000000
-0.050402,-0.009414,0.986553,14:15:04.542667,4.542666667
-0.010795,0.027642,1.040756,14:15:04.543333,4.543333333
0.029499,0.076737,1.037197,14:15:04.544000,4.544000000
-0.019172,0.042529,1.014659,14:15:04.544667,4.544666667
0.013284,0.020087,1.037428,14:15:04.545333,4.545333333
0.049906,0.090823,1.054256,14:15:04.546000,4.546000000
0.080554,0.066140,1.074864,14:15:04.546667,4.546666667
0.078275,0.080189,1.072765,14:15:04.547333,4.547333333
0.239662,0.181824,1.127774,14:15:04.548000,4.548000000
0.171581,0.117578,1.086263,14:15:04.548667,4.548666667
0.058395,-0.006932,1.046066,14:15:04.549333,4.549333333
0.075505,0.046077,1.009270,14:15:04.550000,4.550000000
0.130821,0.083310,1.042315,14:15:04.550667,4.550666667
0.153598,0.113000,1.036050,14:15:04.551333,4.551333333
0.056380,0.050545,0.979484,14:15:04.552000,4.552000000
0.036728,-0.030521,0.984581,14:15:04.552667,4.552666667
0.056886,0.003610,0.964004,14:15:04.553333,4.553333333
0.024221,0.016572,0.975255,14:15:04.554000,4.554000000
0.034120,-0.013402,0.996028,14:15:04.554667,4.554666667
0.002343,-0.019059,0.995501,14:15:04.555333,4.555333333
0.039900,-0.042705,0.993586,14:15:04.556000,4.556000000
0.021285,0.018042,0.971726,14:15:04.556667,4.556666667
0.045995,0.017336,1.013577,14:15:04.557333,4.557333333
0.075745,0.060569,1.010295,14:15:04.558000,4.558000000
0.177683,0.109337,1.054983,14:15:04.558667,4.558666667
0.060830,0.052661,0.981601,14:15:04.559333,4.559333333
-0.036371,-0.044356,0.957802,14:15:04.560000,4.560000000
0.029370,-0.022522,0.944411,14:15:04.560667,4.560666667
0.093526,0.035845,0.989415,14:15:04.561333,4.561333333
0.087416,0.036341,0.981911,14:15:04.562000,4.562000000
0.026170,-0.050532,0.935324,14:15:04.562667,4.562666667
-0.028215,-0.065948,0.935674,14:15:04.563333,4.563333333
-0.011038,-0.038994,0.945571,14:15:04.564000,4.564000000
-0.032176,-0.051340,0.946586,14:15:04.564667,4.564666667
-0.052870,-0.036396,0.970052,14:15:04.565333,4.565333333
-0.075632,-0.043680,0.961761,14:15:04.566000,4.566000000
-0.049966,-0.048656,0.972883,14:15:04.566667,4.566666667
-0.018238,-0.034261,0.981070,14:15:04.567333,4.567333333
0.002682,-0.059094,0.985310,14:15:04.568000,4.568000000
0.055907,0.052710,1.019855,14:15:04.568667,4.568666667
0.131742,0.079019,1.073155,14:15:04.569333,4.569333333
0.023004,-0.015656,1.004403,14:15:04.570000,4.570000000
-0.076091,-0.104517,0.977609,14:15:04.570667,4.570666667
-0.030450,-0.045022,0.961386,14:15:04.571333,4.571333333
0.006181,0.007465,1.009113,14:15:04.572000,4.572000000
-0.019314,-0.059399,1.014765,14:15:04.572667,4.572666667
-0.104197,-0.075582,0.975777,14:15:04.573333,4.573333333
-0.147527,-0.129629,0.960813,14:15:04.574000,4.574000000
-0.115462,-0.107255,0.987567,14:15:04.574667,4.574666667
-0.121971,-0.048437,0.971995,14:15:04.575333,4.575333333
-0.102847,-0.076550,0.989565,14:15:04.576000,4.576000000
-0.160794,-0.095476,0.980292,14:15:04.576667,4.576666667
-0.125594,-0.057404,0.990831,14:15:04.577333,4.577333333
-0.102551,-0.021445,1.013691,14:15:04.578000,4.578000000
-0.083994,-0.012449,1.009069,14:15:04.578667,4.578666667
0.003104,0.076317,1.084528,14:15:04.579333,4.579333333
0.071459,0.074334,1.069884,14:15:04.580000,4.580000000
-0.057338,0.006254,1.006565,14:15:04.580667,4.580666667
-0.096973,-0.013029,0.977838,14:15:04.581333,4.581333333
-0.014867,0.030989,1.000883,14:15:04.582000,4.582000000
0.019381,0.070613,1.014282,14:15:04.582667,4.582666667
0.009532,0.064097,1.034871,14:15:04.583333,4.583333333
-0.077871,0.020344,0.997118,14:15:04.584000,4.584000000
-0.059950,-0.017826,0.966031,14:15:04.584667,4.584666667
-0.030446,0.010414,1.024121,14:15:04.585333,4.585333333
-0.023076,0.039554,1.037008,14:15:04.586000,4.586000000
-0.024544,0.041550,1.013965,14:15:04.586667,4.586666667
0.012835,0.003391,0.990263,14:15:04.587333,4.587333333
-0.008250,0.034602,1.037122,14:15:04.588000,4.588000000
0.056416,0.093103,1.047563,14:15:04.588667,4.588666667
0.102423,0.089858,1.064086,14:15:04.589333,4.589333333
0.231314,0.178545,1.125991,14:15:04.590000,4.590000000
0.178470,0.135442,1.113627,14:15:04.590667,4.590666667
0.074773,0.029527,1.021563,14:15:04.591333,4.591333333
0.074786,0.014951,1.005605,14:15:04.592000,4.592000000
0.116081,0.108462,1.037834,14:15:04.592667,4.592666667
0.154070,0.123599,1.054098,14:15:04.593333,4.593333333
0.136987,0.037192,1.029353,14:15:04.594000,4.594000000
0.028137,-0.004130,0.997836,14:15:04.594667,4.594666667
0.005359,-0.010369,1.000098,14:15:04.595333,4.595333333
0.025856,0.024402,0.993624,14:15:04.596000,4.596000000
0.042118,0.000793,1.014561,14:15:04.596667,4.596666667
0.007725,0.003617,0.985294,14:15:04.597333,4.597333333
-0.011247,-0.019787,0.990287,14:15:04.598000,4.598000000
0.032587,-0.038775,0.987749,14:15:04.598667,4.598666667
0.060937,0.017103,0.987974,14:15:04.599333,4.599333333
0.060236,0.011359,1.000066,14:15:04.600000,4.600000000
0.187925,0.086731,1.086317,14:15:04.600667,4.600666667
0.125494,0.052545,1.040401,14:15:04.601333,4.601333333
0.040467,-0.034854,0.948086,14:15:04.602000,4.602000000
-0.004060,-0.045370,0.949441,14:15:04.602667,4.602666667
0.095586,0.012416,0.961206,14:15:04.603333,4.603333333
0.120241,0.050929,0.974505,14:15:04.604000,4.604000000
0.059911,-0.038181,0.930053,14:15:04.604667,4.604666667
-0.018954,-0.066974,0.931631,14:15:04.605333,4.605333333
-0.015184,-0.058062,0.940369,14:15:04.606000,4.606000000
0.004766,-0.031177,0.948082,14:15:04.606667,4.606666667
-0.027672,-0.008082,0.965432,14:15:04.607333,4.607333333
-0.047971,-0.067685,0.950258,14:15:04.608000,4.608000000
-0.047233,-0.056051,0.969562,14:15:04.608667,4.608666667
-0.009356,-0.032038,0.984205,14:15:04.609333,4.609333333
0.017228,0.010061,0.994545,14:15:04.610000,4.610000000
0.056809,0.016376,0.989781,14:15:04.610667,4.610666667
0.131984,0.064716,1.103643,14:15:04.611333,4.611333333
-0.003171,0.007699,0.995151,14:15:04.612000,4.612000000
-0.072967,-0.081399,0.956304,14:15:04.612667,4.612666667
-0.056932,-0.074397,0.987818,14:15:04.613333,4.613333333
0.030651,0.005628,0.981400,14:15:04.614000,4.614000000
0.022947,-0.005742,1.003970,14:15:04.614667,4.614666667
-0.087698,-0.100224,0.949019,14:15:04.615333,4.615333333
-0.121587,-0.092961,0.973248,14:15:04.616000,4.616000000
-0.068311,-0.106264,0.958564,14:15:04.616667,4.616666667
-0.143577,-0.035448,1.001811,14:15:04.617333,4.617333333
-0.124458,-0.075360,0.964878,14:15:04.618000,4.618000000
-0.172569,-0.051934,0.969416,14:15:04.618667,4.618666667
-0.144287,-0.115308,0.978148,14:15:04.619333,4.619333333
-0.142577,-0.050891,1.003468,14:15:04.620000,4.620000000
-0.111021,-0.010357,1.009035,14:15:04.620667,4.620666667
-0.007728,0.044260,1.067337,14:15:04.621333,4.621333333
0.012038,0.115351,1.047665,14:15:04.622000,4.622000000
-0.039522,-0.002074,1.005862,14:15:04.622667,4.622666667
-0.125832,-0.023029,0.995460,14:15:04.623333,4.623333333
-0.070882,0.022964,1.004372,14:15:04.624000,4.624000000
-0.001546,0.056361,0.998309,14:15:04.624667,4.624666667
-0.026415,0.047112,1.026428,14:15:04.625333,4.625333333
-0.077757,0.032679,0.988682,14:15:04.626000,4.626000000
-0.057232,-0.025563,0.980610,14:15:04.626667,4.626666667
-0.056828,0.028426,0.998959,14:15:04.627333,4.627333333
0.005193,0.035206,1.012587,14:15:04.628000,4.628000000
0.013637,0.022392,1.017347,14:15:04.628667,4.628666667
0.009606,0.011022,1.010801,14:15:04.629333,4.629333333
-0.006306,0.021964,1.010121,14:15:04.630000,4.630000000
0.018134,0.047067,1.059313,14:15:04.630667,4.630666667
0.054910,0.091995,1.053887,14:15:04.631333,4.631333333
0.222684,0.151344,1.123243,14:15:04.632000,4.632000000
0.205741,0.194662,1.118322,14:15:04.632667,4.632666667
0.075332,0.083393,1.042208,14:15:04.633333,4.633333333
0.061243,0.056662,1.033294,14:15:04.634000,4.634000000
0.107292,0.081755,1.043438,14:15:04.634667,4.634666667
0.137166,0.078698,1.046774,14:15:04.635333,4.635333333
0.144900,0.068105,1.010572,14:15:04.636000,4.636000000
0.045053,0.033671,1.012491,14:15:04.636667,4.636666667
0.002184,-0.007755,0.972197,14:15:04.637333,4.637333333
0.047887,-0.000958,1.026983,14:15:04.638000,4.638000000
0.022463,0.037727,0.991790,14:15:04.638667,4.638666667
0.032500,-0.016358,0.997688,14:15:04.639333,4.639333333
0.034352,-0.013316,1.004248,14:15:04.640000,4.640000000
0.028192,-0.003271,0.986157,14:15:04.640667,4.640666667
0.041957,0.026536,1.002137,14:15:04.641333,4.641333333
0.069702,0.045638,1.013677,14:15:04.642000,4.642000000
0.193704,0.121104,1.061031,14:15:04.642667,4.642666667
0.148928,0.080464,1.021808,14:15:04.643333,4.643333333
0.029748,-0.025446,0.997810,14:15:04.644000,4.644000000
0.013087,-0.033096,0.960422,14:15:04.644667,4.644666667
0.105175,-0.007263,0.973029,14:15:04.645333,4.645333333
0.074153,0.055503,0.990279,14:15:04.646000,4.646000000
0.050392,0.008269,0.933720,14:15:04.646667,4.646666667
-0.009787,-0.044511,0.913803,14:15:04.647333,4.647333333
0.006398,-0.069204,0.945155,14:15:04.648000,4.648000000
0.003292,-0.042446,0.931169,14:15:04.648667,4.648666667
0.001190,-0.016917,0.955308,14:15:04.649333,4.649333333
-0.004231,-0.030200,0.944206,14:15:04.650000,4.650000000
-0.036936,-0.066639,0.939435,14:15:04.650667,4.650666667
-0.036525,-0.024410,0.985422,14:15:04.651333,4.651333333
-0.020730,-0.016290,0.998004,14:15:04.652000,4.652000000
0.017412,-0.015954,0.989341,14:15:04.652667,4.652666667
0.175076,0.057557,1.059473,14:15:04.653333,4.653333333
0.050693,0.044606,1.029252,14:15:04.654000,4.654000000
-0.036406,-0.039715,0.946578,14:15:04.654667,4.654666667
-0.032757,-0.066161,0.994602,14:15:04.655333,4.655333333
0.018779,-0.010201,0.984593,14:15:04.656000,4.656000000
0.008289,0.010633,0.955902,14:15:04.656667,4.656666667
-0.017132,-0.045586,0.964313,14:15:04.657333,4.657333333
-0.109432,-0.105171,0.968597,14:15:04.658000,4.658000000
-0.095282,-0.114921,0.972798,14:15:04.658667,4.658666667
-0.070718,-0.067895,0.998583,14:15:04.659333,4.659333333
-0.122562,-0.078079,0.985846,14:15:04.660000,4.660000000
-0.148239,-0.103186,0.998363,14:15:04.660667,4.660666667
-0.110516,-0.101166,0.997227,14:15:04.661333,4.661333333
-0.130319,-0.049621,0.979953,14:15:04.662000,4.662000000
-0.104194,-0.002226,1.002917,14:15:04.662667,4.662666667
-0.017892,0.042966,1.050205,14:15:04.663333,4.663333333
0.077979,0.057568,1.066693,14:15:04.664000,4.664000000
-0.042710,0.013441,0.985740,14:15:04.664667,4.664666667
-0.146787,-0.064423,0.987223,14:15:04.665333,4.665333333
-0.098202,-0.032371,0.987831,14:15:04.666000,4.666000000
0.010766,0.010075,1.025419,14:15:04.666667,4.666666667
0.022523,0.004664,1.027869,14:15:04.667333,4.667333333
-0.093480,-0.022915,1.010222,14:15:04.668000,4.668000000
-0.088464,-0.042823,0.971255,14:15:04.668667,4.668666667
-0.079902,0.023991,0.974497,14:15:04.669333,4.669333333
-0.019012,0.044205,0.991846,14:15:04.670000,4.670000000
-0.016441,0.049201,1.036126,14:15:04.670667,4.670666667
-0.088975,0.036761,1.023660,14:15:04.671333,4.671333333
-0.003278,0.044737,1.052548,14:15:04.672000,4.672000000
0.008797,0.067558,1.049131,14:15:04.672667,4.672666667
0.060446,0.079196,1.067683,14:15:04.673333,4.673333333
0.160324,0.141831,1.094687,14:15:04.674000,4.674000000
0.199942,0.175368,1.129031,14:15:04.674667,4.674666667
0.090115,0.094086,1.076200,14:15:04.675333,4.675333333
0.036052,0.026709,0.991132,14:15:04.676000,4.676000000
0.087653,0.047765,1.032092,14:15:04.676667,4.676666667
0.143055,0.105677,1.046989,14:15:04.677333,4.677333333
0.140353,0.101199,1.040697,14:15:04.678000,4.678000000
0.038303,0.031820,1.006617,14:15:04.678667,4.678666667
0.050352,0.006976,1.001115,14:15:04.679333,4.679333333
0.078091,0.012941,0.998507,14:15:04.680000,4.680000000
0.029168,0.023693,1.008448,14:15:04.680667,4.680666667
0.024130,-0.009913,0.982245,14:15:04.681333,4.681333333
0.015796,-0.022504,1.022628,14:15:04.682000,4.682000000
0.019467,0.023693,0.987996,14:15:04.682667,4.682666667
0.070236,0.016927,1.012089,14:15:04.683333,4.683333333
0.080856,0.030064,1.036877,14:15:04.684000,4.684000000
0.181660,0.126674,1.110427,14:15:04.684667,4.684666667
0.176971,0.068549,1.074925,14:15:04.685333,4.685333333
0.066046,0.000870,0.970912,14:15:04.686000,4.686000000
0.034620,0.010831,0.929410,14:15:04.686667,4.686666667
0.078879,0.013214,0.989863,14:15:04.687333,4.687333333
0.150559,0.028529,0.994790,14:15:04.688000,4.688000000
0.033428,0.006033,0.982342,14:15:04.688667,4.688666667
-0.015589,-0.051896,0.921529,14:15:04.689333,4.689333333
-0.000433,-0.038607,0.930238,14:15:04.690000,4.690000000
-0.020720,-0.009662,0.949457,14:15:04.690667,4.690666667
-0.021736,-0.031719,0.952399,14:15:04.691333,4.691333333
-0.035946,-0.032646,0.966816,14:15:04.692000,4.692000000
-0.027236,-0.038527,0.970246,14:15:04.692667,4.692666667
-0.003628,-0.038638,0.980767,14:15:04.693333,4.693333333
-0.011401,-0.037044,1.005148,14:15:04.694000,4.694000000
-0.008927,0.019446,1.015022,14:15:04.694667,4.694666667
0.127363,0.097402,1.075484,14:15:04.695333,4.695333333
0.084099,0.046975,1.028104,14:15:04.696000,4.696000000
-0.045430,-0.048160,1.004868,14:15:04.696667,4.696666667
-0.041554,-0.067844,0.945041,14:15:04.697333,4.697333333
0.030618,-0.013669,1.002375,14:15:04.698000,4.698000000
0.029129,-0.023777,0.983329,14:15:04.698667,4.698666667
-0.042801,-0.038230,0.984203,14:15:04.699333,4.699333333
-0.072713,-0.105064,0.962939,14:15:04.700000,4.700000000
-0.090202,-0.110419,0.962191,14:15:04.700667,4.700666667
-0.083352,-0.086504,0.994553,14:15:04.701333,4.701333333
-0.091887,-0.057521,0.972559,14:15:04.702000,4.702000000
-0.103139,-0.061866,0.989239,14:15:04.702667,4.702666667
-0.135606,-0.075809,0.972378,14:15:04.703333,4.703333333
-0.118373,-0.054334,1.002930,14:15:04.704000,4.704000000
-0.091907,-0.022336,1.023525,14:15:04.704667,4.704666667
-0.063646,-0.012666,1.011400,14:15:04.705333,4.705333333
0.079573,0.102198,1.061754,14:15:04.706000,4.706000000
-0.038840,0.009638,1.048957,14:15:04.706667,4.706666667
-0.151305,-0.054999,0.964299,14:15:04.707333,4.707333333
-0.103139,-0.023124,0.981166,14:15:04.708000,4.708000000
-0.012798,0.045385,0.995151,14:15:04.708667,4.708666667
0.000338,0.038841,1.017522,14:15:04.709333,4.709333333
-0.087517,-0.025060,1.003548,14:15:04.710000,4.710000000
-0.113996,-0.017915,0.966418,14:15:04.710667,4.710666667
-0.070575,0.004501,0.996852,14:15:04.711333,4.711333333
-0.046675,-0.009552,1.012715,14:15:04.712000,4.712000000
-0.062905,0.017835,1.011118,14:15:04.712667,4.712666667
-0.069605,0.029675,1.004583,14:15:04.713333,4.713333333
-0.038202,-0.002012,1.019671,14:15:04.714000,4.714000000
0.005587,0.043216,1.036893,14:15:04.714667,4.714666667
0.072799,0.080282,1.043244,14:15:04.715333,4.715333333
0.114321,0.152268,1.082157,14:15:04.716000,4.716000000
0.197369,0.173552,1.115548,14:15:04.716667,4.716666667
0.099826,0.102017,1.075470,14:15:04.717333,4.717333333
0.014061,0.048841,1.034027,14:15:04.718000,4.718000000
0.088918,0.048234,1.044775,14:15:04.718667,4.718666667
0.143984,0.094935,1.044494,14:15:04.719333,4.719333333
0.134052,0.118074,1.051540,14:15:04.720000,4.720000000
0.069393,0.078461,1.007767,14:15:04.720667,4.720666667
0.029970,-0.018388,0.994848,14:15:04.721333,4.721333333
0.074571,0.016048,1.009160,14:15:04.722000,4.722000000
0.079892,0.021147,1.044254,14:15:04.722667,4.722666667
0.046106,0.046785,1.002785,14:15:04.723333,4.723333333
0.039385,0.021306,1.013134,14:15:04.724000,4.724000000
0.043275,0.024072,1.019901,14:15:04.724667,4.724666667
0.056751,0.011577,1.011509,14:15:04.725333,4.725333333
0.061814,0.052801,1.046587,14:15:04.726000,4.726000000
0.193575,0.089582,1.039083,14:15:04.726667,4.726666667
0.167814,0.125079,1.051691,14:15:04.727333,4.727333333
0.118597,-0.011411,0.979451,14:15:04.728000,4.728000000
-0.000576,-0.039909,0.950445,14:15:04.728667,4.728666667
0.061817,0.014545,0.961905,14:15:04.729333,4.729333333
0.098620,0.068575,0.993053,14:15:04.730000,4.730000000
0.089701,0.021238,0.983401,14:15:04.730667,4.730666667
-0.045786,-0.032138,0.928431,14:15:04.731333,4.731333333
-0.013230,-0.046200,0.924729,14:15:04.732000,4.732000000
-0.004536,-0.045787,0.913063,14:15:04.732667,4.732666667
0.014012,-0.017153,0.978139,14:15:04.733333,4.733333333
0.011904,-0.034044,0.961503,14:15:04.734000,4.734000000
-0.066350,-0.016957,0.937499,14:15:04.734667,4.734666667
-0.002192,-0.019936,0.963081,14:15:04.735333,4.735333333
0.014523,-0.031099,0.977153,14:15:04.736000,4.736000000
-0.003621,-0.013277,1.005516,14:15:04.736667,4.736666667
0.133676,0.067792,1.024860,14:15:04.737333,4.737333333
0.105445,0.086792,1.016086,14:15:04.738000,4.738000000
-0.003277,-0.029912,0.964662,14:15:04.738667,4.738666667
-0.028084,-0.081433,0.947219,14:15:04.739333,4.739333333
0.004952,-0.060578,0.971561,14:15:04.740000,4.740000000
0.047326,-0.002980,0.988180,14:15:04.740667,4.740666667
0.004910,-0.058491,0.979618,14:15:04.741333,4.741333333
-0.060582,-0.127345,0.968961,14:15:04.742000,4.742000000
-0.105919,-0.103590,0.953446,14:15:04.742667,4.742666667
-0.083685,-0.064174,0.954960,14:15:04.743333,4.743333333
-0.096189,-0.060826,0.967137,14:15:04.744000,4.744000000
-0.096045,-0.062963,0.992553,14:15:04.744667,4.744666667
-0.134405,-0.065910,0.972431,14:15:04.745333,4.745333333
-0.109761,-0.084649,0.968587,14:15:04.746000,4.746000000
-0.084328,-0.022414,1.011821,14:15:04.746667,4.746666667
-0.099975,-0.042633,1.026608,14:15:04.747333,4.747333333
0.043745,0.089260,1.071336,14:15:04.748000,4.748000000
0.014818,-0.006554,1.038190,14:15:04.748667,4.748666667
-0.139520,-0.060136,0.981066,14:15:04.749333,4.749333333
-0.140815,-0.048821,0.952362,14:15:04.750000,4.750000000
-0.063057,-0.003121,0.995603,14:15:04.750667,4.750666667
-0.040834,0.015315,1.010344,14:15:04.751333,4.751333333
-0.057888,0.012209,0.982316,14:15:04.752000,4.752000000
-0.108594,-0.038065,0.994714,14:15:04.752667,4.752666667
-0.150081,-0.036918,0.979316,14:15:04.753333,4.753333333
-0.058996,0.011672,1.007330,14:15:04.754000,4.754000000
-0.076979,0.017665,0.995270,14:15:04.754667,4.754666667
-0.066020,0.023095,1.008222,14:15:04.755333,4.755333333
-0.036674,0.028918,1.008382,14:15:04.756000,4.756000000
-0.012428,0.057547,1.035276,14:15:04.756667,4.756666667
0.065990,0.045461,1.059175,14:15:04.757333,4.757333333
0.068032,0.124667,1.060253,14:15:04.758000,4.758000000
0.213840,0.162798,1.097839,14:15:04.758667,4.758666667
0.132168,0.127227,1.062465,14:15:04.759333,4.759333333
-0.007630,0.049890,1.033862,14:15:04.760000,4.760000000
0.035088,0.075168,1.036493,14:15:04.760667,4.760666667
0.148621,0.134296,1.061021,14:15:04.761333,4.761333333
0.130968,0.086527,1.090398,14:15:04.762000,4.762000000
0.062474,0.039543,0.999705,14:15:04.762667,4.762666667
0.061391,0.009454,1.011219,14:15:04.763333,4.763333333
0.045265,0.035562,0.996110,14:15:04.764000,4.764000000
0.105827,0.052902,1.044357,14:15:04.764667,4.764666667
0.074228,0.033300,1.036790,14:15:04.765333,4.765333333
0.026961,-0.010787,1.020090,14:15:04.766000,4.766000000
0.023949,0.015212,1.010412,14:15:04.766667,4.766666667
0.044834,0.038282,1.024793,14:15:04.767333,4.767333333
0.077818,0.022693,1.031627,14:15:04.768000,4.768000000
0.172631,0.124251,1.050485,14:15:04.768667,4.768666667
0.218697,0.133755,1.053567,14:15:04.769333,4.769333333
0.085236,0.045401,0.989421,14:15:04.770000,4.770000000
-0.002471,-0.038039,0.951107,14:15:04.770667,4.770666667
0.078979,-0.025500,0.965040,14:15:04.771333,4.771333333
0.088402,0.068944,0.998670,14:15:04.772000,4.772000000
0.103697,0.036413,0.996952,14:15:04.772667,4.772666667
0.014218,-0.051119,0.936258,14:15:04.773333,4.773333333
-0.009188,-0.074644,0.929353,14:15:04.774000,4.774000000
0.043737,-0.044824,0.966675,14:15:04.774667,4.774666667
-0.000990,-0.010277,0.985722,14:15:04.775333,4.775333333
-0.008955,-0.029680,0.923521,14:15:04.776000,4.776000000
-0.035149,-0.042055,0.941750,14:15:04.776667,4.776666667
-0.013771,-0.033434,0.969462,14:15:04.777333,4.777333333
-0.011673,-0.004145,1.038482,14:15:04.778000,4.778000000
0.012700,0.002230,0.996325,14:15:04.778667,4.778666667
0.140051,0.059666,1.036807,14:15:04.779333,4.779333333
0.122788,0.053481,1.036988,14:15:04.780000,4.780000000
0.013011,-0.014904,0.972271,14:15:04.780667,4.780666667
-0.029504,-0.051496,0.950361,14:15:04.781333,4.781333333
0.026810,-0.035716,1.014862,14:15:04.782000,4.782000000
0.046678,0.008874,1.006572,14:15:04.782667,4.782666667
0.003587,-0.031663,0.967971,14:15:04.783333,4.783333333
-0.053963,-0.097253,0.938383,14:15:04.784000,4.784000000
-0.078607,-0.103186,0.925027,14:15:04.784667,4.784666667
-0.092571,-0.074745,1.007241,14:15:04.785333,4.785333333
-0.076819,-0.075452,0.982713,14:15:04.786000,4.786000000
-0.114946,-0.111263,0.974583,14:15:04.786667,4.786666667
-0.137174,-0.105345,0.987102,14:15:04.787333,4.787333333
-0.117436,-0.050804,1.012196,14:15:04.788000,4.788000000
-0.080457,-0.059810,1.029086,14:15:04.788667,4.788666667
-0.124619,-0.012745,1.004914,14:15:04.789333,4.789333333
0.052461,0.056817,1.086003,14:15:04.790000,4.790000000
0.006410,0.018178,1.052496,14:15:04.790667,4.790666667
-0.092368,-0.037610,1.024701,14:15:04.791333,4.791333333
-0.151835,-0.082168,0.985066,14:15:04.792000,4.792000000
-0.088344,-0.046799,1.016047,14:15:04.792667,4.792666667
0.013847,0.037681,1.016164,14:15:04.793333,4.793333333
-0.049999,-0.001020,0.975834,14:15:04.794000,4.794000000
-0.102193,-0.035844,0.990814,14:15:04.794667,4.794666667
-0.121134,-0.058282,0.960289,14:15:04.795333,4.795333333
-0.084605,0.006626,0.993287,14:15:04.796000,4.796000000
-0.069665,-0.023393,0.987722,14:15:04.796667,4.796666667
-0.074103,-0.008950,1.009030,14:15:04.797333,4.797333333
-0.050598,0.008657,1.016898,14:15:04.798000,4.798000000
-0.061214,0.009251,1.037972,14:15:04.798667,4.798666667
0.003800,0.077117,1.040410,14:15:04.799333,4.799333333
0.020332,0.082112,1.079731,14:15:04.800000,4.800000000
0.218990,0.193130,1.138132,14:15:04.800667,4.800666667
0.106658,0.132202,1.078329,14:15:04.801333,4.801333333
0.006601,0.061585,1.010851,14:15:04.802000,4.802000000
0.049428,0.053707,1.056212,14:15:04.802667,4.802666667
0.141051,0.118620,1.045368,14:15:04.803333,4.803333333
0.141128,0.100094,1.065467,14:15:04.804000,4.804000000
0.083960,0.059236,1.047840,14:15:04.804667,4.804666667
0.053186,0.032391,1.003441,14:15:04.805333,4.805333333
0.050433,0.047258,1.013925,14:15:04.806000,4.806000000
0.059148,0.050675,1.049236,14:15:04.806667,4.806666667
0.053316,0.016334,1.035313,14:15:04.807333,4.807333333
0.054966,0.035446,1.002224,14:15:04.808000,4.808000000
0.035101,-0.008717,1.007528,14:15:04.808667,4.808666667
0.065625,0.065248,1.017395,14:15:04.809333,4.809333333
0.088609,0.054814,1.011572,14:15:04.810000,4.810000000
0.123162,0.074199,1.037233,14:15:04.810667,4.810666667
0.208247,0.113124,1.101075,14:15:04.811333,4.811333333
0.128967,0.051627,1.011885,14:15:04.812000,4.812000000
-0.030840,-0.023523,0.954909,14:15:04.812667,4.812666667
0.060152,-0.002755,0.983487,14:15:04.813333,4.813333333
0.121350,0.065284,0.984509,14:15:04.814000,4.814000000
0.108580,0.036913,0.980404,14:15:04.814667,4.814666667
0.023263,-0.045973,0.961270,14:15:04.815333,4.815333333
-0.011673,-0.035409,0.973929,14:15:04.816000,4.816000000
0.006240,-0.055576,0.934732,14:15:04.816667,4.816666667
0.020385,-0.032852,0.943285,14:15:04.817333,4.817333333
0.000042,-0.021253,0.936579,14:15:04.818000,4.818000000
0.001457,-0.048990,0.961583,14:15:04.818667,4.818666667
-0.010033,-0.052208,0.953403,14:15:04.819333,4.819333333
-0.019192,0.003686,0.974154,14:15:04.820000,4.820000000
-0.020223,-0.010874,0.977664,14:15:04.820667,4.820666667
0.078397,0.062024,1.052231,14:15:04.821333,4.821333333
0.181169,0.092148,1.052022,14:15:04.822000,4.822000000
0.022261,0.001438,0.994454,14:15:04.822667,4.822666667
-0.084968,-0.045728,0.962302,14:15:04.823333,4.823333333
0.005687,-0.061597,0.991378,14:15:04.824000,4.824000000
0.060512,0.004409,1.009086,14:15:04.824667,4.824666667
0.009275,-0.007423,0.988998,14:15:04.825333,4.825333333
-0.038968,-0.057608,0.939558,14:15:04.826000,4.826000000
-0.088883,-0.113951,0.934983,14:15:04.826667,4.826666667
-0.086457,-0.130161,0.962438,14:15:04.827333,4.827333333
-0.065749,-0.066892,0.971045,14:15:04.828000,4.828000000
-0.102926,-0.099021,0.964415,14:15:04.828667,4.828666667
-0.116694,-0.091302,0.979305,14:15:04.829333,4.829333333
-0.108976,-0.101090,1.005155,14:15:04.830000,4.830000000
-0.060337,-0.056315,1.021276,14:15:04.830667,4.830666667
-0.079178,-0.035155,0.988313,14:15:04.831333,4.831333333
0.010967,0.034339,1.051515,14:15:04.832000,4.832000000
0.072262,0.029613,1.055939,14:15:04.832667,4.832666667
-0.113285,-0.047080,0.980163,14:15:04.833333,4.833333333
-0.147740,-0.069496,0.958190,14:15:04.834000,4.834000000
-0.117714,-0.028892,1.006482,14:15:04.834667,4.834666667
-0.020898,0.008439,0.998247,14:15:04.835333,4.835333333
-0.104655,-0.002069,0.999666,14:15:04.836000,4.836000000
-0.119140,-0.059581,0.970902,14:15:04.836667,4.836666667
-0.150519,-0.077326,0.985617,14:15:04.837333,4.837333333
-0.074592,-0.036117,0.994275,14:15:04.838000,4.838000000
-0.102203,0.010081,1.020999,14:15:04.838667,4.838666667
-0.083742,0.020135,0.985599,14:15:04.839333,4.839333333
-0.081422,0.017516,0.997840,14:15:04.840000,4.840000000
-0.075437,0.041928,1.033571,14:15:04.840667,4.840666667
-0.032644,0.049900,1.039740,14:15:04.841333,4.841333333
0.020884,0.088628,1.046066,14:15:04.842000,4.842000000
0.181591,0.166920,1.106390,14:15:04.842667,4.842666667
0.124314,0.141072,1.081171,14:15:04.843333,4.843333333
-0.015637,0.030263,1.030113,14:15:04.844000,4.844000000
0.024191,0.043034,1.028608,14:15:04.844667,4.844666667
0.070914,0.092982,1.077031,14:15:04.845333,4.845333333
0.136191,0.093362,1.045441,14:15:04.846000,4.846000000
0.065391,0.081961,1.048255,14:15:04.846667,4.846666667
0.040862,0.034382,1.013837,14:15:04.847333,4.847333333
0.048304,0.024270,1.007664,14:15:04.848000,4.848000000
0.057362,0.025579,1.051067,14:15:04.848667,4.848666667
0.077299,0.032481,1.017612,14:15:04.849333,4.849333333
0.032143,0.015593,1.041680,14:15:04.850000,4.850000000
0.035733,0.026072,1.019769,14:15:04.850667,4.850666667
0.074082,0.041515,1.016081,14:15:04.851333,4.851333333
0.066667,0.005882,1.019474,14:15:04.852000,4.852000000
0.088267,0.052909,1.041944,14:15:04.852667,4.852666667
0.234422,0.126912,1.107836,14:15:04.853333,4.853333333
0.139469,0.093731,1.060710,14:15:04.854000,4.854000000
0.033223,0.013291,0.959435,14:15:04.854667,4.854666667
0.041282,-0.007264,0.982719,14:15:04.855333,4.855333333
0.122263,0.005454,1.011965,14:15:04.856000,4.856000000
0.143881,0.037095,1.005707,14:15:04.856667,4.856666667
0.025369,-0.029890,0.957978,14:15:04.857333,4.857333333
-0.012032,-0.049362,0.939158,14:15:04.858000,4.858000000
0.020985,-0.051479,0.952525,14:15:04.858667,4.858666667
-0.011850,-0.034981,0.947202,14:15:04.859333,4.859333333
0.011328,-0.028397,0.951328,14:15:04.860000,4.860000000
-0.032844,-0.029938,0.927720,14:15:04.860667,4.860666667
-0.043617,-0.063247,0.948302,14:15:04.861333,4.861333333
0.011738,-0.007622,0.982078,14:15:04.862000,4.862000000
0.020289,0.008128,0.979302,14:15:04.862667,4.862666667
0.049958,0.049858,1.014522,14:15:04.863333,4.863333333
0.173660,0.073854,1.039353,14:15:04.864000,4.864000000
0.050793,0.015363,0.999043,14:15:04.864667,4.864666667
-0.040053,-0.067244,0.961285,14:15:04.865333,4.865333333
-0.008412,-0.021254,0.970896,14:15:04.866000,4.866000000
0.078368,0.024535,1.013082,14:15:04.866667,4.866666667
0.078503,0.019069,0.991558,14:15:04.867333,4.867333333
-0.030986,-0.052403,0.955561,14:15:04.868000,4.868000000
-0.085279,-0.063175,0.925009,14:15:04.868667,4.868666667
-0.064451,-0.048774,0.974050,14:15:04.869333,4.869333333
-0.059622,-0.073737,0.977753,14:15:04.870000,4.870000000
-0.077931,-0.091782,0.956908,14:15:04.870667,4.870666667
-0.075328,-0.085622,0.969517,14:15:04.871333,4.871333333
-0.114500,-0.073736,0.991485,14:15:04.872000,4.872000000
-0.085368,-0.021258,0.999770,14:15:04.872667,4.872666667
-0.072296,-0.049205,1.010763,14:15:04.873333,4.873333333
0.030409,0.031550,1.051297,14:15:04.874000,4.874000000
0.041828,0.052995,1.061747,14:15:04.874667,4.874666667
-0.072313,-0.065247,1.001713,14:15:04.875333,4.875333333
-0.132105,-0.103548,0.954657,14:15:04.876000,4.876000000
-0.080483,-0.051777,0.983558,14:15:04.876667,4.876666667
-0.019120,0.004739,1.007402,14:15:04.877333,4.877333333
-0.077622,-0.020457,0.988248,14:15:04.878000,4.878000000
-0.134127,-0.056159,0.950532,14:15:04.878667,4.878666667
-0.105348,-0.078309,0.951407,14:15:04.879333,4.879333333
-0.117794,-0.047541,0.950492,14:15:04.880000,4.880000000
-0.091770,-0.033907,0.968230,14:15:04.880667,4.880666667
-0.098155,-0.004855,1.006406,14:15:04.881333,4.881333333
-0.107084,-0.021335,0.979212,14:15:04.882000,4.882000000
-0.069823,0.017379,1.020759,14:15:04.882667,4.882666667
-0.018610,0.047595,1.041209,14:15:04.883333,4.883333333
0.005537,0.074470,1.040805,14:15:04.884000,4.884000000
0.108707,0.142420,1.095983,14:15:04.884667,4.884666667
0.126328,0.167201,1.090156,14:15:04.885333,4.885333333
-0.011741,0.068944,1.041290,14:15:04.886000,4.886000000
-0.031828,0.020280,1.022769,14:15:04.886667,4.886666667
0.090308,0.091200,1.061201,14:15:04.887333,4.887333333
0.152621,0.115381,1.070536,14:15:04.888000,4.888000000
0.103312,0.095838,1.049829,14:15:04.888667,4.888666667
0.016052,0.063264,1.013768,14:15:04.889333,4.889333333
0.030000,0.015255,1.000271,14:15:04.890000,4.890000000
0.066729,0.059667,1.019653,14:15:04.890667,4.890666667
0.063068,0.067510,1.038424,14:15:04.891333,4.891333333
0.030615,0.028807,1.008552,14:15:04.892000,4.892000000
0.023468,0.040334,1.018941,14:15:04.892667,4.892666667
0.075053,0.037274,1.044731,14:15:04.893333,4.893333333
0.111421,0.057552,1.041433,14:15:04.894000,4.894000000
0.065342,0.053992,1.055681,14:15:04.894667,4.894666667
0.207487,0.143758,1.100512,14:15:04.895333,4.895333333
0.190374,0.088319,1.071440,14:15:04.896000,4.896000000
0.033237,0.030507,1.000101,14:15:04.896667,4.896666667
0.025572,0.000457,0.969184,14:15:04.897333,4.897333333
0.103287,0.046248,1.004047,14:15:04.898000,4.898000000
0.114159,0.058401,1.026967,14:15:04.898667,4.898666667
0.091657,0.009168,0.998759,14:15:04.899333,4.899333333
-0.024568,-0.044242,0.947595,14:15:04.900000,4.900000000
-0.008627,-0.043934,0.941042,14:15:04.900667,4.900666667
0.027837,-0.021350,0.967994,14:15:04.901333,4.901333333
0.018131,-0.013166,0.920006,14:15:04.902000,4.902000000
-0.020364,-0.056120,0.965910,14:15:04.902667,4.902666667
-0.026566,-0.051801,0.960459,14:15:04.903333,4.903333333
0.028506,0.009244,0.986711,14:15:04.904000,4.904000000
0.033129,-0.002105,0.976616,14:15:04.904667,4.904666667
0.029237,0.011477,0.980476,14:15:04.905333,4.905333333
0.181284,0.096263,1.063390,14:15:04.906000,4.906000000
0.074025,0.030820,1.021161,14:15:04.906667,4.906666667
-0.013473,-0.052636,0.967813,14:15:04.907333,4.907333333
-0.022184,-0.027967,0.956778,14:15:04.908000,4.908000000
0.105236,0.000225,1.001354,14:15:04.908667,4.908666667
0.065609,0.037964,1.006492,14:15:04.909333,4.909333333
-0.022517,-0.037247,0.969308,14:15:04.910000,4.910000000
-0.047757,-0.051752,0.944018,14:15:04.910667,4.910666667
-0.048532,-0.070554,0.979597,14:15:04.911333,4.911333333
-0.058718,-0.054990,0.978177,14:15:04.912000,4.912000000
-0.027956,-0.051484,0.986048,14:15:04.912667,4.912666667
-0.071212,-0.068171,0.951934,14:15:04.913333,4.913333333
-0.051538,-0.096630,0.989599,14:15:04.914000,4.914000000
-0.036301,-0.045746,0.979760,14:15:04.914667,4.914666667
-0.074766,-0.043743,1.001639,14:15:04.915333,4.915333333
-0.010515,0.036972,1.045684,14:15:04.916000,4.916000000
0.049012,0.030007,1.049653,14:15:04.916667,4.916666667
-0.067922,-0.010740,1.025541,14:15:04.917333,4.917333333
-0.151187,-0.067246,0.956248,14:15:04.918000,4.918000000
-0.123405,-0.067500,1.009432,14:15:04.918667,4.918666667
-0.012859,0.023431,1.000410,14:15:04.919333,4.919333333
-0.048496,-0.036307,1.002844,14:15:04.920000,4.920000000
-0.123132,-0.083200,0.990837,14:15:04.920667,4.920666667
-0.118238,-0.079370,0.952758,14:15:04.921333,4.921333333
-0.158824,-0.041345,0.959599,14:15:04.922000,4.922000000
-0.107438,-0.019536,0.989377,14:15:04.922667,4.922666667
-0.144755,-0.049151,0.990339,14:15:04.923333,4.923333333
-0.092449,-0.038194,1.004398,14:15:04.924000,4.924000000
-0.119412,-0.001189,0.975520,14:15:04.924667,4.924666667
-0.071695,0.071082,1.021323,14:15:04.925333,4.925333333
-0.011963,0.056984,1.056452,14:15:04.926000,4.926000000
0.108546,0.131356,1.102927,14:15:04.926667,4.926666667
0.119483,0.163025,1.107850,14:15:04.927333,4.927333333
0.009057,0.083285,1.037810,14:15:04.928000,4.928000000
-0.009509,0.007742,1.001895,14:15:04.928667,4.928666667
0.073630,0.094045,1.052500,14:15:04.929333,4.929333333
0.095548,0.123410,1.069848,14:15:04.930000,4.930000000
0.069797,0.111785,1.041393,14:15:04.930667,4.930666667
0.015191,0.036797,1.036515,14:15:04.931333,4.931333333
0.023402,0.038070,0.998589,14:15:04.932000,4.932000000
0.044053,0.038269,1.049916,14:15:04.932667,4.932666667
0.064335,0.082583,1.035720,14:15:04.933333,4.933333333
0.031076,0.040193,1.046962,14:15:04.934000,4.934000000
0.036583,0.033231,1.030181,14:15:04.934667,4.934666667
0.054437,0.059067,1.049697,14:15:04.935333,4.935333333
0.106939,0.061108,1.037225,14:15:04.936000,4.936000000
0.081105,0.058022,1.039024,14:15:04.936667,4.936666667
0.226583,0.166099,1.085658,14:15:04.937333,4.937333333
0.156571,0.114509,1.087200,14:15:04.938000,4.938000000
0.053465,0.013410,1.024492,14:15:04.938667,4.938666667
0.016222,0.031326,1.005878,14:15:04.939333,4.939333333
0.092586,0.005232,1.011005,14:15:04.940000,4.940000000
0.169691,0.052931,1.008932,14:15:04.940667,4.940666667
0.057874,0.030819,0.986763,14:15:04.941333,4.941333333
0.027167,-0.057978,0.951119,14:15:04.942000,4.942000000
0.008633,-0.031900,0.948868,14:15:04.942667,4.942666667
0.025720,-0.005951,0.962869,14:15:04.943333,4.943333333
0.015089,-0.025450,0.982847,14:15:04.944000,4.944000000
-0.031674,-0.020086,0.937919,14:15:04.944667,4.944666667
-0.020204,-0.031713,0.942846,14:15:04.945333,4.945333333
-0.002547,-0.001348,0.954948,14:15:04.946000,4.946000000
-0.021823,-0.002429,0.980162,14:15:04.946667,4.946666667
-0.001936,0.004706,0.982575,14:15:04.947333,4.947333333
0.165854,0.096275,1.052996,14:15:04.948000,4.948000000
0.090181,0.071439,1.014321,14:15:04.948667,4.948666667
0.014248,-0.040925,0.964852,14:15:04.949333,4.949333333
-0.007360,-0.033405,0.971165,14:15:04.950000,4.950000000
0.038955,0.008186,0.971629,14:15:04.950667,4.950666667
0.101079,0.019004,0.949869,14:15:04.951333,4.951333333
0.017912,-0.015670,0.956429,14:15:04.952000,4.952000000
-0.034272,-0.084682,0.941080,14:15:04.952667,4.952666667
-0.034464,-0.042041,0.962005,14:15:04.953333,4.953333333
-0.050853,-0.083954,0.966795,14:15:04.954000,4.954000000
-0.069954,-0.039874,0.967508,14:15:04.954667,4.954666667
-0.093635,-0.069433,0.969369,14:15:04.955333,4.955333333
-0.081698,-0.061137,0.986814,14:15:04.956000,4.956000000
-0.068502,-0.053518,0.993820,14:15:04.956667,4.956666667
-0.052806,-0.055703,0.998415,14:15:04.957333,4.957333333
-0.035704,-0.008756,1.019812,14:15:04.958000,4.958000000
0.104994,0.040556,1.052063,14:15:04.958667,4.958666667
-0.056587,-0.023131,1.030244,14:15:04.959333,4.959333333
-0.095616,-0.081453,0.960993,14:15:04.960000,4.960000000
-0.100533,-0.064121,0.982052,14:15:04.960667,4.960666667
-0.056119,-0.034252,1.019652,14:15:04.961333,4.961333333
-0.027694,-0.025316,1.022035,14:15:04.962000,4.962000000
-0.104507,-0.032218,0.949658,14:15:04.962667,4.962666667
-0.177359,-0.066983,0.949446,14:15:04.963333,4.963333333
-0.115359,-0.075684,0.968984,14:15:04.964000,4.964000000
-0.112764,-0.057676,0.980524,14:15:04.964667,4.964666667
-0.134081,-0.002078,0.995459,14:15:04.965333,4.965333333
-0.116194,-0.065024,0.992414,14:15:04.966000,4.966000000
-0.116501,-0.016983,1.017971,14:15:04.966667,4.966666667
-0.087690,0.029427,1.020660,14:15:04.967333,4.967333333
-0.056105,0.059137,1.045691,14:15:04.968000,4.968000000
0.034084,0.108280,1.084888,14:15:04.968667,4.968666667
0.101996,0.151462,1.103582,14:15:04.969333,4.969333333
0.026742,0.109512,1.073386,14:15:04.970000,4.970000000
-0.023327,0.017735,0.993328,14:15:04.970667,4.970666667
0.009374,0.029863,1.035913,14:15:04.971333,4.971333333
0.097483,0.134007,1.057275,14:15:04.972000,4.972000000
0.089808,0.090169,1.051521,14:15:04.972667,4.972666667
0.043155,0.062803,1.040989,14:15:04.973333,4.973333333
-0.000968,-0.000594,0.996909,14:15:04.974000,4.974000000
0.046995,0.035652,1.006275,14:15:04.974667,4.974666667
0.054965,0.056156,1.016999,14:15:04.975333,4.975333333
0.040448,0.072947,1.022941,14:15:04.976000,4.976000000
0.000499,0.018944,1.041944,14:15:04.976667,4.976666667
0.037383,0.043436,1.037388,14:15:04.977333,4.977333333
0.086550,0.052774,1.053505,14:15:04.978000,4.978000000
0.083178,0.023843,1.055947,14:15:04.978667,4.978666667
0.203849,0.125409,1.102734,14:15:04.979333,4.979333333
0.212937,0.146927,1.080528,14:15:04.980000,4.980000000
0.089704,0.044340,1.046291,14:15:04.980667,4.980666667
0.058228,-0.016637,1.008605,14:15:04.981333,4.981333333
0.063538,0.033257,0.993096,14:15:04.982000,4.982000000
0.106414,0.060074,1.030469,14:15:04.982667,4.982666667
0.080293,0.047577,1.007845,14:15:04.983333,4.983333333
0.024102,-0.026942,0.954675,14:15:04.984000,4.984000000
0.034460,-0.070807,0.969276,14:15:04.984667,4.984666667
0.035988,-0.034717,0.972226,14:15:04.985333,4.985333333
0.040103,-0.036926,0.976564,14:15:04.986000,4.986000000
0.016311,-0.025336,0.938486,14:15:04.986667,4.986666667
-0.016344,-0.013822,0.965947,14:15:04.987333,4.987333333
-0.023305,-0.004870,0.943552,14:15:04.988000,4.988000000
0.021240,0.018201,1.004698,14:15:04.988667,4.988666667
0.069242,0.019637,0.999092,14:15:04.989333,4.989333333
0.186866,0.085849,1.042709,14:15:04.990000,4.990000000
0.151340,0.078140,1.004336,14:15:04.990667,4.990666667
0.040796,-0.042338,0.978563,14:15:04.991333,4.991333333
-0.040643,-0.046242,0.969071,14:15:04.992000,4.992000000
0.056558,-0.012053,0.980623,14:15:04.992667,4.992666667
0.107630,0.044555,0.980582,14:15:04.993333,4.993333333
0.027970,-0.034787,0.976151,14:15:04.994000,4.994000000
-0.063325,-0.069207,0.922501,14:15:04.994667,4.994666667
-0.050997,-0.047423,0.950586,14:15:04.995333,4.995333333
-0.012034,-0.064563,0.968749,14:15:04.996000,4.996000000
-0.040178,-0.048388,0.956997,14:15:04.996667,4.996666667
-0.036222,-0.042172,0.952757,14:15:04.997333,4.997333333
-0.068880,-0.057751,0.964956,14:15:04.998000,4.998000000
-0.090500,-0.057525,0.975748,14:15:04.998667,4.998666667
-0.063764,-0.031373,1.010800,14:15:04.999333,4.999333333
-0.033262,-0.048706,1.024520,14:15:05.000000,5.000000000
0.099709,0.069142,1.060852,14:15:05.000667,5.000666667
0.026432,0.011761,1.041503,14:15:05.001333,5.001333333
-0.103151,-0.116846,0.955152,14:15:05.002000,5.002000000
-0.092842,-0.103112,0.978020,14:15:05.002667,5.002666667
-0.052163,-0.028781,0.998247,14:15:05.003333,5.003333333
-0.055205,-0.017739,1.008386,14:15:05.004000,5.004000000
-0.098017,-0.075320,0.983853,14:15:05.004667,5.004666667
-0.115144,-0.073247,0.947850,14:15:05.005333,5.005333333
-0.154215,-0.111769,0.968940,14:15:05.006000,5.006000000
-0.106853,-0.067656,0.967255,14:15:05.006667,5.006666667
-0.127559,-0.039607,1.014905,14:15:05.007333,5.007333333
-0.150679,-0.032271,0.980641,14:15:05.008000,5.008000000
-0.128950,-0.037780,1.009157,14:15:05.008667,5.008666667
-0.109769,-0.007802,0.998172,14:15:05.009333,5.009333333
-0.082301,0.013061,1.043199,14:15:05.010000,5.010000000
-0.018834,0.053461,1.067116,14:15:05.010667,5.010666667
0.090452,0.119214,1.097447,14:15:05.011333,5.011333333
0.016566,0.071100,1.053289,14:15:05.012000,5.012000000
-0.041798,0.017784,0.994085,14:15:05.012667,5.012666667
-0.018927,0.043067,1.019184,14:15:05.013333,5.013333333
0.104884,0.077171,1.056492,14:15:05.014000,5.014000000
0.086412,0.074313,1.044507,14:15:05.014667,5.014666667
0.013930,0.060198,1.016321,14:15:05.015333,5.015333333
-0.025869,0.035607,1.009559,14:15:05.016000,5.016000000
0.025179,0.074628,1.039883,14:15:05.016667,5.016666667
0.083493,0.064959,1.049900,14:15:05.017333,5.017333333
0.022532,0.031926,1.022254,14:15:05.018000,5.018000000
-0.003410,0.061344,1.014448,14:15:05.018667,5.018666667
0.031567,0.076844,1.050858,14:15:05.019333,5.019333333
0.082980,0.072690,1.048666,14:15:05.020000,5.020000000
0.103679,0.086217,1.045087,14:15:05.020667,5.020666667
0.177432,0.139663,1.079107,14:15:05.021333,5.021333333
0.227469,0.162871,1.114375,14:15:05.022000,5.022000000
0.122340,0.054711,1.061436,14:15:05.022667,5.022666667
0.008676,0.028613,1.013030,14:15:05.023333,5.023333333
0.091456,0.048131,1.005585,14:15:05.024000,5.024000000
0.132158,0.058789,1.043279,14:15:05.024667,5.024666667
0.112330,0.016673,0.981566,14:15:05.025333,5.025333333
0.031182,-0.018339,0.975636,14:15:05.026000,5.026000000
0.015165,-0.083810,0.979061,14:15:05.026667,5.026666667
0.014574,-0.018179,0.982519,14:15:05.027333,5.027333333
0.025292,-0.045798,0.963462,14:15:05.028000,5.028000000
0.008812,-0.003446,0.944711,14:15:05.028667,5.028666667
-0.045005,-0.038409,0.960883,14:15:05.029333,5.029333333
-0.001162,-0.002961,0.982945,14:15:05.030000,5.030000000
0.019391,-0.030446,0.980840,14:15:05.030667,5.030666667
0.015367,0.014842,0.995942,14:15:05.031333,5.031333333
0.171035,0.090871,1.032132,14:15:05.032000,5.032000000
0.132512,0.073235,1.037108,14:15:05.032667,5.032666667
0.021696,-0.020475,0.955420,14:15:05.033333,5.033333333
-0.022007,-0.065906,0.931444,14:15:05.034000,5.034000000
0.041955,-0.022309,1.001315,14:15:05.034667,5.034666667
0.115297,0.036751,0.988317,14:15:05.035333,5.035333333
0.054022,-0.047602,0.961785,14:15:05.036000,5.036000000
-0.056922,-0.063833,0.937861,14:15:05.036667,5.036666667
-0.035225,-0.067876,0.939613,14:15:05.037333,5.037333333
-0.049452,-0.049839,0.953182,14:15:05.038000,5.038000000
0.005653,-0.052325,0.978075,14:15:05.038667,5.038666667
-0.052093,-0.063367,0.950982,14:15:05.039333,5.039333333
-0.068526,-0.063364,0.978114,14:15:05.040000,5.040000000
-0.086844,-0.036138,0.973510,14:15:05.040667,5.040666667
-0.052293,-0.034079,0.981433,14:15:05.041333,5.041333333
-0.050749,-0.028291,0.974492,14:15:05.042000,5.042000000
0.127490,0.045714,1.055440,14:15:05.042667,5.042666667
0.051781,0.022485,1.050928,14:15:05.043333,5.043333333
-0.083469,-0.058063,0.990084,14:15:05.044000,5.044000000
-0.121745,-0.074321,0.960566,14:15:05.044667,5.044666667
-0.020529,-0.035633,1.020467,14:15:05.045333,5.045333333
0.001276,0.013059,0.997696,14:15:05.046000,5.046000000
-0.057583,-0.068951,0.988785,14:15:05.046667,5.046666667
-0.131547,-0.099209,0.970849,14:15:05.047333,5.047333333
-0.128010,-0.082319,0.952360,14:15:05.048000,5.048000000
-0.138030,-0.070308,0.989424,14:15:05.048667,5.048666667
-0.097981,-0.048470,0.981539,14:15:05.049333,5.049333333
-0.131038,-0.048766,0.997806,14:15:05.050000,5.050000000
-0.130984,-0.063401,0.987906,14:15:05.050667,5.050666667
-0.117586,-0.003248,0.996817,14:15:05.051333,5.051333333
-0.085795,0.008877,1.014860,14:15:05.052000,5.052000000
-0.029524,0.035306,1.012287,14:15:05.052667,5.052666667
0.067717,0.143898,1.104157,14:15:05.053333,5.053333333
0.042062,0.054313,1.052161,14:15:05.054000,5.054000000
-0.056172,0.015266,0.967354,14:15:05.054667,5.054666667
-0.037641,0.031393,1.005938,14:15:05.055333,5.055333333
0.030910,0.101925,1.034533,14:15:05.056000,5.056000000
0.054961,0.093282,1.049471,14:15:05.056667,5.056666667
0.025513,0.036940,1.025148,14:15:05.057333,5.057333333
-0.009562,0.019088,0.996397,14:15:05.058000,5.058000000
-0.014354,0.030299,1.017861,14:15:05.058667,5.058666667
0.038435,0.066259,1.046498,14:15:05.059333,5.059333333
0.017805,0.048240,1.040102,14:15:05.060000,5.060000000
0.001315,0.051346,1.066397,14:15:05.060667,5.060666667
0.016488,0.067537,1.053492,14:15:05.061333,5.061333333
0.068582,0.071166,1.067084,14:15:05.062000,5.062000000
0.074823,0.093747,1.064988,14:15:05.062667,5.062666667
0.149281,0.143730,1.081376,14:15:05.063333,5.063333333
0.215290,0.189171,1.138799,14:15:05.064000,5.064000000
0.145106,0.092392,1.041242,14:15:05.064667,5.064666667
0.009484,0.021331,0.993418,14:15:05.065333,5.065333333
0.084076,0.049344,1.019686,14:15:05.066000,5.066000000
0.160555,0.075617,1.055710,14:15:05.066667,5.066666667
0.129323,0.046572,1.011666,14:15:05.067333,5.067333333
0.090892,-0.003224,0.982066,14:15:05.068000,5.068000000
0.025343,-0.029720,0.949127,14:15:05.068667,5.068666667
0.021024,0.003971,0.962753,14:15:05.069333,5.069333333
0.067908,0.013581,0.988857,14:15:05.070000,5.070000000
0.034703,-0.020949,0.995512,14:15:05.070667,5.070666667
-0.037762,-0.013361,0.961666,14:15:05.071333,5.071333333
0.017509,-0.002166,0.975907,14:15:05.072000,5.072000000
-0.009856,-0.008876,0.982272,14:15:05.072667,5.072666667
0.080202,0.031253,0.986852,14:15:05.073333,5.073333333
0.101363,0.089556,1.005640,14:15:05.074000,5.074000000
0.148749,0.074376,1.041541,14:15:05.074667,5.074666667
0.075714,0.003239,0.971016,14:15:05.075333,5.075333333
-0.032317,-0.038350,0.911862,14:15:05.076000,5.076000000
0.057550,-0.000778,0.980967,14:15:05.076667,5.076666667
0.106664,0.023340,0.971689,14:15:05.077333,5.077333333
0.090450,0.014271,0.959377,14:15:05.078000,5.078000000
-0.034432,-0.049215,0.960068,14:15:05.078667,5.078666667
-0.034862,-0.087988,0.896278,14:15:05.079333,5.079333333
0.000749,-0.086434,0.950802,14:15:05.080000,5.080000000
-0.034590,-0.035600,0.960323,14:15:05.080667,5.080666667
-0.041452,-0.046505,0.980090,14:15:05.081333,5.081333333
-0.068922,-0.066856,0.968247,14:15:05.082000,5.082000000
-0.056363,-0.048930,0.972669,14:15:05.082667,5.082666667
-0.041461,-0.045041,1.010613,14:15:05.083333,5.083333333
-0.013314,-0.009337,0.996858,14:15:05.084000,5.084000000
0.076090,0.046061,1.056049,14:15:05.084667,5.084666667
0.058838,0.054856,1.053820,14:15:05.085333,5.085333333
-0.070235,-0.045929,0.977198,14:15:05.086000,5.086000000
-0.121449,-0.073053,0.981971,14:15:05.086667,5.086666667
-0.060638,-0.023074,0.990433,14:15:05.087333,5.087333333
0.020486,-0.009577,1.010169,14:15:05.088000,5.088000000
-0.017568,-0.074340,0.981822,14:15:05.088667,5.088666667
-0.109487,-0.090421,0.977934,14:15:05.089333,5.089333333
-0.123371,-0.103897,0.967807,14:15:05.090000,5.090000000
-0.122654,-0.071900,0.973794,14:15:05.090667,5.090666667
-0.118521,-0.064591,0.972286,14:15:05.091333,5.091333333
-0.140383,-0.064295,0.988400,14:15:05.092000,5.092000000
-0.165756,-0.042706,0.994565,14:15:05.092667,5.092666667
-0.138648,-0.061999,1.010227,14:15:05.093333,5.093333333
-0.081524,-0.032565,0.995450,14:15:05.094000,5.094000000
-0.032687,0.001778,1.022955,14:15:05.094667,5.094666667
0.079294,0.126081,1.081163,14:15:05.095333,5.095333333
0.014087,0.090986,1.046257,14:15:05.096000,5.096000000
-0.063368,0.024620,1.005583,14:15:05.096667,5.096666667
-0.065414,0.003567,1.011727,14:15:05.097333,5.097333333
0.034946,0.058369,1.025389,14:15:05.098000,5.098000000
0.037487,0.076753,1.057837,14:15:05.098667,5.098666667
0.019468,0.042607,1.011365,14:15:05.099333,5.099333333
-0.050149,0.013146,1.016251,14:15:05.100000,5.100000000
-0.036414,-0.002921,1.016568,14:15:05.100667,5.100666667
0.023424,0.022404,1.037815,14:15:05.101333,5.101333333
0.039412,0.059725,1.033350,14:15:05.102000,5.102000000
0.037736,0.070751,1.031608,14:15:05.102667,5.102666667
0.026987,0.005039,1.026827,14:15:05.103333,5.103333333
0.033994,0.068948,1.051559,14:15:05.104000,5.104000000
0.083498,0.064744,1.071697,14:15:05.104667,5.104666667
0.108143,0.093809,1.090422,14:15:05.105333,5.105333333
0.252679,0.194085,1.121498,14:15:05.106000,5.106000000
0.135011,0.108076,1.090102,14:15:05.106667,5.106666667
0.057336,0.012158,1.001346,14:15:05.107333,5.107333333
0.069865,0.044257,0.992998,14:15:05.108000,5.108000000
0.137755,0.081078,1.038459,14:15:05.108667,5.108666667
0.145887,0.089354,1.042418,14:15:05.109333,5.109333333
0.066086,0.022116,1.029287,14:15:05.110000,5.110000000
-0.000124,-0.009968,0.959278,14:15:05.110667,5.110666667
0.015978,-0.026397,0.981200,14:15:05.111333,5.111333333
0.032151,-0.034193,0.974485,14:15:05.112000,5.112000000
0.045869,-0.018158,0.974958,14:15:05.112667,5.112666667
-0.013040,-0.033170,0.980843,14:15:05.113333,5.113333333
0.014968,-0.043181,1.009094,14:15:05.114000,5.114000000
0.050201,-0.004444,0.987480,14:15:05.114667,5.114666667
0.026696,0.001657,0.988427,14:15:05.115333,5.115333333
0.117004,0.052644,1.010091,14:15:05.116000,5.116000000
0.176505,0.085501,1.032920,14:15:05.116667,5.116666667
0.073368,0.041175,1.002859,14:15:05.117333,5.117333333
-0.013206,-0.071216,0.932839,14:15:05.118000,5.118000000
0.000435,-0.021015,0.960244,14:15:05.118667,5.118666667
0.078207,0.027310,0.955976,14:15:05.119333,5.119333333
0.079348,-0.012397,0.980618,14:15:05.120000,5.120000000
0.001679,-0.040084,0.963767,14:15:05.120667,5.120666667
-0.034498,-0.035267,0.940270,14:15:05.121333,5.121333333
-0.006232,-0.046416,0.949752,14:15:05.122000,5.122000000
0.004217,-0.039344,0.960732,14:15:05.122667,5.122666667
-0.023035,-0.041744,0.968069,14:15:05.123333,5.123333333
-0.031696,-0.074431,0.956537,14:15:05.124000,5.124000000
-0.105633,-0.032739,0.976774,14:15:05.124667,5.124666667
-0.014824,-0.040521,1.001422,14:15:05.125333,5.125333333
0.009852,-0.034396,1.012148,14:15:05.126000,5.126000000
0.119699,0.056127,1.045346,14:15:05.126667,5.126666667
0.073237,0.064316,1.045022,14:15:05.127333,5.127333333
-0.012121,-0.017190,0.980011,14:15:05.128000,5.128000000
-0.092742,-0.053440,0.981545,14:15:05.128667,5.128666667
-0.049817,-0.044672,0.979478,14:15:05.129333,5.129333333
0.044309,-0.040850,0.992291,14:15:05.130000,5.130000000
-0.029433,-0.044233,0.981888,14:15:05.130667,5.130666667
-0.097803,-0.104100,0.997603,14:15:05.131333,5.131333333
-0.150724,-0.128778,0.981911,14:15:05.132000,5.132000000
-0.119818,-0.079673,0.985216,14:15:05.132667,5.132666667
-0.088648,-0.082288,0.974064,14:15:05.133333,5.133333333
-0.126671,-0.082675,0.997650,14:15:05.134000,5.134000000
-0.115791,-0.080162,0.989019,14:15:05.134667,5.134666667
-0.114434,-0.009567,0.984091,14:15:05.135333,5.135333333
-0.095752,-0.013807,1.023782,14:15:05.136000,5.136000000
-0.079143,0.014032,1.036618,14:15:05.136667,5.136666667
0.066482,0.078352,1.061126,14:15:05.137333,5.137333333
0.039714,0.088726,1.076537,14:15:05.138000,5.138000000
-0.083782,-0.009088,1.014114,14:15:05.138667,5.138666667
-0.083342,-0.012495,1.008406,14:15:05.139333,5.139333333
0.003893,0.031621,1.041155,14:15:05.140000,5.140000000
0.034663,0.065247,1.052819,14:15:05.140667,5.140666667
-0.008522,0.041426,1.010887,14:15:05.141333,5.141333333
-0.045128,-0.006694,0.999932,14:15:05.142000,5.142000000
-0.009799,0.057312,0.981617,14:15:05.142667,5.142666667
0.003864,0.038397,1.039386,14:15:05.143333,5.143333333
0.012355,0.039819,1.011788,14:15:05.144000,5.144000000
0.010965,0.029869,1.031442,14:15:05.144667,5.144666667
-0.000300,0.039805,1.010593,14:15:05.145333,5.145333333
0.036537,0.062684,1.046547,14:15:05.146000,5.146000000
0.095640,0.089401,1.072300,14:15:05.146667,5.146666667
0.082295,0.084046,1.073054,14:15:05.147333,5.147333333
0.215905,0.167172,1.126959,14:15:05.148000,5.148000000
0.169955,0.151739,1.055636,14:15:05.148667,5.148666667
0.047522,0.056230,1.023520,14:15:05.149333,5.149333333
0.052422,0.017010,1.020234,14:15:05.150000,5.150000000
0.141752,0.071029,1.076829,14:15:05.150667,5.150666667
0.140123,0.085328,1.030084,14:15:05.151333,5.151333333
0.062017,0.044887,0.997462,14:15:05.152000,5.152000000
0.022153,0.009250,0.995270,14:15:05.152667,5.152666667
0.030884,-0.013631,0.953921,14:15:05.153333,5.153333333
0.040002,0.028016,0.982783,14:15:05.154000,5.154000000
0.035739,0.014042,1.003983,14:15:05.154667,5.154666667
0.018122,-0.002598,0.964140,14:15:05.155333,5.155333333
0.002199,-0.030080,0.973470,14:15:05.156000,5.156000000
0.023612,-0.005602,0.983700,14:15:05.156667,5.156666667
0.045074,0.012758,0.999207,14:15:05.157333,5.157333333
0.051138,0.020281,1.003548,14:15:05.158000,5.158000000
0.169195,0.110915,1.055297,14:15:05.158667,5.158666667
0.098747,0.023749,1.016314,14:15:05.159333,5.159333333
-0.026347,-0.042169,0.977351,14:15:05.160000,5.160000000
0.069046,-0.017755,0.965246,14:15:05.160667,5.160666667
0.082947,0.030940,0.965151,14:15:05.161333,5.161333333
0.078057,0.031174,0.982716,14:15:05.162000,5.162000000
0.033371,0.000043,0.958927,14:15:05.162667,5.162666667
-0.029457,-0.054870,0.912366,14:15:05.163333,5.163333333
-0.010058,-0.039739,0.928215,14:15:05.164000,5.164000000
-0.035298,-0.040274,0.953877,14:15:05.164667,5.164666667
-0.013523,-0.052215,0.955171,14:15:05.165333,5.165333333
-0.038555,-0.042012,0.963842,14:15:05.166000,5.166000000
-0.039554,-0.061634,0.964871,14:15:05.166667,5.166666667
-0.053342,-0.023795,0.989352,14:15:05.167333,5.167333333
-0.009167,-0.000457,1.005373,14:15:05.168000,5.168000000
0.055497,0.024586,1.038952,14:15:05.168667,5.168666667
0.158359,0.090460,1.063885,14:15:05.169333,5.169333333
-0.043457,-0.021722,1.014204,14:15:05.170000,5.170000000
-0.117363,-0.044942,0.975492,14:15:05.170667,5.170666667
-0.046048,-0.057255,0.994165,14:15:05.171333,5.171333333
0.025038,-0.014772,1.014805,14:15:05.172000,5.172000000
-0.015668,-0.051553,1.000141,14:15:05.172667,5.172666667
-0.074240,-0.070023,0.947453,14:15:05.173333,5.173333333
-0.139827,-0.066362,0.953553,14:15:05.174000,5.174000000
-0.123694,-0.089839,0.975650,14:15:05.174667,5.174666667
-0.068972,-0.052157,0.965708,14:15:05.175333,5.175333333
-0.119942,-0.083097,0.965464,14:15:05.176000,5.176000000
-0.175443,-0.053589,0.986151,14:15:05.176667,5.176666667
-0.159184,-0.093603,0.999683,14:15:05.177333,5.177333333
-0.130230,-0.025393,1.026390,14:15:05.178000,5.178000000
-0.057978,0.001229,1.016305,14:15:05.178667,5.178666667
0.029659,0.099482,1.070713,14:15:05.179333,5.179333333
0.055718,0.102300,1.072968,14:15:05.180000,5.180000000
-0.063365,0.017679,1.016093,14:15:05.180667,5.180666667
-0.100569,-0.018769,0.955334,14:15:05.181333,5.181333333
-0.039514,0.054214,1.002218,14:15:05.182000,5.182000000
0.046901,0.077849,1.032571,14:15:05.182667,5.182666667
-0.008770,0.068486,1.029291,14:15:05.183333,5.183333333
-0.057126,0.005549,1.002489,14:15:05.184000,5.184000000
-0.078354,-0.016993,0.999804,14:15:05.184667,5.184666667
-0.012422,-0.019209,1.025928,14:15:05.185333,5.185333333
-0.001841,0.006393,1.023435,14:15:05.186000,5.186000000
-0.018912,0.043100,1.034886,14:15:05.186667,5.186666667
-0.027892,0.078848,1.014106,14:15:05.187333,5.187333333
0.015460,0.055701,1.050351,14:15:05.188000,5.188000000
0.062887,0.092575,1.085458,14:15:05.188667,5.188666667
0.101202,0.076405,1.067400,14:15:05.189333,5.189333333
0.240479,0.144519,1.150302,14:15:05.190000,5.190000000
0.161613,0.177429,1.082246,14:15:05.190667,5.190666667
0.049878,0.043439,1.035673,14:15:05.191333,5.191333333
0.039982,0.029376,1.025250,14:15:05.192000,5.192000000
0.150229,0.070142,1.038654,14:15:05.192667,5.192666667
0.190346,0.088879,1.050519,14:15:05.193333,5.193333333
0.119200,0.048584,1.015822,14:15:05.194000,5.194000000
0.047518,-0.011182,1.001840,14:15:05.194667,5.194666667
0.026604,-0.004362,0.992743,14:15:05.195333,5.195333333
0.053716,0.014413,0.990091,14:15:05.196000,5.196000000
0.065734,-0.015577,0.994821,14:15:05.196667,5.196666667
0.031190,0.007040,0.995800,14:15:05.197333,5.197333333
-0.001390,0.018671,1.002782,14:15:05.198000,5.198000000
0.004548,-0.018214,0.990344,14:15:05.198667,5.198666667
0.012764,-0.020511,0.999370,14:15:05.199333,5.199333333
0.052897,0.014207,1.009367,14:15:05.200000,5.200000000
0.189087,0.115813,1.059386,14:15:05.200667,5.200666667
0.117602,0.074156,1.022181,14:15:05.201333,5.201333333
0.002462,-0.044758,0.945172,14:15:05.202000,5.202000000
0.024972,-0.029581,0.980081,14:15:05.202667,5.202666667
0.089978,0.050796,0.986542,14:15:05.203333,5.203333333
0.095715,0.011495,0.973388,14:15:05.204000,5.204000000
0.036929,-0.016104,0.937589,14:15:05.204667,5.204666667
-0.042414,-0.061624,0.948924,14:15:05.205333,5.205333333
-0.019504,-0.044330,0.925836,14:15:05.206000,5.206000000
-0.010777,-0.037585,0.959585,14:15:05.206667,5.206666667
-0.020514,-0.053520,0.961791,14:15:05.207333,5.207333333
-0.046229,-0.037287,0.937494,14:15:05.208000,5.208000000
-0.049093,-0.063609,0.968146,14:15:05.208667,5.208666667
-0.044083,-0.038289,0.982317,14:15:05.209333,5.209333333
0.011367,-0.026474,0.991069,14:15:05.210000,5.210000000
0.007716,0.013136,1.019343,14:15:05.210667,5.210666667
0.135889,0.076716,1.035897,14:15:05.211333,5.211333333
0.002376,-0.031351,1.006780,14:15:05.212000,5.212000000
-0.075625,-0.091507,0.947957,14:15:05.212667,5.212666667
-0.068622,-0.053788,0.988025,14:15:05.213333,5.213333333
0.013728,-0.017001,1.001831,14:15:05.214000,5.214000000
0.030226,-0.051899,0.978615,14:15:05.214667,5.214666667
-0.088396,-0.093623,0.944528,14:15:05.215333,5.215333333
-0.103566,-0.107847,0.935966,14:15:05.216000,5.216000000
-0.111858,-0.072404,0.939112,14:15:05.216667,5.216666667
-0.076459,-0.063393,0.959556,14:15:05.217333,5.217333333
-0.106973,-0.052136,0.971012,14:15:05.218000,5.218000000
-0.081466,-0.055873,0.976509,14:15:05.218667,5.218666667
-0.126600,-0.031178,0.984197,14:15:05.219333,5.219333333
-0.115108,-0.022662,0.964937,14:15:05.220000,5.220000000
-0.078446,-0.014478,1.013006,14:15:05.220667,5.220666667
-0.031347,0.022584,1.037202,14:15:05.221333,5.221333333
0.070932,0.092998,1.095051,14:15:05.222000,5.222000000
-0.058287,0.010733,1.015447,14:15:05.222667,5.222666667
-0.140298,-0.045086,0.988325,14:15:05.223333,5.223333333
-0.073152,0.019614,1.024314,14:15:05.224000,5.224000000
0.019176,0.069598,1.022824,14:15:05.224667,5.224666667
0.012479,0.053495,1.012970,14:15:05.225333,5.225333333
-0.055238,-0.021367,0.972028,14:15:05.226000,5.226000000
-0.081646,-0.015838,0.984429,14:15:05.226667,5.226666667
-0.040693,0.034339,1.028743,14:15:05.227333,5.227333333
-0.005760,0.028926,1.009622,14:15:05.228000,5.228000000
-0.046700,0.071201,1.017967,14:15:05.228667,5.228666667
-0.052921,0.059815,1.034525,14:15:05.229333,5.229333333
-0.014441,0.055933,1.055111,14:15:05.230000,5.230000000
0.023439,0.082741,1.074911,14:15:05.230667,5.230666667
0.059191,0.103364,1.058295,14:15:05.231333,5.231333333
0.210468,0.170367,1.110728,14:15:05.232000,5.232000000
0.206503,0.134493,1.093434,14:15:05.232667,5.232666667
0.069337,0.060809,1.036769,14:15:05.233333,5.233333333
0.023262,0.045696,1.015608,14:15:05.234000,5.234000000
0.112782,0.061419,1.057354,14:15:05.234667,5.234666667
0.140698,0.097552,1.088857,14:15:05.235333,5.235333333
0.094299,0.071279,1.028590,14:15:05.236000,5.236000000
0.050790,0.025140,1.007211,14:15:05.236667,5.236666667
0.007620,0.003090,1.000596,14:15:05.237333,5.237333333
0.013543,0.006270,1.001558,14:15:05.238000,5.238000000
0.064335,0.009592,0.992382,14:15:05.238667,5.238666667
-0.002929,-0.005985,0.997447,14:15:05.239333,5.239333333
0.006658,-0.015322,0.972242,14:15:05.240000,5.240000000
0.025890,0.015047,0.998306,14:15:05.240667,5.240666667
0.069280,0.058347,1.002525,14:15:05.241333,5.241333333
0.071933,0.022692,1.014031,14:15:05.242000,5.242000000
0.213741,0.098919,1.065864,14:15:05.242667,5.242666667
0.169344,0.070533,1.037614,14:15:05.243333,5.243333333
0.006445,-0.043917,0.973531,14:15:05.244000,5.244000000
-0.004334,-0.037475,0.958544,14:15:05.244667,5.244666667
0.092160,0.002291,0.988886,14:15:05.245333,5.245333333
0.108923,0.014143,0.994288,14:15:05.246000,5.246000000
0.021071,0.004379,0.951293,14:15:05.246667,5.246666667
-0.018175,-0.063756,0.931142,14:15:05.247333,5.247333333
-0.020503,-0.051045,0.929292,14:15:05.248000,5.248000000
0.013548,-0.021607,0.935445,14:15:05.248667,5.248666667
-0.003966,-0.025235,0.965727,14:15:05.249333,5.249333333
-0.040021,-0.042629,0.930896,14:15:05.250000,5.250000000
-0.050745,-0.067653,0.956358,14:15:05.250667,5.250666667
-0.041657,-0.035853,0.993184,14:15:05.251333,5.251333333
-0.009074,-0.026241,0.990255,14:15:05.252000,5.252000000
-0.007127,-0.009874,1.013818,14:15:05.252667,5.252666667
0.180237,0.088979,1.059201,14:15:05.253333,5.253333333
0.051497,0.014351,1.010635,14:15:05.254000,5.254000000
-0.020198,-0.065840,0.945253,14:15:05.254667,5.254666667
-0.032533,-0.085005,0.971932,14:15:05.255333,5.255333333
-0.018003,0.009697,0.984116,14:15:05.256000,5.256000000
0.026241,0.002529,1.019878,14:15:05.256667,5.256666667
-0.060722,-0.082871,0.947571,14:15:05.257333,5.257333333
-0.122975,-0.087065,0.951623,14:15:05.258000,5.258000000
-0.104514,-0.123288,0.943229,14:15:05.258667,5.258666667
-0.111589,-0.082294,0.980845,14:15:05.259333,5.259333333
-0.138829,-0.081810,0.964175,14:15:05.260000,5.260000000
-0.119948,-0.085561,0.950207,14:15:05.260667,5.260666667
-0.118955,-0.050939,0.993227,14:15:05.261333,5.261333333
-0.098138,-0.050810,0.975107,14:15:05.262000,5.262000000
-0.088938,-0.030092,1.016704,14:15:05.262667,5.262666667
-0.015255,0.025564,1.004038,14:15:05.263333,5.263333333
0.070071,0.059418,1.055196,14:15:05.264000,5.264000000
-0.042459,-0.003806,1.004250,14:15:05.264667,5.264666667
-0.091357,-0.057091,0.975992,14:15:05.265333,5.265333333
-0.074851,-0.018479,0.996564,14:15:05.266000,5.266000000
0.002085,0.020450,1.011705,14:15:05.266667,5.266666667
-0.008628,0.025880,0.994252,14:15:05.267333,5.267333333
-0.074936,-0.002459,0.978835,14:15:05.268000,5.268000000
-0.070950,-0.039903,0.973199,14:15:05.268667,5.268666667
-0.048609,-0.003215,0.999020,14:15:05.269333,5.269333333
-0.024882,0.037239,1.022811,14:15:05.270000,5.270000000
-0.079791,0.060192,1.046828,14:15:05.270667,5.270666667
-0.010203,0.006781,1.020781,14:15:05.271333,5.271333333
-0.027224,0.044267,1.027527,14:15:05.272000,5.272000000
0.012262,0.078229,1.040678,14:15:05.272667,5.272666667
0.073494,0.076033,1.056321,14:15:05.273333,5.273333333
0.145241,0.168953,1.132424,14:15:05.274000,5.274000000
0.187832,0.190789,1.148050,14:15:05.274667,5.274666667
0.133392,0.077123,1.096292,14:15:05.275333,5.275333333
0.026672,0.037436,1.038686,14:15:05.276000,5.276000000
0.112064,0.074852,1.050667,14:15:05.276667,5.276666667
0.169662,0.155035,1.065213,14:15:05.277333,5.277333333
0.157548,0.077828,1.057659,14:15:05.278000,5.278000000
0.018851,0.015150,1.002302,14:15:05.278667,5.278666667
0.032649,-0.035381,0.973871,14:15:05.279333,5.279333333
0.041170,0.024413,1.011126,14:15:05.280000,5.280000000
0.045476,0.034071,0.981656,14:15:05.280667,5.280666667
0.042724,-0.005276,0.997670,14:15:05.281333,5.281333333
0.017049,-0.004607,1.002108,14:15:05.282000,5.282000000
0.020831,0.008273,1.019532,14:15:05.282667,5.282666667
0.072198,0.025530,1.019827,14:15:05.283333,5.283333333
0.100184,0.035498,1.005247,14:15:05.284000,5.284000000
0.153415,0.103819,1.055457,14:15:05.284667,5.284666667
0.180675,0.087758,1.068513,14:15:05.285333,5.285333333
0.027549,-0.003818,0.982942,14:15:05.286000,5.286000000
-0.009119,-0.044656,0.931093,14:15:05.286667,5.286666667
0.055121,0.004525,0.976762,14:15:05.287333,5.287333333
0.104397,0.038194,0.986251,14:15:05.288000,5.288000000
0.058043,0.000885,0.969489,14:15:05.288667,5.288666667
-0.036657,-0.043224,0.932418,14:15:05.289333,5.289333333
-0.028007,-0.053885,0.949596,14:15:05.290000,5.290000000
-0.000283,-0.044810,0.948259,14:15:05.290667,5.290666667
0.010247,-0.033644,0.943576,14:15:05.291333,5.291333333
-0.042502,-0.022581,0.958819,14:15:05.292000,5.292000000
-0.072350,-0.061461,0.938222,14:15:05.292667,5.292666667
-0.036889,-0.020703,0.946149,14:15:05.293333,5.293333333
0.010330,0.023497,1.000887,14:15:05.294000,5.294000000
0.026153,-0.016580,0.998205,14:15:05.294667,5.294666667
0.152323,0.064843,1.048100,14:15:05.295333,5.295333333
0.099096,0.050432,1.030798,14:15:05.296000,5.296000000
-0.006042,-0.069056,0.964919,14:15:05.296667,5.296666667
-0.074047,-0.091611,0.983124,14:15:05.297333,5.297333333
0.002755,-0.010433,1.001137,14:15:05.298000,5.298000000
0.034684,-0.019313,0.981591,14:15:05.298667,5.298666667
-0.039527,-0.031666,0.995042,14:15:05.299333,5.299333333
-0.054746,-0.098709,0.942768,14:15:05.300000,5.300000000
-0.116803,-0.103367,0.935006,14:15:05.300667,5.300666667
-0.090769,-0.064474,0.962684,14:15:05.301333,5.301333333
-0.107374,-0.083028,0.990771,14:15:05.302000,5.302000000
-0.109621,-0.078218,0.990964,14:15:05.302667,5.302666667
-0.154630,-0.062046,0.990512,14:15:05.303333,5.303333333
-0.137857,-0.062889,0.978673,14:15:05.304000,5.304000000
-0.086819,-0.036796,1.014738,14:15:05.304667,5.304666667
-0.075807,-0.008219,0.990315,14:15:05.305333,5.305333333
0.040134,0.082869,1.081784,14:15:05.306000,5.306000000
-0.026769,0.001794,1.025151,14:15:05.306667,5.306666667
-0.146710,-0.061255,0.988655,14:15:05.307333,5.307333333
-0.122288,-0.044205,0.963316,14:15:05.308000,5.308000000
0.014152,0.007063,1.001878,14:15:05.308667,5.308666667
-0.022052,0.037742,1.021968,14:15:05.309333,5.309333333
-0.061234,-0.004346,1.003202,14:15:05.310000,5.310000000
-0.135844,-0.014087,0.976914,14:15:05.310667,5.310666667
-0.109560,0.002125,0.982502,14:15:05.311333,5.311333333
-0.015765,0.006174,1.002022,14:15:05.312000,5.312000000
-0.106386,0.047632,1.007950,14:15:05.312667,5.312666667
-0.034247,0.025297,1.022073,14:15:05.313333,5.313333333
-0.023615,0.036529,1.024818,14:15:05.314000,5.314000000
-0.015825,0.052689,1.018619,14:15:05.314667,5.314666667
0.055525,0.064013,1.070230,14:15:05.315333,5.315333333
0.123364,0.125155,1.083775,14:15:05.316000,5.316000000
0.209207,0.190657,1.133304,14:15:05.316667,5.316666667
0.077221,0.106677,1.075519,14:15:05.317333,5.317333333
0.029551,-0.000830,1.008434,14:15:05.318000,5.318000000
0.053754,0.091885,1.022750,14:15:05.318667,5.318666667
0.165856,0.091735,1.053223,14:15:05.319333,5.319333333
0.152366,0.096578,1.048826,14:15:05.320000,5.320000000
0.091444,0.056079,1.027035,14:15:05.320667,5.320666667
0.011588,0.004719,1.017961,14:15:05.321333,5.321333333
0.066381,0.035834,1.005719,14:15:05.322000,5.322000000
0.065918,0.025188,1.008240,14:15:05.322667,5.322666667
0.010105,0.020038,0.996287,14:15:05.323333,5.323333333
0.010944,0.010787,0.994193,14:15:05.324000,5.324000000
0.043819,0.008806,1.017691,14:15:05.324667,5.324666667
0.069549,0.019776,1.016345,14:15:05.325333,5.325333333
0.077115,0.004500,1.026497,14:15:05.326000,5.326000000
0.160817,0.125371,1.057123,14:15:05.326667,5.326666667
0.196705,0.084666,1.047599,14:15:05.327333,5.327333333
0.071124,0.024929,0.995813,14:15:05.328000,5.328000000
-0.009519,-0.026295,0.971525,14:15:05.328667,5.328666667
0.067261,-0.009027,0.974734,14:15:05.329333,5.329333333
0.104656,0.056854,0.984964,14:15:05.330000,5.330000000
0.071651,0.051270,0.984736,14:15:05.330667,5.330666667
0.016920,-0.052316,0.952748,14:15:05.331333,5.331333333
-0.022442,-0.073042,0.926202,14:15:05.332000,5.332000000
-0.028874,-0.023420,0.941048,14:15:05.332667,5.332666667
0.011369,-0.028633,0.950092,14:15:05.333333,5.333333333
-0.026205,-0.043153,0.932377,14:15:05.334000,5.334000000
-0.012058,-0.058924,0.956612,14:15:05.334667,5.334666667
-0.019064,-0.042073,0.972956,14:15:05.335333,5.335333333
0.025136,-0.002520,0.973787,14:15:05.336000,5.336000000
0.008066,-0.021131,0.998650,14:15:05.336667,5.336666667
0.150934,0.071968,1.043907,14:15:05.337333,5.337333333
0.114449,0.032699,1.034114,14:15:05.338000,5.338000000
-0.036896,-0.039709,0.999216,14:15:05.338667,5.338666667
-0.039875,-0.060738,0.964635,14:15:05.339333,5.339333333
0.027302,-0.001035,0.997733,14:15:05.340000,5.340000000
0.035117,-0.010606,1.026649,14:15:05.340667,5.340666667
-0.016184,-0.023713,0.968636,14:15:05.341333,5.341333333
-0.062285,-0.059121,0.930944,14:15:05.342000,5.342000000
-0.100448,-0.110155,0.948176,14:15:05.342667,5.342666667
-0.087824,-0.097552,0.984238,14:15:05.343333,5.343333333
-0.115029,-0.082303,1.005035,14:15:05.344000,5.344000000
-0.110556,-0.097403,0.964642,14:15:05.344667,5.344666667
-0.111191,-0.091165,0.989875,14:15:05.345333,5.345333333
-0.107926,-0.088063,0.983724,14:15:05.346000,5.346000000
-0.065401,-0.039800,1.005559,14:15:05.346667,5.346666667
-0.113037,-0.021945,1.001070,14:15:05.347333,5.347333333
0.057058,0.055716,1.067167,14:15:05.348000,5.348000000
-0.018795,0.017234,1.054462,14:15:05.348667,5.348666667
-0.110150,-0.025028,0.954974,14:15:05.349333,5.349333333
-0.144268,-0.055434,0.992714,14:15:05.350000,5.350000000
-0.021478,0.000851,1.005679,14:15:05.350667,5.350666667
-0.005393,0.010588,1.015966,14:15:05.351333,5.351333333
-0.080445,-0.022553,0.990718,14:15:05.352000,5.352000000
-0.139133,-0.040784,0.957737,14:15:05.352667,5.352666667
-0.097906,-0.031342,1.014489,14:15:05.353333,5.353333333
-0.087177,-0.009439,1.007766,14:15:05.354000,5.354000000
-0.042040,0.029896,1.002886,14:15:05.354667,5.354666667
-0.090097,0.014994,1.027589,14:15:05.355333,5.355333333
-0.061943,0.021130,1.033028,14:15:05.356000,5.356000000
-0.002612,0.038033,1.062710,14:15:05.356667,5.356666667
0.010211,0.071550,1.047506,14:15:05.357333,5.357333333
0.103087,0.104972,1.119495,14:15:05.358000,5.358000000
0.178407,0.178716,1.132149,14:15:05.358667,5.358666667
0.121363,0.081230,1.072302,14:15:05.359333,5.359333333
-0.004007,0.073365,1.035439,14:15:05.360000,5.360000000
0.068709,0.090894,1.048549,14:15:05.360667,5.360666667
0.137613,0.141161,1.048639,14:15:05.361333,5.361333333
0.102346,0.096001,1.041422,14:15:05.362000,5.362000000
0.076349,0.074141,1.010202,14:15:05.362667,5.362666667
0.033167,0.030537,0.997892,14:15:05.363333,5.363333333
0.058725,-0.011605,1.010056,14:15:05.364000,5.364000000
0.054168,0.045208,1.038458,14:15:05.364667,5.364666667
0.028932,0.028453,0.999320,14:15:05.365333,5.365333333
0.024658,-0.002671,1.023602,14:15:05.366000,5.366000000
0.052011,0.001567,1.024390,14:15:05.366667,5.366666667
0.054556,0.040511,1.044982,14:15:05.367333,5.367333333
0.067202,0.038341,1.013252,14:15:05.368000,5.368000000
0.169384,0.089691,1.054137,14:15:05.368667,5.368666667
0.192519,0.089549,1.076423,14:15:05.369333,5.369333333
0.066929,0.021668,1.035235,14:15:05.370000,5.370000000
-0.005281,-0.029019,0.973189,14:15:05.370667,5.370666667
0.049055,-0.006484,0.997799,14:15:05.371333,5.371333333
0.095308,0.035297,1.016344,14:15:05.372000,5.372000000
0.061845,0.021539,0.983481,14:15:05.372667,5.372666667
0.016270,-0.050093,0.930838,14:15:05.373333,5.373333333
-0.031568,-0.050420,0.917154,14:15:05.374000,5.374000000
-0.027954,-0.016290,0.947739,14:15:05.374667,5.374666667
-0.019962,-0.005718,0.959786,14:15:05.375333,5.375333333
0.027287,-0.033500,0.953567,14:15:05.376000,5.376000000
-0.029793,-0.042676,0.943192,14:15:05.376667,5.376666667
-0.057156,0.000244,0.934525,14:15:05.377333,5.377333333
0.003422,0.003107,0.973193,14:15:05.378000,5.378000000
-0.006340,-0.012719,0.976035,14:15:05.378667,5.378666667
0.166652,0.088081,1.061129,14:15:05.379333,5.379333333
0.148468,0.074164,1.051642,14:15:05.380000,5.380000000
0.054569,-0.026975,0.987940,14:15:05.380667,5.380666667
0.002815,-0.046164,0.968503,14:15:05.381333,5.381333333
0.006762,-0.031176,0.965097,14:15:05.382000,5.382000000
0.056807,-0.011043,1.001254,14:15:05.382667,5.382666667
0.037706,-0.048874,1.007488,14:15:05.383333,5.383333333
-0.044658,-0.054902,0.960732,14:15:05.384000,5.384000000
-0.070225,-0.106469,0.959313,14:15:05.384667,5.384666667
-0.099516,-0.068217,0.984872,14:15:05.385333,5.385333333
-0.060345,-0.077488,0.976419,14:15:05.386000,5.386000000
-0.126823,-0.101957,0.955341,14:15:05.386667,5.386666667
-0.130808,-0.096275,0.972931,14:15:05.387333,5.387333333
-0.142261,-0.038742,0.970104,14:15:05.388000,5.388000000
-0.097632,-0.020733,1.023658,14:15:05.388667,5.388666667
-0.111320,-0.039441,0.989218,14:15:05.389333,5.389333333
0.029871,0.066177,1.054149,14:15:05.390000,5.390000000
0.008498,0.032835,1.053368,14:15:05.390667,5.390666667
-0.102419,-0.047154,0.988001,14:15:05.391333,5.391333333
-0.143812,-0.099738,0.968089,14:15:05.392000,5.392000000
-0.057773,0.009550,1.029723,14:15:05.392667,5.392666667
-0.007667,0.023811,1.004592,14:15:05.393333,5.393333333
-0.067845,-0.021265,1.003999,14:15:05.394000,5.394000000
-0.105352,-0.050064,0.963961,14:15:05.394667,5.394666667
-0.127232,-0.026086,0.967084,14:15:05.395333,5.395333333
-0.057854,-0.024211,0.997620,14:15:05.396000,5.396000000
-0.043724,-0.011523,1.014764,14:15:05.396667,5.396666667
-0.090114,0.006485,0.997856,14:15:05.397333,5.397333333
-0.077377,-0.000168,0.995786,14:15:05.398000,5.398000000
0.025607,0.051895,1.044724,14:15:05.398667,5.398666667
0.019927,0.042484,1.045290,14:15:05.399333,5.399333333
0.033896,0.085045,1.046430,14:15:05.400000,5.400000000
0.171587,0.189030,1.114852,14:15:05.400667,5.400666667
0.137787,0.127182,1.067737,14:15:05.401333,5.401333333
0.017192,0.049780,1.035291,14:15:05.402000,5.402000000
0.024865,0.035301,1.044842,14:15:05.402667,5.402666667
0.076620,0.117658,1.068918,14:15:05.403333,5.403333333
0.170290,0.099886,1.059571,14:15:05.404000,5.404000000
0.121486,0.070805,1.044589,14:15:05.404667,5.404666667
0.055817,0.001795,1.009982,14:15:05.405333,5.405333333
0.050340,0.021088,1.017226,14:15:05.406000,5.406000000
0.040691,0.055431,1.005618,14:15:05.406667,5.406666667
0.049678,0.033355,1.034060,14:15:05.407333,5.407333333
0.041126,-0.000885,1.006491,14:15:05.408000,5.408000000
0.045141,0.021064,1.024185,14:15:05.408667,5.408666667
0.091872,0.030186,1.020993,14:15:05.409333,5.409333333
0.082483,0.043401,1.056189,14:15:05.410000,5.410000000
0.096192,0.083598,1.058679,14:15:05.410667,5.410666667
0.216189,0.166010,1.079199,14:15:05.411333,5.411333333
0.099094,0.056743,0.992760,14:15:05.412000,5.412000000
0.026416,-0.029481,0.969665,14:15:05.412667,5.412666667
0.066597,-0.027409,0.977996,14:15:05.413333,5.413333333
0.121298,0.040176,1.004510,14:15:05.414000,5.414000000
0.089170,0.023888,1.005593,14:15:05.414667,5.414666667
0.044327,-0.020507,0.934521,14:15:05.415333,5.415333333
-0.011566,-0.047141,0.930018,14:15:05.416000,5.416000000
-0.009717,-0.069863,0.933460,14:15:05.416667,5.416666667
-0.000851,-0.026608,0.928548,14:15:05.417333,5.417333333
-0.028777,-0.031149,0.953744,14:15:05.418000,5.418000000
-0.032806,-0.034092,0.956961,14:15:05.418667,5.418666667
-0.006269,-0.004939,0.978062,14:15:05.419333,5.419333333
0.007039,-0.023725,0.986492,14:15:05.420000,5.420000000
0.027674,-0.030742,0.986757,14:15:05.420667,5.420666667
0.114479,0.052644,1.029114,14:15:05.421333,5.421333333
0.162487,0.103166,1.025585,14:15:05.422000,5.422000000
0.013312,0.015386,0.989029,14:15:05.422667,5.422666667
-0.040131,-0.056584,0.977330,14:15:05.423333,5.423333333
-0.010339,-0.028499,1.008361,14:15:05.424000,5.424000000
0.053148,0.000466,0.973515,14:15:05.424667,5.424666667
0.028409,-0.003548,0.994923,14:15:05.425333,5.425333333
-0.062507,-0.080817,0.986282,14:15:05.426000,5.426000000
-0.085616,-0.077734,0.944906,14:15:05.426667,5.426666667
-0.065647,-0.069336,0.981637,14:15:05.427333,5.427333333
-0.036722,-0.094030,0.977755,14:15:05.428000,5.428000000
-0.069900,-0.085772,0.980360,14:15:05.428667,5.428666667
-0.130922,-0.106098,0.941128,14:15:05.429333,5.429333333
-0.114962,-0.090622,0.972517,14:15:05.430000,5.430000000
-0.060866,-0.046559,1.009499,14:15:05.430667,5.430666667
-0.055572,-0.058731,1.027850,14:15:05.431333,5.431333333
0.031295,0.051904,1.034232,14:15:05.432000,5.432000000
0.019400,0.037163,1.041496,14:15:05.432667,5.432666667
-0.076415,-0.078441,0.979160,14:15:05.433333,5.433333333
-0.170895,-0.094464,0.976977,14:15:05.434000,5.434000000
-0.070771,-0.030202,1.007685,14:15:05.434667,5.434666667
-0.001226,0.027020,1.038691,14:15:05.435333,5.435333333
-0.046464,-0.014523,0.998406,14:15:05.436000,5.436000000
-0.106841,-0.059525,0.978572,14:15:05.436667,5.436666667
-0.130445,-0.026512,0.963465,14:15:05.437333,5.437333333
-0.107593,-0.015066,1.014681,14:15:05.438000,5.438000000
-0.064626,-0.005546,1.009804,14:15:05.438667,5.438666667
-0.113139,-0.027325,0.984844,14:15:05.439333,5.439333333
-0.115883,-0.009430,0.999442,14:15:05.440000,5.440000000
-0.037051,0.027580,1.043695,14:15:05.440667,5.440666667
-0.011727,0.063991,1.019380,14:15:05.441333,5.441333333
-0.013062,0.053880,1.037898,14:15:05.442000,5.442000000
0.123808,0.149454,1.099754,14:15:05.442667,5.442666667
0.118669,0.135181,1.136834,14:15:05.443333,5.443333333
-0.038110,0.018148,1.022738,14:15:05.444000,5.444000000
0.024585,0.033246,1.029242,14:15:05.444667,5.444666667
0.098165,0.090242,1.045228,14:15:05.445333,5.445333333
0.128443,0.083943,1.073228,14:15:05.446000,5.446000000
0.118967,0.079532,1.040298,14:15:05.446667,5.446666667
0.043837,0.026852,1.024472,14:15:05.447333,5.447333333
0.035100,-0.002964,0.990412,14:15:05.448000,5.448000000
0.064473,0.034141,1.037812,14:15:05.448667,5.448666667
0.062700,0.035494,1.025116,14:15:05.449333,5.449333333
0.045023,-0.005638,1.000160,14:15:05.450000,5.450000000
0.039375,0.005801,1.027228,14:15:05.450667,5.450666667
0.053952,0.024870,1.015018,14:15:05.451333,5.451333333
0.084942,0.048455,1.034773,14:15:05.452000,5.452000000
0.098970,0.040137,1.037549,14:15:05.452667,5.452666667
0.213715,0.151855,1.071944,14:15:05.453333,5.453333333
0.150774,0.063395,1.034012,14:15:05.454000,5.454000000
0.008778,-0.000675,0.978606,14:15:05.454667,5.454666667
0.055042,0.001654,0.976552,14:15:05.455333,5.455333333
0.079718,0.026334,1.018695,14:15:05.456000,5.456000000
0.105512,0.037847,0.994941,14:15:05.456667,5.456666667
0.041947,-0.025469,0.962671,14:15:05.457333,5.457333333
-0.032439,-0.066520,0.950773,14:15:05.458000,5.458000000
0.007422,-0.026544,0.933800,14:15:05.458667,5.458666667
0.043350,-0.035676,0.940280,14:15:05.459333,5.459333333
-0.018364,-0.003955,0.942304,14:15:05.460000,5.460000000
-0.003015,-0.057279,0.953901,14:15:05.460667,5.460666667
-0.036443,-0.027515,0.972310,14:15:05.461333,5.461333333
0.010124,-0.025777,0.965864,14:15:05.462000,5.462000000
0.012923,0.004379,0.967543,14:15:05.462667,5.462666667
0.111741,0.047926,1.018313,14:15:05.463333,5.463333333
0.196652,0.091480,1.050422,14:15:05.464000,5.464000000
0.055624,0.005075,1.002849,14:15:05.464667,5.464666667
-0.029110,-0.074847,0.936057,14:15:05.465333,5.465333333
0.029691,-0.020018,0.956111,14:15:05.466000,5.466000000
0.058677,-0.006854,1.013906,14:15:05.466667,5.466666667
0.082924,-0.011719,0.995532,14:15:05.467333,5.467333333
0.004393,-0.060262,0.962580,14:15:05.468000,5.468000000
-0.092089,-0.079222,0.963333,14:15:05.468667,5.468666667
-0.040327,-0.067240,0.976143,14:15:05.469333,5.469333333
-0.055789,-0.044297,0.984684,14:15:05.470000,5.470000000
-0.079964,-0.090179,0.989158,14:15:05.470667,5.470666667
-0.107605,-0.105592,0.954417,14:15:05.471333,5.471333333
-0.115038,-0.083398,0.990110,14:15:05.472000,5.472000000
-0.065764,-0.076649,1.007694,14:15:05.472667,5.472666667
-0.060132,-0.032959,1.015888,14:15:05.473333,5.473333333
0.000498,0.048069,1.041874,14:15:05.474000,5.474000000
0.046653,0.040774,1.083047,14:15:05.474667,5.474666667
-0.084709,-0.045812,0.997168,14:15:05.475333,5.475333333
-0.108733,-0.086713,1.000834,14:15:05.476000,5.476000000
-0.077375,-0.068113,0.986536,14:15:05.476667,5.476666667
-0.026792,0.007901,1.039396,14:15:05.477333,5.477333333
-0.053263,-0.033337,1.002303,14:15:05.478000,5.478000000
-0.115096,-0.063962,0.974412,14:15:05.478667,5.478666667
-0.145064,-0.100157,0.981906,14:15:05.479333,5.479333333
-0.108737,-0.053426,0.988051,14:15:05.480000,5.480000000
-0.073265,-0.009708,1.010867,14:15:05.480667,5.480666667
-0.116751,-0.021746,0.987551,14:15:05.481333,5.481333333
-0.095023,-0.004159,0.992791,14:15:05.482000,5.482000000
-0.048504,0.013121,1.020716,14:15:05.482667,5.482666667
-0.048816,0.030842,1.035648,14:15:05.483333,5.483333333
-0.018389,0.053619,1.031166,14:15:05.484000,5.484000000
0.143496,0.127763,1.113873,14:15:05.484667,5.484666667
0.149659,0.146737,1.062403,14:15:05.485333,5.485333333
-0.015981,0.070995,1.042583,14:15:05.486000,5.486000000
-0.014701,0.080796,1.033352,14:15:05.486667,5.486666667
0.047086,0.078727,1.044923,14:15:05.487333,5.487333333
0.094951,0.098603,1.074429,14:15:05.488000,5.488000000
0.098829,0.085451,1.038051,14:15:05.488667,5.488666667
0.033910,0.031540,1.018125,14:15:05.489333,5.489333333
0.002924,0.050182,1.025675,14:15:05.490000,5.490000000
0.020349,0.045852,1.021131,14:15:05.490667,5.490666667
0.078572,0.020971,1.020381,14:15:05.491333,5.491333333
0.019066,0.038174,1.008029,14:15:05.492000,5.492000000
0.038978,0.029274,1.024033,14:15:05.492667,5.492666667
0.061686,0.052939,1.025053,14:15:05.493333,5.493333333
0.070759,0.037511,1.016014,14:15:05.494000,5.494000000
0.070371,0.030386,1.062321,14:15:05.494667,5.494666667
0.243983,0.133237,1.087480,14:15:05.495333,5.495333333
0.165702,0.106828,1.059472,14:15:05.496000,5.496000000
-0.001854,0.001566,1.005172,14:15:05.496667,5.496666667
0.015464,-0.004772,0.991434,14:15:05.497333,5.497333333
0.104757,0.026167,1.019957,14:15:05.498000,5.498000000
0.115943,0.057327,1.009531,14:15:05.498667,5.498666667
0.060962,-0.007951,0.955393,14:15:05.499333,5.499333333
-0.021563,-0.071053,0.944170,14:15:05.500000,5.500000000
0.004452,-0.063880,0.927832,14:15:05.500667,5.500666667
0.019710,-0.037870,0.969267,14:15:05.501333,5.501333333
0.003430,-0.000521,0.967883,14:15:05.502000,5.502000000
-0.012210,-0.039459,0.949148,14:15:05.502667,5.502666667
-0.024234,-0.010699,0.965631,14:15:05.503333,5.503333333
-0.003111,-0.016912,0.970725,14:15:05.504000,5.504000000
0.039068,-0.020867,0.992341,14:15:05.504667,5.504666667
0.041392,0.026747,0.989503,14:15:05.505333,5.505333333
0.163635,0.090582,1.073370,14:15:05.506000,5.506000000
0.076442,0.038608,0.969933,14:15:05.506667,5.506666667
-0.014512,-0.035437,0.945092,14:15:05.507333,5.507333333
-0.003125,-0.056574,0.959572,14:15:05.508000,5.508000000
0.067684,0.034607,0.981055,14:15:05.508667,5.508666667
0.079224,0.017202,0.990306,14:15:05.509333,5.509333333
-0.015804,-0.060009,1.001868,14:15:05.510000,5.510000000
-0.068555,-0.076679,0.942357,14:15:05.510667,5.510666667
-0.064593,-0.080504,0.948011,14:15:05.511333,5.511333333
-0.047062,-0.034582,0.974625,14:15:05.512000,5.512000000
-0.050630,-0.059107,0.964472,14:15:05.512667,5.512666667
-0.086885,-0.054235,0.981752,14:15:05.513333,5.513333333
-0.107314,-0.037714,0.982827,14:15:05.514000,5.514000000
-0.044520,-0.032465,1.006174,14:15:05.514667,5.514666667
-0.081974,-0.038662,1.013791,14:15:05.515333,5.515333333
0.015449,0.012953,1.001235,14:15:05.516000,5.516000000
0.068474,0.055216,1.085576,14:15:05.516667,5.516666667
-0.078427,-0.056718,0.994880,14:15:05.517333,5.517333333
-0.131375,-0.088004,0.971520,14:15:05.518000,5.518000000
-0.107347,-0.051814,0.989578,14:15:05.518667,5.518666667
-0.044277,-0.014815,1.017885,14:15:05.519333,5.519333333
-0.022288,-0.015167,1.011231,14:15:05.520000,5.520000000
-0.116640,-0.074117,0.986698,14:15:05.520667,5.520666667
-0.167124,-0.073024,0.970905,14:15:05.521333,5.521333333
-0.103647,-0.050931,0.985576,14:15:05.522000,5.522000000
-0.122214,-0.052828,0.996013,14:15:05.522667,5.522666667
-0.098452,-0.022866,0.971313,14:15:05.523333,5.523333333
-0.090769,-0.027679,0.990311,14:15:05.524000,5.524000000
-0.092404,-0.006614,0.996594,14:15:05.524667,5.524666667
-0.059113,0.021645,1.027299,14:15:05.525333,5.525333333
-0.060376,0.030949,1.043261,14:15:05.526000,5.526000000
0.074001,0.124136,1.081388,14:15:05.526667,5.526666667
0.134754,0.170616,1.087369,14:15:05.527333,5.527333333
-0.013936,0.067162,1.017903,14:15:05.528000,5.528000000
-0.021772,0.015937,1.026656,14:15:05.528667,5.528666667
0.045474,0.093318,1.044763,14:15:05.529333,5.529333333
0.109044,0.120099,1.040985,14:15:05.530000,5.530000000
0.099449,0.095794,1.063586,14:15:05.530667,5.530666667
0.056238,0.052737,1.015752,14:15:05.531333,5.531333333
0.012533,0.025621,1.024977,14:15:05.532000,5.532000000
0.065711,0.051676,1.027101,14:15:05.532667,5.532666667
0.059345,0.065080,1.040813,14:15:05.533333,5.533333333
0.047285,0.051038,1.024463,14:15:05.534000,5.534000000
0.039372,0.017356,1.037592,14:15:05.534667,5.534666667
0.065456,0.052599,1.042277,14:15:05.535333,5.535333333
0.109432,0.040069,1.034121,14:15:05.536000,5.536000000
0.093648,0.086840,1.064456,14:15:05.536667,5.536666667
0.210571,0.144662,1.106970,14:15:05.537333,5.537333333
0.161470,0.121284,1.087134,14:15:05.538000,5.538000000
0.058270,0.036241,1.008011,14:15:05.538667,5.538666667
0.052103,-0.002412,0.962546,14:15:05.539333,5.539333333
0.079111,0.012830,0.995880,14:15:05.540000,5.540000000
0.107397,0.053598,1.021067,14:15:05.540667,5.540666667
0.098981,0.015368,0.985926,14:15:05.541333,5.541333333
-0.017831,-0.033359,0.960611,14:15:05.542000,5.542000000
-0.002605,-0.043653,0.931223,14:15:05.542667,5.542666667
0.028369,-0.064601,0.953396,14:15:05.543333,5.543333333
0.008434,-0.028837,0.950756,14:15:05.544000,5.544000000
-0.027924,-0.021501,0.954613,14:15:05.544667,5.544666667
-0.058675,-0.058990,0.952254,14:15:05.545333,5.545333333
-0.016375,-0.036133,0.951827,14:15:05.546000,5.546000000
0.007908,-0.015797,0.971919,14:15:05.546667,5.546666667
0.035893,0.022383,0.988765,14:15:05.547333,5.547333333
0.207898,0.109967,1.057594,14:15:05.548000,5.548000000
0.068678,0.074260,0.991435,14:15:05.548667,5.548666667
-0.028027,-0.043685,0.952085,14:15:05.549333,5.549333333
0.005390,-0.011320,0.939000,14:15:05.550000,5.550000000
0.090694,-0.000904,0.972892,14:15:05.550667,5.550666667
0.102007,-0.006341,0.993001,14:15:05.551333,5.551333333
0.006306,-0.049248,0.956203,14:15:05.552000,5.552000000
-0.021747,-0.056062,0.921145,14:15:05.552667,5.552666667
-0.054993,-0.078992,0.980311,14:15:05.553333,5.553333333
-0.028448,-0.028663,0.978806,14:15:05.554000,5.554000000
-0.057806,-0.081746,0.967961,14:15:05.554667,5.554666667
-0.065743,-0.075810,0.967313,14:15:05.555333,5.555333333
-0.092056,-0.068489,0.973873,14:15:05.556000,5.556000000
-0.065741,-0.048004,0.976124,14:15:05.556667,5.556666667
-0.042550,-0.038604,1.016394,14:15:05.557333,5.557333333
-0.047019,-0.007347,1.025064,14:15:05.558000,5.558000000
0.098780,0.028851,1.067815,14:15:05.558667,5.558666667
-0.008985,-0.024231,1.042406,14:15:05.559333,5.559333333
-0.159266,-0.077360,0.970237,14:15:05.560000,5.560000000
-0.112253,-0.068029,0.969970,14:15:05.560667,5.560666667
-0.002552,-0.022417,0.986911,14:15:05.561333,5.561333333
-0.049784,-0.034076,0.988389,14:15:05.562000,5.562000000
-0.110244,-0.047077,0.981842,14:15:05.562667,5.562666667
-0.136651,-0.104067,0.942442,14:15:05.563333,5.563333333
-0.114858,-0.089170,0.971376,14:15:05.564000,5.564000000
-0.115392,-0.072280,0.972556,14:15:05.564667,5.564666667
-0.124805,-0.019838,1.006109,14:15:05.565333,5.565333333
-0.137800,-0.052419,0.969219,14:15:05.566000,5.566000000
-0.121394,-0.022566,1.006299,14:15:05.566667,5.566666667
-0.069576,0.056168,0.986750,14:15:05.567333,5.567333333
0.000228,0.072704,1.031014,14:15:05.568000,5.568000000
0.077800,0.141897,1.096648,14:15:05.568667,5.568666667
0.121320,0.163871,1.107381,14:15:05.569333,5.569333333
-0.004858,0.061255,1.040406,14:15:05.570000,5.570000000
-0.038970,-0.010354,0.997442,14:15:05.570667,5.570666667
0.011473,0.051731,1.042643,14:15:05.571333,5.571333333
0.109665,0.110301,1.063904,14:15:05.572000,5.572000000
0.063638,0.066989,1.036416,14:15:05.572667,5.572666667
0.026228,0.050866,1.013789,14:15:05.573333,5.573333333
0.024444,-0.009762,1.023027,14:15:05.574000,5.574000000
0.038511,0.066706,1.040441,14:15:05.574667,5.574666667
0.031538,0.076280,1.047022,14:15:05.575333,5.575333333
0.044575,0.035698,1.039402,14:15:05.576000,5.576000000
0.053262,0.023197,1.026844,14:15:05.576667,5.576666667
0.038306,0.047518,1.033349,14:15:05.577333,5.577333333
0.098118,0.060938,1.044201,14:15:05.578000,5.578000000
0.102155,0.087645,1.041710,14:15:05.578667,5.578666667
0.190883,0.134993,1.112164,14:15:05.579333,5.579333333
0.211483,0.156279,1.111588,14:15:05.580000,5.580000000
0.045254,0.060123,1.035746,14:15:05.580667,5.580666667
0.030904,0.004791,0.996227,14:15:05.581333,5.581333333
0.082920,0.039664,0.999608,14:15:05.582000,5.582000000
0.125232,0.061374,1.016596,14:15:05.582667,5.582666667
0.083813,0.033439,1.005081,14:15:05.583333,5.583333333
0.007453,-0.058117,0.949202,14:15:05.584000,5.584000000
0.023025,-0.044453,0.954097,14:15:05.584667,5.584666667
-0.003670,-0.042736,0.938504,14:15:05.585333,5.585333333
0.033878,-0.003515,0.967999,14:15:05.586000,5.586000000
0.022068,-0.020082,0.960825,14:15:05.586667,5.586666667
-0.021618,-0.031254,0.926758,14:15:05.587333,5.587333333
-0.017784,-0.033342,0.974372,14:15:05.588000,5.588000000
0.012208,-0.005071,0.978493,14:15:05.588667,5.588666667
0.048093,0.018622,0.987578,14:15:05.589333,5.589333333
0.185335,0.088550,1.059582,14:15:05.590000,5.590000000
0.113042,0.073340,1.024551,14:15:05.590667,5.590666667
0.016783,-0.049172,0.973481,14:15:05.591333,5.591333333
-0.028927,-0.041223,0.933174,14:15:05.592000,5.592000000
0.049755,-0.001725,0.958093,14:15:05.592667,5.592666667
0.079736,0.022651,0.984221,14:15:05.593333,5.593333333
0.015441,-0.007231,0.935695,14:15:05.594000,5.594000000
-0.021536,-0.098294,0.942060,14:15:05.594667,5.594666667
-0.048388,-0.058359,0.949169,14:15:05.595333,5.595333333
-0.040698,-0.042557,0.947147,14:15:05.596000,5.596000000
-0.061084,-0.054594,0.981897,14:15:05.596667,5.596666667
-0.048126,-0.077881,0.977639,14:15:05.597333,5.597333333
-0.062146,-0.109639,0.961109,14:15:05.598000,5.598000000
-0.045847,-0.053446,0.997649,14:15:05.598667,5.598666667
-0.033829,-0.027619,0.986218,14:15:05.599333,5.599333333
-0.022088,-0.034077,1.010383,14:15:05.600000,5.600000000
0.098617,0.082386,1.054231,14:15:05.600667,5.600666667
0.031922,0.008236,1.015101,14:15:05.601333,5.601333333
-0.115358,-0.088899,0.985467,14:15:05.602000,5.602000000
-0.087624,-0.096226,0.998847,14:15:05.602667,5.602666667
-0.015756,-0.031728,0.985707,14:15:05.603333,5.603333333
-0.036146,-0.002853,1.009272,14:15:05.604000,5.604000000
-0.087194,-0.064386,0.993243,14:15:05.604667,5.604666667
-0.148169,-0.116685,0.939682,14:15:05.605333,5.605333333
-0.121564,-0.075247,0.954979,14:15:05.606000,5.606000000
-0.119186,-0.060283,0.982955,14:15:05.606667,5.606666667
-0.129083,-0.052626,0.987198,14:15:05.607333,5.607333333
-0.135486,-0.068585,1.002631,14:15:05.608000,5.608000000
-0.104922,-0.059666,0.983522,14:15:05.608667,5.608666667
-0.093511,-0.015595,1.013603,14:15:05.609333,5.609333333
-0.062793,0.035199,1.012978,14:15:05.610000,5.610000000
0.027413,0.068138,1.066358,14:15:05.610667,5.610666667
0.112010,0.122893,1.092402,14:15:05.611333,5.611333333
0.023655,0.091125,1.036906,14:15:05.612000,5.612000000
-0.075566,0.020628,1.005538,14:15:05.612667,5.612666667
-0.031883,0.043184,1.031915,14:15:05.613333,5.613333333
0.105058,0.124507,1.043376,14:15:05.614000,5.614000000
0.096622,0.077809,1.040012,14:15:05.614667,5.614666667
0.024909,0.048053,0.988325,14:15:05.615333,5.615333333
-0.018971,0.000766,1.012744,14:15:05.616000,5.616000000
0.049158,0.046732,1.016972,14:15:05.616667,5.616666667
0.046097,0.033988,1.048116,14:15:05.617333,5.617333333
0.037745,0.052920,1.043591,14:15:05.618000,5.618000000
0.032126,0.023981,1.049053,14:15:05.618667,5.618666667
0.021808,0.053174,1.052273,14:15:05.619333,5.619333333
0.071799,0.071018,1.059740,14:15:05.620000,5.620000000
0.104699,0.072471,1.048097,14:15:05.620667,5.620666667
0.161869,0.123819,1.113083,14:15:05.621333,5.621333333
0.218614,0.161620,1.101883,14:15:05.622000,5.622000000
0.103597,0.052940,1.052716,14:15:05.622667,5.622666667
0.021484,-0.001858,1.022126,14:15:05.623333,5.623333333
0.081929,0.024953,1.022395,14:15:05.624000,5.624000000
0.142060,0.097969,1.044115,14:15:05.624667,5.624666667
0.153937,0.034256,1.024420,14:15:05.625333,5.625333333
0.019227,-0.000511,0.953423,14:15:05.626000,5.626000000
0.031505,-0.009483,0.954617,14:15:05.626667,5.626666667
0.005630,-0.015534,0.952064,14:15:05.627333,5.627333333
0.022067,-0.009432,0.971602,14:15:05.628000,5.628000000
0.028562,-0.016503,0.951444,14:15:05.628667,5.628666667
-0.015997,-0.055556,0.958674,14:15:05.629333,5.629333333
0.025301,0.001408,0.959366,14:15:05.630000,5.630000000
0.014278,-0.009712,0.970282,14:15:05.630667,5.630666667
0.036689,0.013209,0.987157,14:15:05.631333,5.631333333
0.136741,0.085440,1.041236,14:15:05.632000,5.632000000
0.108482,0.115752,1.028302,14:15:05.632667,5.632666667
0.000996,-0.000271,0.951640,14:15:05.633333,5.633333333
-0.003312,-0.057646,0.942048,14:15:05.634000,5.634000000
0.020197,0.016386,0.958277,14:15:05.634667,5.634666667
0.113786,-0.016654,0.988116,14:15:05.635333,5.635333333
0.047409,-0.004492,0.958575,14:15:05.636000,5.636000000
-0.064968,-0.046096,0.964500,14:15:05.636667,5.636666667
-0.066555,-0.047194,0.927837,14:15:05.637333,5.637333333
-0.007652,-0.042740,0.972930,14:15:05.638000,5.638000000
-0.021153,-0.048605,0.982458,14:15:05.638667,5.638666667
-0.035667,-0.070247,0.967059,14:15:05.639333,5.639333333
-0.043935,-0.041520,0.960663,14:15:05.640000,5.640000000
-0.062729,-0.055406,0.998775,14:15:05.640667,5.640666667
-0.004653,-0.052875,0.984989,14:15:05.641333,5.641333333
-0.001680,-0.041178,0.994859,14:15:05.642000,5.642000000
0.078454,0.087220,1.067743,14:15:05.642667,5.642666667
0.004345,0.023563,1.030659,14:15:05.643333,5.643333333
-0.095010,-0.082803,0.955638,14:15:05.644000,5.644000000
-0.093520,-0.078459,0.987212,14:15:05.644667,5.644666667
-0.035868,-0.056294,0.999026,14:15:05.645333,5.645333333
-0.016623,-0.015195,1.014593,14:15:05.646000,5.646000000
-0.051469,-0.041308,0.987344,14:15:05.646667,5.646666667
-0.182314,-0.101451,0.945960,14:15:05.647333,5.647333333
-0.158068,-0.110818,0.959437,14:15:05.648000,5.648000000
-0.117886,-0.068593,0.968993,14:15:05.648667,5.648666667
-0.137448,-0.076235,0.986894,14:15:05.649333,5.649333333
-0.126974,-0.031877,0.991497,14:15:05.650000,5.650000000
-0.136909,-0.067031,0.992654,14:15:05.650667,5.650666667
-0.120799,-0.022611,1.039994,14:15:05.651333,5.651333333
-0.084317,0.045147,1.011027,14:15:05.652000,5.652000000
-0.035532,0.028903,1.044274,14:15:05.652667,5.652666667
0.088426,0.151890,1.118845,14:15:05.653333,5.653333333
0.055284,0.087067,1.066817,14:15:05.654000,5.654000000
-0.049295,-0.007560,1.003882,14:15:05.654667,5.654666667
-0.054173,0.048032,1.008797,14:15:05.655333,5.655333333
0.009587,0.076717,1.038138,14:15:05.656000,5.656000000
0.084149,0.088704,1.066297,14:15:05.656667,5.656666667
0.006685,0.094198,1.032585,14:15:05.657333,5.657333333
0.022562,0.020605,1.008019,14:15:05.658000,5.658000000
0.015356,0.023428,1.034118,14:15:05.658667,5.658666667
0.028064,0.064088,1.039395,14:15:05.659333,5.659333333
-0.003504,0.030146,1.022199,14:15:05.660000,5.660000000
0.010631,0.056831,1.025368,14:15:05.660667,5.660666667
0.035190,0.052413,1.044891,14:15:05.661333,5.661333333
0.052350,0.048794,1.053448,14:15:05.662000,5.662000000
0.093451,0.075224,1.068937,14:15:05.662667,5.662666667
0.172956,0.121059,1.062656,14:15:05.663333,5.663333333
0.231466,0.180010,1.101205,14:15:05.664000,5.664000000
0.103249,0.072981,1.048425,14:15:05.664667,5.664666667
0.057317,0.047291,0.991834,14:15:05.665333,5.665333333
0.092603,0.031552,1.018638,14:15:05.666000,5.666000000
0.142537,0.067520,1.044254,14:15:05.666667,5.666666667
0.141361,0.038531,1.035754,14:15:05.667333,5.667333333
0.054523,0.003941,0.983295,14:15:05.668000,5.668000000
0.038071,-0.023213,0.973687,14:15:05.668667,5.668666667
0.027149,-0.011165,0.978461,14:15:05.669333,5.669333333
0.019980,-0.010405,0.998668,14:15:05.670000,5.670000000
0.028488,-0.013009,0.989576,14:15:05.670667,5.670666667
0.017041,-0.049498,0.966640,14:15:05.671333,5.671333333
0.006915,-0.031681,0.963362,14:15:05.672000,5.672000000
0.060639,0.007281,0.995700,14:15:05.672667,5.672666667
0.046307,0.008671,0.998206,14:15:05.673333,5.673333333
0.109856,0.071156,1.047208,14:15:05.674000,5.674000000
0.157784,0.109938,1.042745,14:15:05.674667,5.674666667
0.057124,0.013636,0.962237,14:15:05.675333,5.675333333
-0.033557,-0.048876,0.945304,14:15:05.676000,5.676000000
0.035715,0.015379,0.968902,14:15:05.676667,5.676666667
0.106929,0.032622,1.022931,14:15:05.677333,5.677333333
0.049254,0.038747,0.983398,14:15:05.678000,5.678000000
-0.033397,-0.058425,0.955574,14:15:05.678667,5.678666667
-0.051607,-0.104020,0.945086,14:15:05.679333,5.679333333
-0.051441,-0.047027,0.978145,14:15:05.680000,5.680000000
-0.021842,-0.049782,0.959961,14:15:05.680667,5.680666667
-0.057287,-0.064322,0.937523,14:15:05.681333,5.681333333
-0.068142,-0.065758,0.969630,14:15:05.682000,5.682000000
-0.053063,-0.054404,0.966419,14:15:05.682667,5.682666667
-0.049605,-0.037928,0.995688,14:15:05.683333,5.683333333
-0.034052,-0.057134,1.001829,14:15:05.684000,5.684000000
0.072891,0.030812,1.059027,14:15:05.684667,5.684666667
0.096474,0.052335,1.069400,14:15:05.685333,5.685333333
-0.089711,-0.022187,0.990755,14:15:05.686000,5.686000000
-0.096059,-0.081639,0.963605,14:15:05.686667,5.686666667
-0.052028,-0.052350,0.973362,14:15:05.687333,5.687333333
-0.013260,-0.032800,0.999200,14:15:05.688000,5.688000000
-0.077442,-0.062338,0.982321,14:15:05.688667,5.688666667
-0.116604,-0.129834,0.959100,14:15:05.689333,5.689333333
-0.161179,-0.095431,0.957608,14:15:05.690000,5.690000000
-0.135736,-0.074553,0.959193,14:15:05.690667,5.690666667
-0.089475,-0.041129,0.963304,14:15:05.691333,5.691333333
-0.161922,-0.035729,0.983236,14:15:05.692000,5.692000000
-0.092816,-0.061715,0.970687,14:15:05.692667,5.692666667
-0.112128,-0.048364,0.971256,14:15:05.693333,5.693333333
-0.095598,-0.027870,1.003029,14:15:05.694000,5.694000000
-0.065906,-0.004872,1.016587,14:15:05.694667,5.694666667
0.090151,0.117300,1.101800,14:15:05.695333,5.695333333
0.039419,0.084864,1.042146,14:15:05.696000,5.696000000
-0.087275,-0.002724,0.997747,14:15:05.696667,5.696666667
-0.084197,0.010785,1.015105,14:15:05.697333,5.697333333
0.030848,0.070223,1.043484,14:15:05.698000,5.698000000
0.047860,0.075962,1.044474,14:15:05.698667,5.698666667
-0.002168,0.038874,1.038885,14:15:05.699333,5.699333333
-0.034595,-0.006944,1.009569,14:15:05.700000,5.700000000
0.006191,0.012728,1.010921,14:15:05.700667,5.700666667
0.004837,0.061379,0.988697,14:15:05.701333,5.701333333
0.021922,0.066564,1.050831,14:15:05.702000,5.702000000
0.004873,0.031228,1.043059,14:15:05.702667,5.702666667
-0.003939,0.044717,1.035115,14:15:05.703333,5.703333333
0.027509,0.062731,1.077035,14:15:05.704000,5.704000000
0.082017,0.062789,1.016623,14:15:05.704667,5.704666667
0.120296,0.121062,1.083554,14:15:05.705333,5.705333333
0.229631,0.171505,1.106988,14:15:05.706000,5.706000000
0.099937,0.114888,1.083480,14:15:05.706667,5.706666667
0.041242,0.032211,1.031199,14:15:05.707333,5.707333333
0.082540,0.018063,1.012125,14:15:05.708000,5.708000000
0.138079,0.074601,1.055143,14:15:05.708667,5.708666667
0.125061,0.075374,1.043213,14:15:05.709333,5.709333333
0.051270,0.038703,1.014873,14:15:05.710000,5.710000000
-0.002790,-0.045473,0.973111,14:15:05.710667,5.710666667
0.012582,-0.040030,0.976111,14:15:05.711333,5.711333333
0.039196,-0.001888,0.982991,14:15:05.712000,5.712000000
0.034622,0.012900,0.986586,14:15:05.712667,5.712666667
0.006796,-0.033294,0.947616,14:15:05.713333,5.713333333
0.002750,-0.034664,0.942450,14:15:05.714000,5.714000000
0.030653,-0.004656,0.968973,14:15:05.714667,5.714666667
0.038205,-0.003527,1.007233,14:15:05.715333,5.715333333
0.143555,0.040903,1.001430,14:15:05.716000,5.716000000
0.168201,0.095709,1.062553,14:15:05.716667,5.716666667
0.045508,-0.006124,0.958144,14:15:05.717333,5.717333333
-0.027306,-0.070628,0.952177,14:15:05.718000,5.718000000
0.000749,-0.002080,0.947967,14:15:05.718667,5.718666667
0.117576,-0.009174,0.971136,14:15:05.719333,5.719333333
0.062498,0.002445,0.977336,14:15:05.720000,5.720000000
0.011019,-0.032061,0.957168,14:15:05.720667,5.720666667
-0.037657,-0.046353,0.929376,14:15:05.721333,5.721333333
-0.016587,-0.045118,0.940865,14:15:05.722000,5.722000000
-0.006336,0.005962,0.953789,14:15:05.722667,5.722666667
-0.017463,-0.045898,0.948113,14:15:05.723333,5.723333333
-0.034756,-0.025182,0.955286,14:15:05.724000,5.724000000
-0.029636,-0.042496,0.950232,14:15:05.724667,5.724666667
-0.050352,-0.030625,0.992479,14:15:05.725333,5.725333333
-0.020280,-0.031252,0.990273,14:15:05.726000,5.726000000
0.101089,0.046451,1.043084,14:15:05.726667,5.726666667
0.087271,0.062516,1.060454,14:15:05.727333,5.727333333
-0.001954,-0.032403,0.990823,14:15:05.728000,5.728000000
-0.116246,-0.104045,0.955869,14:15:05.728667,5.728666667
-0.032248,-0.037467,0.958878,14:15:05.729333,5.729333333
0.044680,-0.016884,1.024774,14:15:05.730000,5.730000000
-0.040700,-0.058066,0.996617,14:15:05.730667,5.730666667
-0.115677,-0.053243,0.955058,14:15:05.731333,5.731333333
-0.143705,-0.101182,0.966580,14:15:05.732000,5.732000000
-0.095855,-0.076916,0.967420,14:15:05.732667,5.732666667
-0.125282,-0.049771,0.965049,14:15:05.733333,5.733333333
-0.139866,-0.080090,0.960294,14:15:05.734000,5.734000000
-0.157679,-0.067252,0.978833,14:15:05.734667,5.734666667
-0.126516,-0.060563,1.007968,14:15:05.735333,5.735333333
-0.092265,-0.005203,1.006186,14:15:05.736000,5.736000000
-0.055286,0.018641,1.001956,14:15:05.736667,5.736666667
0.088060,0.094944,1.083197,14:15:05.737333,5.737333333
0.060272,0.089244,1.064143,14:15:05.738000,5.738000000
-0.072247,-0.005948,1.029954,14:15:05.738667,5.738666667
-0.107435,-0.032555,0.995241,14:15:05.739333,5.739333333
-0.023840,0.063974,1.023782,14:15:05.740000,5.740000000
0.025357,0.057590,1.024960,14:15:05.740667,5.740666667
0.006294,0.032604,1.013767,14:15:05.741333,5.741333333
-0.043876,-0.022035,0.988468,14:15:05.742000,5.742000000
-0.013723,-0.023693,0.983872,14:15:05.742667,5.742666667
-0.017747,-0.002638,1.015377,14:15:05.743333,5.743333333
-0.010714,0.045327,1.038982,14:15:05.744000,5.744000000
-0.009446,0.047243,1.034844,14:15:05.744667,5.744666667
0.014286,0.039163,1.022971,14:15:05.745333,5.745333333
0.049733,0.050781,1.010851,14:15:05.746000,5.746000000
0.089331,0.110270,1.060151,14:15:05.746667,5.746666667
0.096953,0.091666,1.061419,14:15:05.747333,5.747333333
0.252645,0.188916,1.153944,14:15:05.748000,5.748000000
0.187451,0.139438,1.088809,14:15:05.748667,5.748666667
0.069758,0.038454,1.019825,14:15:05.749333,5.749333333
0.063633,0.033063,0.975817,14:15:05.750000,5.750000000
0.141178,0.069237,1.058444,14:15:05.750667,5.750666667
0.139617,0.066586,1.046048,14:15:05.751333,5.751333333
0.110904,0.042496,1.005267,14:15:05.752000,5.752000000
0.040233,-0.025837,0.994357,14:15:05.752667,5.752666667
0.046993,-0.023974,0.981759,14:15:05.753333,5.753333333
0.030098,-0.008234,0.998739,14:15:05.754000,5.754000000
0.066661,-0.018877,0.998071,14:15:05.754667,5.754666667
0.011628,-0.014387,0.987028,14:15:05.755333,5.755333333
-0.016672,-0.014519,0.962913,14:15:05.756000,5.756000000
0.030247,0.005136,0.995416,14:15:05.756667,5.756666667
0.039368,0.019424,0.989482,14:15:05.757333,5.757333333
0.081057,0.059724,1.019220,14:15:05.758000,5.758000000
0.188535,0.113052,1.045930,14:15:05.758667,5.758666667
0.110066,0.036537,1.010550,14:15:05.759333,5.759333333
-0.018346,-0.035759,0.941159,14:15:05.760000,5.760000000
0.008818,-0.005490,0.975238,14:15:05.760667,5.760666667
0.108135,0.026716,0.995327,14:15:05.761333,5.761333333
0.078149,0.005083,0.968101,14:15:05.762000,5.762000000
-0.023973,-0.038258,0.946869,14:15:05.762667,5.762666667
0.010703,-0.078160,0.903264,14:15:05.763333,5.763333333
-0.027713,-0.043686,0.923385,14:15:05.764000,5.764000000
-0.007884,-0.041007,0.959020,14:15:05.764667,5.764666667
-0.009392,-0.023136,0.947170,14:15:05.765333,5.765333333
-0.053717,-0.061968,0.946880,14:15:05.766000,5.766000000
-0.031327,-0.055045,0.963932,14:15:05.766667,5.766666667
-0.037441,-0.041419,1.001360,14:15:05.767333,5.767333333
0.012670,0.001242,1.021345,14:15:05.768000,5.768000000
0.072478,0.014673,1.030738,14:15:05.768667,5.768666667
0.115632,0.064600,1.067755,14:15:05.769333,5.769333333
0.015931,-0.038668,1.009852,14:15:05.770000,5.770000000
-0.091493,-0.102865,0.960043,14:15:05.770667,5.770666667
-0.030751,-0.046035,0.999524,14:15:05.771333,5.771333333
0.037419,-0.000526,1.006681,14:15:05.772000,5.772000000
-0.008047,-0.009289,0.962348,14:15:05.772667,5.772666667
-0.086408,-0.088510,0.955846,14:15:05.773333,5.773333333
-0.153715,-0.114745,0.967411,14:15:05.774000,5.774000000
-0.089819,-0.081738,0.995241,14:15:05.774667,5.774666667
-0.099595,-0.080882,0.981852,14:15:05.775333,5.775333333
-0.150098,-0.087623,1.005136,14:15:05.776000,5.776000000
-0.168074,-0.068114,0.984461,14:15:05.776667,5.776666667
-0.147417,-0.055756,0.975637,14:15:05.777333,5.777333333
-0.108736,-0.023389,1.011421,14:15:05.778000,5.778000000
-0.067460,-0.038858,1.009497,14:15:05.778667,5.778666667
0.032974,0.084885,1.054024,14:15:05.779333,5.779333333
0.028332,0.088553,1.076869,14:15:05.780000,5.780000000
-0.081359,0.004318,0.987442,14:15:05.780667,5.780666667
-0.130652,-0.034406,1.003337,14:15:05.781333,5.781333333
-0.034123,0.033385,1.020424,14:15:05.782000,5.782000000
0.057040,0.070845,1.022798,14:15:05.782667,5.782666667
0.041976,0.045879,1.005399,14:15:05.783333,5.783333333
-0.074433,-0.008360,1.002326,14:15:05.784000,5.784000000
-0.061350,0.009306,0.992360,14:15:05.784667,5.784666667
-0.031733,0.023926,1.011205,14:15:05.785333,5.785333333
0.007413,0.053147,1.004190,14:15:05.786000,5.786000000
-0.038944,0.040771,1.014146,14:15:05.786667,5.786666667
0.006238,0.008865,1.035914,14:15:05.787333,5.787333333
0.004721,0.071242,1.070462,14:15:05.788000,5.788000000
0.031234,0.090862,1.056878,14:15:05.788667,5.788666667
0.092716,0.083980,1.045766,14:15:05.789333,5.789333333
0.196683,0.164251,1.135999,14:15:05.790000,5.790000000
0.214320,0.162841,1.092755,14:15:05.790667,5.790666667
0.050384,0.057974,1.040913,14:15:05.791333,5.791333333
0.052313,0.018876,1.039260,14:15:05.792000,5.792000000
0.118024,0.078081,1.059451,14:15:05.792667,5.792666667
0.160715,0.114852,1.051419,14:15:05.793333,5.793333333
0.088607,0.030085,1.015486,14:15:05.794000,5.794000000
0.048581,0.026571,0.994284,14:15:05.794667,5.794666667
0.061971,0.005648,0.972588,14:15:05.795333,5.795333333
0.049983,-0.017000,1.004961,14:15:05.796000,5.796000000
0.010662,0.048841,1.011888,14:15:05.796667,5.796666667
0.009864,-0.024966,0.999308,14:15:05.797333,5.797333333
-0.010737,-0.007108,0.967703,14:15:05.798000,5.798000000
0.036059,0.002354,0.992981,14:15:05.798667,5.798666667
0.047165,0.002121,0.991418,14:15:05.799333,5.799333333
0.036712,0.011045,0.987932,14:15:05.800000,5.800000000
0.212301,0.109027,1.043944,14:15:05.800667,5.800666667
0.098301,0.027705,1.016835,14:15:05.801333,5.801333333
-0.005456,-0.019982,0.936138,14:15:05.802000,5.802000000
0.014358,-0.049578,0.940677,14:15:05.802667,5.802666667
0.097782,0.030020,0.979739,14:15:05.803333,5.803333333
0.090842,0.013946,0.977509,14:15:05.804000,5.804000000
0.041065,-0.013486,0.963234,14:15:05.804667,5.804666667
-0.041449,-0.052957,0.948892,14:15:05.805333,5.805333333
0.006633,-0.079079,0.937408,14:15:05.806000,5.806000000
0.021375,-0.001681,0.953733,14:15:05.806667,5.806666667
-0.009319,-0.030684,0.927852,14:15:05.807333,5.807333333
-0.012437,-0.028660,0.973100,14:15:05.808000,5.808000000
-0.048235,-0.052654,0.979753,14:15:05.808667,5.808666667
-0.018080,-0.033671,0.971211,14:15:05.809333,5.809333333
-0.000593,-0.008022,0.974979,14:15:05.810000,5.810000000
0.054920,0.038682,1.037807,14:15:05.810667,5.810666667
0.163577,0.083578,1.051894,14:15:05.811333,5.811333333
0.029964,0.012533,1.022012,14:15:05.812000,5.812000000
-0.065103,-0.085010,0.961950,14:15:05.812667,5.812666667
-0.049114,-0.046321,0.965663,14:15:05.813333,5.813333333
0.025418,-0.032106,0.993318,14:15:05.814000,5.814000000
0.014493,-0.053318,1.029365,14:15:05.814667,5.814666667
-0.058766,-0.081409,0.975093,14:15:05.815333,5.815333333
-0.154083,-0.095306,0.956519,14:15:05.816000,5.816000000
-0.152046,-0.085760,0.946648,14:15:05.816667,5.816666667
-0.098359,-0.063958,0.956393,14:15:05.817333,5.817333333
-0.120907,-0.076940,0.981565,14:15:05.818000,5.818000000
-0.162594,-0.087554,0.978780,14:15:05.818667,5.818666667
-0.175101,-0.052479,0.970906,14:15:05.819333,5.819333333
-0.134861,-0.080798,1.006139,14:15:05.820000,5.820000000
-0.127168,-0.017836,1.037793,14:15:05.820667,5.820666667
-0.021674,0.062678,1.059650,14:15:05.821333,5.821333333
0.022841,0.099236,1.084439,14:15:05.822000,5.822000000
-0.053416,0.024580,1.020399,14:15:05.822667,5.822666667
-0.109787,-0.049629,1.014865,14:15:05.823333,5.823333333
-0.062031,0.008903,1.006672,14:15:05.824000,5.824000000
0.007806,0.024081,1.027136,14:15:05.824667,5.824666667
0.003479,0.022229,0.996295,14:15:05.825333,5.825333333
-0.051803,-0.019904,0.979043,14:15:05.826000,5.826000000
-0.106084,-0.037125,0.964731,14:15:05.826667,5.826666667
-0.060749,0.011555,0.997829,14:15:05.827333,5.827333333
-0.047467,0.027262,1.012713,14:15:05.828000,5.828000000
-0.032257,0.069412,1.045631,14:15:05.828667,5.828666667
-0.044532,0.018963,1.020883,14:15:05.829333,5.829333333
-0.007762,0.040610,1.021834,14:15:05.830000,5.830000000
0.031685,0.075799,1.041247,14:15:05.830667,5.830666667
0.050473,0.079664,1.063295,14:15:05.831333,5.831333333
0.206055,0.179289,1.138186,14:15:05.832000,5.832000000
0.209577,0.154480,1.126112,14:15:05.832667,5.832666667
0.081259,0.053425,1.047171,14:15:05.833333,5.833333333
0.053065,0.030862,1.025810,14:15:05.834000,5.834000000
0.138127,0.077938,1.046540,14:15:05.834667,5.834666667
0.135250,0.085187,1.069750,14:15:05.835333,5.835333333
0.126313,0.082061,1.027979,14:15:05.836000,5.836000000
0.075913,0.024410,0.992529,14:15:05.836667,5.836666667
0.029553,-0.006203,1.017066,14:15:05.837333,5.837333333
0.059384,0.017779,1.008019,14:15:05.838000,5.838000000
0.065152,0.008418,1.014284,14:15:05.838667,5.838666667
0.036734,-0.005298,0.989803,14:15:05.839333,5.839333333
0.036414,-0.023323,0.991708,14:15:05.840000,5.840000000
0.015075,0.026820,1.007377,14:15:05.840667,5.840666667
0.047694,0.003757,0.995329,14:15:05.841333,5.841333333
0.057890,0.037238,0.992760,14:15:05.842000,5.842000000
0.199623,0.086340,1.054171,14:15:05.842667,5.842666667
0.177743,0.073164,1.023762,14:15:05.843333,5.843333333
-0.016463,-0.032663,0.974803,14:15:05.844000,5.844000000
-0.012052,-0.043724,0.936880,14:15:05.844667,5.844666667
0.075052,0.019503,0.984162,14:15:05.845333,5.845333333
0.113179,0.045132,0.967615,14:15:05.846000,5.846000000
0.022215,-0.012388,0.952546,14:15:05.846667,5.846666667
-0.001943,-0.036533,0.952065,14:15:05.847333,5.847333333
-0.017490,-0.072975,0.943763,14:15:05.848000,5.848000000
-0.022632,-0.051076,0.936593,14:15:05.848667,5.848666667
-0.025860,-0.049031,0.947657,14:15:05.849333,5.849333333
-0.013663,-0.030122,0.938122,14:15:05.850000,5.850000000
-0.053394,-0.040677,0.968646,14:15:05.850667,5.850666667
-0.008305,-0.002337,0.971225,14:15:05.851333,5.851333333
0.001748,-0.000663,0.994684,14:15:05.852000,5.852000000
0.035730,-0.008396,0.998709,14:15:05.852667,5.852666667
0.170424,0.084307,1.058290,14:15:05.853333,5.853333333
0.057306,0.044053,0.977401,14:15:05.854000,5.854000000
-0.077679,-0.032507,0.991241,14:15:05.854667,5.854666667
-0.059455,-0.074861,0.994056,14:15:05.855333,5.855333333
0.030623,-0.000564,1.001853,14:15:05.856000,5.856000000
0.045356,0.013328,0.992957,14:15:05.856667,5.856666667
-0.086457,-0.034776,0.972219,14:15:05.857333,5.857333333
-0.110199,-0.094391,0.946159,14:15:05.858000,5.858000000
-0.089956,-0.105948,0.991739,14:15:05.858667,5.858666667
-0.095058,-0.094694,0.961930,14:15:05.859333,5.859333333
-0.095101,-0.078685,1.005907,14:15:05.860000,5.860000000
-0.140066,-0.075623,0.958448,14:15:05.860667,5.860666667
-0.144255,-0.075672,0.974842,14:15:05.861333,5.861333333
-0.138033,-0.038125,0.979621,14:15:05.862000,5.862000000
-0.115284,-0.032667,1.018629,14:15:05.862667,5.862666667
-0.024933,0.010597,1.033517,14:15:05.863333,5.863333333
0.058919,0.086296,1.077406,14:15:05.864000,5.864000000
-0.061479,0.000461,1.017890,14:15:05.864667,5.864666667
-0.118007,-0.031522,0.977306,14:15:05.865333,5.865333333
-0.052165,-0.029502,0.985052,14:15:05.866000,5.866000000
0.010554,0.054871,1.038804,14:15:05.866667,5.866666667
-0.008210,0.040663,1.007512,14:15:05.867333,5.867333333
-0.041226,0.015031,0.973931,14:15:05.868000,5.868000000
-0.081963,-0.006262,0.996940,14:15:05.868667,5.868666667
-0.076742,-0.005580,1.023821,14:15:05.869333,5.869333333
-0.049051,0.008884,1.003921,14:15:05.870000,5.870000000
-0.074956,0.023072,1.020033,14:15:05.870667,5.870666667
-0.023628,0.040805,1.026904,14:15:05.871333,5.871333333
0.003343,0.037044,1.026402,14:15:05.872000,5.872000000
0.045382,0.067778,1.035606,14:15:05.872667,5.872666667
0.054849,0.086457,1.053140,14:15:05.873333,5.873333333
0.142876,0.174725,1.092026,14:15:05.874000,5.874000000
0.211442,0.146439,1.130049,14:15:05.874667,5.874666667
0.083478,0.074934,1.057506,14:15:05.875333,5.875333333
0.045954,0.046831,1.014528,14:15:05.876000,5.876000000
0.091315,0.100821,1.044618,14:15:05.876667,5.876666667
0.173520,0.086236,1.078043,14:15:05.877333,5.877333333
0.143241,0.066165,1.031215,14:15:05.878000,5.878000000
0.062127,0.006650,1.017275,14:15:05.878667,5.878666667
0.047132,0.019095,0.978351,14:15:05.879333,5.879333333
0.031183,-0.030273,1.025024,14:15:05.880000,5.880000000
0.047533,0.027580,1.011473,14:15:05.880667,5.880666667
0.030294,0.000719,1.024732,14:15:05.881333,5.881333333
0.025779,0.002515,1.009335,14:15:05.882000,5.882000000
0.030489,-0.000296,0.995956,14:15:05.882667,5.882666667
0.059027,0.044301,0.999588,14:15:05.883333,5.883333333
0.081094,0.030356,1.015405,14:15:05.884000,5.884000000
0.176328,0.097841,1.045648,14:15:05.884667,5.884666667
0.134696,0.076797,1.056630,14:15:05.885333,5.885333333
-0.004079,-0.012576,0.971277,14:15:05.886000,5.886000000
0.047311,-0.020099,0.949567,14:15:05.886667,5.886666667
0.063869,0.052787,0.978058,14:15:05.887333,5.887333333
0.083783,0.032104,0.995807,14:15:05.888000,5.888000000
0.075143,0.009775,0.963075,14:15:05.888667,5.888666667
-0.020896,-0.036735,0.949370,14:15:05.889333,5.889333333
-0.027150,-0.097557,0.894728,14:15:05.890000,5.890000000
0.010786,-0.037937,0.956284,14:15:05.890667,5.890666667
-0.005337,-0.025435,0.954008,14:15:05.891333,5.891333333
-0.020619,-0.015472,0.931365,14:15:05.892000,5.892000000
-0.036369,-0.042095,0.951602,14:15:05.892667,5.892666667
-0.013495,-0.058410,0.969702,14:15:05.893333,5.893333333
0.005044,-0.034200,0.993897,14:15:05.894000,5.894000000
0.018753,0.010143,0.972379,14:15:05.894667,5.894666667
0.147906,0.082307,1.034610,14:15:05.895333,5.895333333
0.100763,0.056141,1.044659,14:15:05.896000,5.896000000
-0.064512,-0.054970,0.961082,14:15:05.896667,5.896666667
-0.035688,-0.065556,0.935730,14:15:05.897333,5.897333333
0.015694,0.004004,1.006896,14:15:05.898000,5.898000000
0.014852,-0.039275,1.002642,14:15:05.898667,5.898666667
-0.010397,-0.047208,0.973622,14:15:05.899333,5.899333333
-0.093475,-0.087798,0.950069,14:15:05.900000,5.900000000
-0.107806,-0.077780,0.955269,14:15:05.900667,5.900666667
-0.078479,-0.057139,0.960971,14:15:05.901333,5.901333333
-0.069892,-0.075257,0.972575,14:15:05.902000,5.902000000
-0.133905,-0.093242,1.005528,14:15:05.902667,5.902666667
-0.093907,-0.052418,0.974445,14:15:05.903333,5.903333333
-0.103909,-0.048680,1.010307,14:15:05.904000,5.904000000
-0.060014,-0.035510,1.008542,14:15:05.904667,5.904666667
-0.048874,-0.032747,1.003612,14:15:05.905333,5.905333333
0.009366,0.058984,1.072289,14:15:05.906000,5.906000000
0.009957,-0.006463,1.036453,14:15:05.906667,5.906666667
-0.142930,-0.053714,0.993090,14:15:05.907333,5.907333333
-0.095041,-0.031025,0.992328,14:15:05.908000,5.908000000
-0.023864,-0.000950,1.016941,14:15:05.908667,5.908666667
-0.011370,0.042697,1.036084,14:15:05.909333,5.909333333
-0.078857,-0.007072,0.986308,14:15:05.910000,5.910000000
-0.100539,-0.034942,0.976370,14:15:05.910667,5.910666667
-0.077463,-0.009864,1.005460,14:15:05.911333,5.911333333
-0.057210,0.020606,1.016116,14:15:05.912000,5.912000000
-0.030005,0.036766,1.024737,14:15:05.912667,5.912666667
-0.048026,-0.008101,1.020409,14:15:05.913333,5.913333333
-0.017909,0.025908,1.027808,14:15:05.914000,5.914000000
0.000778,0.065671,1.056994,14:15:05.914667,5.914666667
0.037644,0.096102,1.066313,14:15:05.915333,5.915333333
0.105687,0.139144,1.094060,14:15:05.916000,5.916000000
0.205669,0.200866,1.112541,14:15:05.916667,5.916666667
0.093067,0.108523,1.059300,14:15:05.917333,5.917333333
0.045500,0.068530,1.029597,14:15:05.918000,5.918000000
0.069543,0.060128,1.051516,14:15:05.918667,5.918666667
0.137275,0.130311,1.060852,14:15:05.919333,5.919333333
0.126061,0.065058,1.048830,14:15:05.920000,5.920000000
0.073789,0.029784,1.002417,14:15:05.920667,5.920666667
0.026434,-0.000796,0.994284,14:15:05.921333,5.921333333
0.078701,0.013634,1.013105,14:15:05.922000,5.922000000
0.091118,0.024964,1.030660,14:15:05.922667,5.922666667
0.075509,0.018338,1.018772,14:15:05.923333,5.923333333
0.016470,0.005253,1.006900,14:15:05.924000,5.924000000
0.024654,0.008347,0.984939,14:15:05.924667,5.924666667
0.061341,0.037807,0.995007,14:15:05.925333,5.925333333
0.073212,0.044185,1.055048,14:15:05.926000,5.926000000
0.167058,0.084902,1.046848,14:15:05.926667,5.926666667
0.164172,0.110217,1.058878,14:15:05.927333,5.927333333
0.065452,0.019237,1.013118,14:15:05.928000,5.928000000
0.022657,-0.036318,0.963649,14:15:05.928667,5.928666667
0.100816,0.012369,0.958808,14:15:05.929333,5.929333333
0.120151,0.049184,1.005225,14:15:05.930000,5.930000000
0.051402,0.023835,0.957537,14:15:05.930667,5.930666667
-0.031266,-0.032894,0.931202,14:15:05.931333,5.931333333
-0.028166,-0.042242,0.916039,14:15:05.932000,5.932000000
0.008778,-0.043665,0.959287,14:15:05.932667,5.932666667
-0.005896,-0.021217,0.947090,14:15:05.933333,5.933333333
-0.009168,-0.044254,0.960018,14:15:05.934000,5.934000000
-0.031463,-0.036158,0.961513,14:15:05.934667,5.934666667
-0.038376,-0.029331,0.961877,14:15:05.935333,5.935333333
0.010733,-0.009472,0.977343,14:15:05.936000,5.936000000
0.028789,-0.024482,0.986046,14:15:05.936667,5.936666667
0.160218,0.055309,1.048109,14:15:05.937333,5.937333333
0.116703,0.054052,1.042342,14:15:05.938000,5.938000000
-0.015550,-0.034588,0.967432,14:15:05.938667,5.938666667
-0.019779,-0.048775,0.954028,14:15:05.939333,5.939333333
0.015836,-0.023843,0.972509,14:15:05.940000,5.940000000
0.064095,-0.001565,0.981258,14:15:05.940667,5.940666667
-0.005136,-0.047086,0.981390,14:15:05.941333,5.941333333
-0.072485,-0.064573,0.942675,14:15:05.942000,5.942000000
-0.080287,-0.078863,0.959724,14:15:05.942667,5.942666667
-0.089123,-0.064651,0.972271,14:15:05.943333,5.943333333
-0.069039,-0.047981,0.982744,14:15:05.944000,5.944000000
-0.109830,-0.070235,0.976107,14:15:05.944667,5.944666667
-0.097693,-0.093852,0.999350,14:15:05.945333,5.945333333
-0.119005,-0.063019,0.998576,14:15:05.946000,5.946000000
-0.084845,-0.046759,1.001745,14:15:05.946667,5.946666667
-0.074780,-0.041592,1.024563,14:15:05.947333,5.947333333
0.045502,0.063052,1.076660,14:15:05.948000,5.948000000
0.031417,0.027327,1.039333,14:15:05.948667,5.948666667
-0.147112,-0.031155,1.017491,14:15:05.949333,5.949333333
-0.123557,-0.044846,0.991523,14:15:05.950000,5.950000000
-0.022103,0.013360,1.001887,14:15:05.950667,5.950666667
-0.026512,-0.034088,1.022383,14:15:05.951333,5.951333333
-0.096862,0.003461,0.995563,14:15:05.952000,5.952000000
-0.067923,-0.019021,0.964979,14:15:05.952667,5.952666667
-0.099565,-0.021630,1.005413,14:15:05.953333,5.953333333
-0.091629,0.013666,1.027866,14:15:05.954000,5.954000000
-0.047603,0.015182,1.012950,14:15:05.954667,5.954666667
-0.064574,0.025426,0.997081,14:15:05.955333,5.955333333
-0.063464,0.002956,1.011379,14:15:05.956000,5.956000000
-0.005366,0.049420,1.027426,14:15:05.956667,5.956666667
0.051892,0.075007,1.050580,14:15:05.957333,5.957333333
0.094407,0.120152,1.093781,14:15:05.958000,5.958000000
0.209874,0.182738,1.113435,14:15:05.958667,5.958666667
0.095569,0.094710,1.086881,14:15:05.959333,5.959333333
0.042386,0.056491,0.992421,14:15:05.960000,5.960000000
0.096956,0.060590,1.059658,14:15:05.960667,5.960666667
0.149211,0.079993,1.055709,14:15:05.961333,5.961333333
0.154376,0.123840,1.062714,14:15:05.962000,5.962000000
0.100580,0.050870,1.033775,14:15:05.962667,5.962666667
0.061204,0.008940,1.016998,14:15:05.963333,5.963333333
0.051203,0.021596,0.993831,14:15:05.964000,5.964000000
0.076148,0.048728,0.997302,14:15:05.964667,5.964666667
0.044227,0.033530,1.018643,14:15:05.965333,5.965333333
0.041159,0.009198,1.016522,14:15:05.966000,5.966000000
0.005587,0.011914,1.022302,14:15:05.966667,5.966666667
0.063076,0.036259,1.035439,14:15:05.967333,5.967333333
0.066627,0.027661,1.014428,14:15:05.968000,5.968000000
0.126436,0.114377,1.068446,14:15:05.968667,5.968666667
0.206515,0.119945,1.076201,14:15:05.969333,5.969333333
0.088529,0.015364,0.997987,14:15:05.970000,5.970000000
-0.019615,-0.036894,0.974659,14:15:05.970667,5.970666667
0.060369,0.004913,0.989622,14:15:05.971333,5.971333333
0.133425,0.048088,1.002275,14:15:05.972000,5.972000000
0.070024,0.033346,0.981750,14:15:05.972667,5.972666667
0.013801,-0.022527,0.960079,14:15:05.973333,5.973333333
-0.035556,-0.057025,0.934826,14:15:05.974000,5.974000000
-0.050840,-0.035211,0.939121,14:15:05.974667,5.974666667
-0.003215,-0.042677,0.957616,14:15:05.975333,5.975333333
-0.035381,-0.060830,0.946017,14:15:05.976000,5.976000000
-0.030456,-0.039798,0.944429,14:15:05.976667,5.976666667
-0.005863,-0.077273,0.959115,14:15:05.977333,5.977333333
0.028490,-0.011516,0.966397,14:15:05.978000,5.978000000
0.005997,0.016627,0.993955,14:15:05.978667,5.978666667
0.125868,0.082391,1.044152,14:15:05.979333,5.979333333
0.132943,0.078330,1.046466,14:15:05.980000,5.980000000
-0.010570,-0.008000,0.958105,14:15:05.980667,5.980666667
-0.049764,-0.027666,0.954204,14:15:05.981333,5.981333333
0.026699,-0.021458,0.960647,14:15:05.982000,5.982000000
0.036791,0.004872,1.002132,14:15:05.982667,5.982666667
0.011249,-0.035697,0.989691,14:15:05.983333,5.983333333
-0.067316,-0.048241,0.960947,14:15:05.984000,5.984000000
-0.086858,-0.079282,0.965642,14:15:05.984667,5.984666667
-0.099401,-0.087998,0.973159,14:15:05.985333,5.985333333
-0.055986,-0.056315,0.971212,14:15:05.986000,5.986000000
-0.098819,-0.090534,0.969499,14:15:05.986667,5.986666667
-0.116924,-0.076253,0.971773,14:15:05.987333,5.987333333
-0.118567,-0.053104,0.971522,14:15:05.988000,5.988000000
-0.102417,-0.048555,0.993176,14:15:05.988667,5.988666667
-0.060681,-0.055921,1.004218,14:15:05.989333,5.989333333
0.074941,0.065699,1.073324,14:15:05.990000,5.990000000
0.033013,0.008842,1.048164,14:15:05.990667,5.990666667
-0.118561,-0.063745,0.997007,14:15:05.991333,5.991333333
-0.113222,-0.053029,0.970915,14:15:05.992000,5.992000000
-0.043441,0.004999,0.987599,14:15:05.992667,5.992666667
-0.027101,0.015923,1.017334,14:15:05.993333,5.993333333
-0.071131,-0.008368,1.005260,14:15:05.994000,5.994000000
-0.123618,-0.060516,0.991113,14:15:05.994667,5.994666667
-0.070225,-0.024698,0.971446,14:15:05.995333,5.995333333
-0.103322,0.007810,0.999504,14:15:05.996000,5.996000000
-0.059942,-0.004562,1.012660,14:15:05.996667,5.996666667
-0.067863,0.005962,1.014218,14:15:05.997333,5.997333333
-0.073225,0.003697,1.031650,14:15:05.998000,5.998000000
-0.046132,0.051281,1.032990,14:15:05.998667,5.998666667
0.011163,0.090170,1.051410,14:15:05.999333,5.999333333
0.039000,0.057743,1.043500,14:15:06.000000,6.000000000
0.191653,0.182222,1.117681,14:15:06.000667,6.000666667
0.139012,0.115673,1.085762,14:15:06.001333,6.001333333
-0.015048,0.033215,1.017629,14:15:06.002000,6.002000000
0.019220,0.054703,1.032730,14:15:06.002667,6.002666667
0.118286,0.122114,1.048293,14:15:06.003333,6.003333333
0.115798,0.098951,1.056845,14:15:06.004000,6.004000000
0.077409,0.041785,1.023269,14:15:06.004667,6.004666667
0.045576,0.006915,1.008314,14:15:06.005333,6.005333333
0.047174,0.031044,1.027402,14:15:06.006000,6.006000000
0.050926,0.035731,1.030801,14:15:06.006667,6.006666667
0.084151,0.035930,1.030950,14:15:06.007333,6.007333333
0.019073,0.011772,1.027034,14:15:06.008000,6.008000000
0.038702,0.023978,1.029524,14:15:06.008667,6.008666667
0.077137,0.055220,1.020019,14:15:06.009333,6.009333333
0.069400,0.061005,1.026233,14:15:06.010000,6.010000000
0.096165,0.064931,1.038959,14:15:06.010667,6.010666667
0.223400,0.125608,1.080003,14:15:06.011333,6.011333333
0.118141,0.049623,1.025696,14:15:06.012000,6.012000000
0.025908,0.002688,0.980472,14:15:06.012667,6.012666667
0.031772,0.012947,0.985995,14:15:06.013333,6.013333333
0.139538,0.025664,0.991826,14:15:06.014000,6.014000000
0.100505,0.027806,0.981795,14:15:06.014667,6.014666667
0.042614,-0.002808,0.958865,14:15:06.015333,6.015333333
-0.015912,-0.081410,0.946001,14:15:06.016000,6.016000000
-0.009216,-0.064252,0.961880,14:15:06.016667,6.016666667
0.027527,-0.033962,0.953828,14:15:06.017333,6.017333333
-0.019526,-0.041190,0.961034,14:15:06.018000,6.018000000
-0.009373,-0.043925,0.936149,14:15:06.018667,6.018666667
-0.021857,-0.049423,0.940952,14:15:06.019333,6.019333333
-0.004687,-0.011571,0.986508,14:15:06.020000,6.020000000
0.015273,0.005918,0.979289,14:15:06.020667,6.020666667
0.085908,0.036952,1.022951,14:15:06.021333,6.021333333
0.113404,0.100828,1.055740,14:15:06.022000,6.022000000
0.021975,-0.008410,0.970099,14:15:06.022667,6.022666667
-0.038747,-0.068876,0.945493,14:15:06.023333,6.023333333
0.047386,-0.020601,0.975046,14:15:06.024000,6.024000000
0.064655,-0.006258,0.980978,14:15:06.024667,6.024666667
0.017134,-0.012184,0.985944,14:15:06.025333,6.025333333
-0.054140,-0.045123,0.958736,14:15:06.026000,6.026000000
-0.077380,-0.103236,0.926647,14:15:06.026667,6.026666667
-0.077502,-0.071183,0.979536,14:15:06.027333,6.027333333
-0.065124,-0.051098,0.982134,14:15:06.028000,6.028000000
-0.043607,-0.075069,0.989709,14:15:06.028667,6.028666667
-0.115712,-0.072417,0.950031,14:15:06.029333,6.029333333
-0.128153,-0.084081,0.978592,14:15:06.030000,6.030000000
-0.091837,-0.052749,1.011849,14:15:06.030667,6.030666667
-0.059291,-0.015364,1.019147,14:15:06.031333,6.031333333
0.045420,0.047552,1.052017,14:15:06.032000,6.032000000
0.044943,0.032605,1.054812,14:15:06.032667,6.032666667
-0.121074,-0.042737,0.991464,14:15:06.033333,6.033333333
-0.123976,-0.084202,0.974305,14:15:06.034000,6.034000000
-0.077512,-0.031932,1.019644,14:15:06.034667,6.034666667
-0.030923,0.027413,1.025075,14:15:06.035333,6.035333333
-0.067335,-0.012130,1.009480,14:15:06.036000,6.036000000
-0.121364,-0.080055,0.975712,14:15:06.036667,6.036666667
-0.132041,-0.020972,0.967629,14:15:06.037333,6.037333333
-0.110566,-0.038120,0.996631,14:15:06.038000,6.038000000
-0.094470,-0.011740,0.988614,14:15:06.038667,6.038666667
-0.060042,-0.062179,1.010374,14:15:06.039333,6.039333333
-0.088156,0.002657,1.007842,14:15:06.040000,6.040000000
-0.067198,0.014770,1.020594,14:15:06.040667,6.040666667
-0.014001,0.036844,1.039606,14:15:06.041333,6.041333333
-0.008438,0.070066,1.042099,14:15:06.042000,6.042000000
0.137620,0.152310,1.121268,14:15:06.042667,6.042666667
0.110078,0.149189,1.107697,14:15:06.043333,6.043333333
0.017598,0.058566,1.041266,14:15:06.044000,6.044000000
0.002983,0.039918,1.012556,14:15:06.044667,6.044666667
0.065877,0.078950,1.043853,14:15:06.045333,6.045333333
0.123448,0.101395,1.070912,14:15:06.046000,6.046000000
0.060046,0.067900,1.053963,14:15:06.046667,6.046666667
0.047745,0.034627,1.006822,14:15:06.047333,6.047333333
0.031405,0.023756,1.027322,14:15:06.048000,6.048000000
0.057643,0.065931,1.025932,14:15:06.048667,6.048666667
0.072255,0.050839,1.047756,14:15:06.049333,6.049333333
0.041597,0.006132,1.002795,14:15:06.050000,6.050000000
0.029455,0.043225,1.040919,14:15:06.050667,6.050666667
0.021601,0.011811,1.024216,14:15:06.051333,6.051333333
0.080792,0.031000,1.043907,14:15:06.052000,6.052000000
0.098212,0.054229,1.024804,14:15:06.052667,6.052666667
0.218012,0.122798,1.084164,14:15:06.053333,6.053333333
0.144797,0.080234,1.047681,14:15:06.054000,6.054000000
-0.008678,-0.034469,0.961030,14:15:06.054667,6.054666667
0.037665,0.010528,0.988804,14:15:06.055333,6.055333333
0.123128,0.036755,1.010949,14:15:06.056000,6.056000000
0.140164,0.053164,1.004821,14:15:06.056667,6.056666667
0.067096,-0.002060,0.980011,14:15:06.057333,6.057333333
-0.008721,-0.056349,0.938194,14:15:06.058000,6.058000000
-0.005566,-0.043742,0.943590,14:15:06.058667,6.058666667
0.008554,-0.024486,0.974629,14:15:06.059333,6.059333333
-0.022195,-0.025802,0.944891,14:15:06.060000,6.060000000
-0.015139,-0.059182,0.945414,14:15:06.060667,6.060666667
-0.016097,-0.049391,0.941463,14:15:06.061333,6.061333333
-0.035314,-0.019249,0.935527,14:15:06.062000,6.062000000
0.046019,0.004420,0.972031,14:15:06.062667,6.062666667
0.090182,0.054478,1.014750,14:15:06.063333,6.063333333
0.152144,0.133128,1.019196,14:15:06.064000,6.064000000
0.066986,0.004982,1.006857,14:15:06.064667,6.064666667
-0.038773,-0.061878,0.950316,14:15:06.065333,6.065333333
0.009982,-0.026425,0.971897,14:15:06.066000,6.066000000
0.076399,0.025769,0.995067,14:15:06.066667,6.066666667
0.064841,0.003759,1.001588,14:15:06.067333,6.067333333
-0.023361,-0.064968,0.960840,14:15:06.068000,6.068000000
-0.064176,-0.085649,0.968004,14:15:06.068667,6.068666667
-0.095359,-0.071784,0.946845,14:15:06.069333,6.069333333
-0.033678,-0.054598,0.957642,14:15:06.070000,6.070000000
-0.062905,-0.079802,0.967533,14:15:06.070667,6.070666667
-0.060379,-0.083071,0.938442,14:15:06.071333,6.071333333
-0.105313,-0.097503,0.977941,14:15:06.072000,6.072000000
-0.075606,-0.076165,0.990466,14:15:06.072667,6.072666667
-0.070649,-0.025113,0.992653,14:15:06.073333,6.073333333
0.021930,0.021113,1.063235,14:15:06.074000,6.074000000
0.071170,0.017151,1.061701,14:15:06.074667,6.074666667
-0.051301,-0.009422,0.973627,14:15:06.075333,6.075333333
-0.162239,-0.092762,0.954177,14:15:06.076000,6.076000000
-0.076745,-0.046804,0.996245,14:15:06.076667,6.076666667
-0.037634,0.006412,0.997505,14:15:06.077333,6.077333333
-0.077223,-0.034214,1.003699,14:15:06.078000,6.078000000
-0.109168,-0.065316,0.968372,14:15:06.078667,6.078666667
-0.134081,-0.092889,0.966922,14:15:06.079333,6.079333333
-0.108445,-0.023965,0.977949,14:15:06.080000,6.080000000
-0.077733,-0.008302,0.996665,14:15:06.080667,6.080666667
-0.112096,-0.018235,1.004307,14:15:06.081333,6.081333333
-0.088072,-0.028167,1.006818,14:15:06.082000,6.082000000
-0.082343,-0.026219,0.999671,14:15:06.082667,6.082666667
-0.046847,0.041253,1.033234,14:15:06.083333,6.083333333
-0.009223,0.059282,1.034572,14:15:06.084000,6.084000000
0.083656,0.165358,1.099657,14:15:06.084667,6.084666667
0.116299,0.129641,1.091847,14:15:06.085333,6.085333333
0.013174,0.050553,1.010183,14:15:06.086000,6.086000000
0.003900,0.024370,1.013816,14:15:06.086667,6.086666667
0.081242,0.084105,1.054346,14:15:06.087333,6.087333333
0.119124,0.115253,1.055054,14:15:06.088000,6.088000000
0.095741,0.066730,1.037454,14:15:06.088667,6.088666667
0.065740,0.001565,1.008209,14:15:06.089333,6.089333333
0.048390,0.037606,1.004647,14:15:06.090000,6.090000000
0.047493,0.053222,1.024411,14:15:06.090667,6.090666667
0.071376,0.019057,1.042629,14:15:06.091333,6.091333333
0.063892,0.032414,1.011346,14:15:06.092000,6.092000000
0.030283,0.024384,1.031359,14:15:06.092667,6.092666667
0.033661,0.054249,1.021888,14:15:06.093333,6.093333333
0.062377,0.059761,1.057575,14:15:06.094000,6.094000000
0.071572,0.078787,1.050917,14:15:06.094667,6.094666667
0.212889,0.156070,1.079417,14:15:06.095333,6.095333333
0.135865,0.095815,1.065357,14:15:06.096000,6.096000000
0.037659,-0.004781,1.013997,14:15:06.096667,6.096666667
0.052095,-0.010162,0.999400,14:15:06.097333,6.097333333
0.122607,0.042611,1.013755,14:15:06.098000,6.098000000
0.127160,0.022019,0.998034,14:15:06.098667,6.098666667
0.058203,0.021429,0.972804,14:15:06.099333,6.099333333
-0.005972,-0.025138,0.927743,14:15:06.100000,6.100000000
0.017315,-0.055634,0.950315,14:15:06.100667,6.100666667
0.006856,-0.042367,0.969990,14:15:06.101333,6.101333333
0.001773,-0.013653,0.975053,14:15:06.102000,6.102000000
-0.014039,-0.024773,0.961879,14:15:06.102667,6.102666667
0.027392,-0.026745,0.929386,14:15:06.103333,6.103333333
-0.005812,-0.003921,0.942986,14:15:06.104000,6.104000000
0.045896,0.003804,0.977277,14:15:06.104667,6.104666667
0.030256,0.008333,0.962530,14:15:06.105333,6.105333333
0.186292,0.112077,1.046988,14:15:06.106000,6.106000000
0.072581,0.024586,1.017544,14:15:06.106667,6.106666667
-0.020308,-0.012025,0.963716,14:15:06.107333,6.107333333
0.001931,-0.042233,0.972022,14:15:06.108000,6.108000000
0.064675,0.024079,1.002107,14:15:06.108667,6.108666667
0.088867,0.020573,0.998079,14:15:06.109333,6.109333333
0.007670,-0.059154,0.951401,14:15:06.110000,6.110000000
-0.087979,-0.093035,0.923040,14:15:06.110667,6.110666667
-0.039815,-0.043998,0.971160,14:15:06.111333,6.111333333
-0.016687,-0.055144,0.954135,14:15:06.112000,6.112000000
-0.081793,-0.094854,0.996676,14:15:06.112667,6.112666667
-0.072755,-0.083316,0.949975,14:15:06.113333,6.113333333
-0.100721,-0.058221,0.987231,14:15:06.114000,6.114000000
-0.081030,-0.069390,0.979035,14:15:06.114667,6.114666667
-0.057099,-0.038890,1.013969,14:15:06.115333,6.115333333
0.000876,0.003192,1.032799,14:15:06.116000,6.116000000
0.050953,0.052764,1.066929,14:15:06.116667,6.116666667
-0.058087,-0.012702,1.018598,14:15:06.117333,6.117333333
-0.151525,-0.071143,0.950625,14:15:06.118000,6.118000000
-0.108886,-0.045200,0.975001,14:15:06.118667,6.118666667
-0.030413,0.005234,1.005714,14:15:06.119333,6.119333333
-0.023035,0.008681,0.996030,14:15:06.120000,6.120000000
-0.157632,-0.067243,0.981219,14:15:06.120667,6.120666667
-0.158736,-0.093097,0.946454,14:15:06.121333,6.121333333
-0.101877,-0.055153,0.997900,14:15:06.122000,6.122000000
-0.130085,-0.021792,0.999743,14:15:06.122667,6.122666667
-0.107604,-0.041378,0.969824,14:15:06.123333,6.123333333
-0.120142,-0.044245,1.014690,14:15:06.124000,6.124000000
-0.116222,-0.026195,1.009038,14:15:06.124667,6.124666667
-0.055326,0.024283,1.035895,14:15:06.125333,6.125333333
-0.034718,0.022006,1.004870,14:15:06.126000,6.126000000
0.085185,0.116212,1.064721,14:15:06.126667,6.126666667
0.108524,0.166985,1.095019,14:15:06.127333,6.127333333
-0.007240,0.067446,1.028379,14:15:06.128000,6.128000000
-0.004650,0.018831,1.028609,14:15:06.128667,6.128666667
0.036760,0.033688,1.031727,14:15:06.129333,6.129333333
0.106413,0.120250,1.065736,14:15:06.130000,6.130000000
0.078625,0.113311,1.063565,14:15:06.130667,6.130666667
0.000355,0.029066,1.005756,14:15:06.131333,6.131333333
0.021041,0.015635,1.006487,14:15:06.132000,6.132000000
0.053555,0.062652,1.027304,14:15:06.132667,6.132666667
0.058008,0.056778,1.029219,14:15:06.133333,6.133333333
0.045316,0.019665,1.015793,14:15:06.134000,6.134000000
0.051094,0.054663,1.023152,14:15:06.134667,6.134666667
0.045833,0.039200,1.035658,14:15:06.135333,6.135333333
0.091552,0.055062,1.035107,14:15:06.136000,6.136000000
0.100767,0.054725,1.072614,14:15:06.136667,6.136666667
0.216715,0.147997,1.097730,14:15:06.137333,6.137333333
0.200745,0.107295,1.070245,14:15:06.138000,6.138000000
0.077361,0.010918,0.992320,14:15:06.138667,6.138666667
0.010210,0.013992,0.987713,14:15:06.139333,6.139333333
0.099351,-0.009199,1.009523,14:15:06.140000,6.140000000
0.112463,0.078880,1.015724,14:15:06.140667,6.140666667
0.117516,0.017746,0.980554,14:15:06.141333,6.141333333
-0.008514,-0.060636,0.932911,14:15:06.142000,6.142000000
0.006185,-0.042751,0.942966,14:15:06.142667,6.142666667
-0.003710,-0.019641,0.945398,14:15:06.143333,6.143333333
-0.031073,-0.047165,0.954791,14:15:06.144000,6.144000000
0.012143,-0.033468,0.930431,14:15:06.144667,6.144666667
-0.042862,-0.031210,0.956037,14:15:06.145333,6.145333333
-0.000782,-0.033805,0.968775,14:15:06.146000,6.146000000
0.051518,0.010787,0.975417,14:15:06.146667,6.146666667
0.023687,0.007271,1.013064,14:15:06.147333,6.147333333
0.203035,0.116706,1.028614,14:15:06.148000,6.148000000
0.111241,0.031800,1.000951,14:15:06.148667,6.148666667
-0.041360,-0.029038,0.947897,14:15:06.149333,6.149333333
-0.028362,-0.053203,0.948443,14:15:06.150000,6.150000000
0.107554,0.008639,0.986991,14:15:06.150667,6.150666667
0.070085,0.004807,0.980049,14:15:06.151333,6.151333333
0.000261,-0.025819,0.945957,14:15:06.152000,6.152000000
-0.051891,-0.076899,0.935655,14:15:06.152667,6.152666667
-0.023298,-0.065184,0.940040,14:15:06.153333,6.153333333
-0.012577,-0.059668,0.941431,14:15:06.154000,6.154000000
-0.033535,-0.080938,1.001900,14:15:06.154667,6.154666667
-0.089671,-0.055597,0.960645,14:15:06.155333,6.155333333
-0.119282,-0.076071,0.969499,14:15:06.156000,6.156000000
-0.072332,-0.054710,0.964929,14:15:06.156667,6.156666667
-0.085022,-0.020397,1.022162,14:15:06.157333,6.157333333
-0.006547,-0.018681,1.033324,14:15:06.158000,6.158000000
0.127736,0.039103,1.048710,14:15:06.158667,6.158666667
0.017665,-0.010654,1.050947,14:15:06.159333,6.159333333
-0.099214,-0.098585,0.972768,14:15:06.160000,6.160000000
-0.083185,-0.077608,0.962304,14:15:06.160667,6.160666667
-0.035238,-0.015662,1.024235,14:15:06.161333,6.161333333
-0.045288,-0.027233,0.978779,14:15:06.162000,6.162000000
-0.110924,-0.035442,0.976634,14:15:06.162667,6.162666667
-0.146626,-0.088383,0.959529,14:15:06.163333,6.163333333
-0.131375,-0.052908,0.967450,14:15:06.164000,6.164000000
-0.098903,-0.037087,0.983519,14:15:06.164667,6.164666667
-0.093267,-0.051696,0.995012,14:15:06.165333,6.165333333
-0.137911,-0.050288,0.981941,14:15:06.166000,6.166000000
-0.092876,-0.001357,1.004475,14:15:06.166667,6.166666667
-0.064929,0.021986,1.015450,14:15:06.167333,6.167333333
-0.055902,0.039594,1.022084,14:15:06.168000,6.168000000
0.052691,0.098188,1.066551,14:15:06.168667,6.168666667
0.128691,0.144950,1.124358,14:15:06.169333,6.169333333
0.003891,0.084543,1.052734,14:15:06.170000,6.170000000
-0.074087,-0.003405,0.995471,14:15:06.170667,6.170666667
-0.016123,0.092898,1.016440,14:15:06.171333,6.171333333
0.104203,0.099408,1.024504,14:15:06.172000,6.172000000
0.088837,0.096432,1.044662,14:15:06.172667,6.172666667
0.018744,0.040384,1.010507,14:15:06.173333,6.173333333
0.033588,0.022446,1.000576,14:15:06.174000,6.174000000
0.053647,0.073220,1.018091,14:15:06.174667,6.174666667
0.051493,0.056285,1.016444,14:15:06.175333,6.175333333
0.050606,0.018462,1.013456,14:15:06.176000,6.176000000
0.046596,0.026932,1.018078,14:15:06.176667,6.176666667
0.045614,0.000723,1.031778,14:15:06.177333,6.177333333
0.069899,0.077463,1.069009,14:15:06.178000,6.178000000
0.074716,0.077492,1.061836,14:15:06.178667,6.178666667
0.188897,0.144587,1.084868,14:15:06.179333,6.179333333
0.197785,0.135978,1.085373,14:15:06.180000,6.180000000
0.062802,0.060766,1.049260,14:15:06.180667,6.180666667
0.049285,-0.013172,1.006957,14:15:06.181333,6.181333333
0.097110,0.058547,1.001825,14:15:06.182000,6.182000000
0.178930,0.061133,1.025440,14:15:06.182667,6.182666667
0.114296,0.038976,1.008491,14:15:06.183333,6.183333333
0.005429,-0.011287,0.962168,14:15:06.184000,6.184000000
-0.009766,-0.053450,0.947186,14:15:06.184667,6.184666667
0.009789,-0.005711,0.953133,14:15:06.185333,6.185333333
0.013358,-0.024946,0.960117,14:15:06.186000,6.186000000
-0.021211,-0.040132,0.978837,14:15:06.186667,6.186666667
-0.006708,-0.046174,0.969260,14:15:06.187333,6.187333333
0.000258,0.005843,0.945719,14:15:06.188000,6.188000000
0.035818,-0.029263,0.979037,14:15:06.188667,6.188666667
0.025699,0.002831,0.991942,14:15:06.189333,6.189333333
0.151784,0.083843,1.044245,14:15:06.190000,6.190000000
0.116739,0.068406,1.019275,14:15:06.190667,6.190666667
0.001061,-0.043148,0.966627,14:15:06.191333,6.191333333
0.007297,-0.044771,0.950191,14:15:06.192000,6.192000000
0.057238,-0.007961,0.989790,14:15:06.192667,6.192666667
0.093014,0.004851,0.996285,14:15:06.193333,6.193333333
0.030659,-0.000111,0.948115,14:15:06.194000,6.194000000
-0.016412,-0.094857,0.949727,14:15:06.194667,6.194666667
-0.050182,-0.071337,0.940522,14:15:06.195333,6.195333333
-0.010634,-0.052564,0.956546,14:15:06.196000,6.196000000
-0.022863,-0.064479,0.963187,14:15:06.196667,6.196666667
-0.029899,-0.080521,0.964994,14:15:06.197333,6.197333333
-0.074859,-0.069911,0.986478,14:15:06.198000,6.198000000
-0.018212,-0.059700,0.978323,14:15:06.198667,6.198666667
-0.075128,-0.058442,1.003344,14:15:06.199333,6.199333333
-0.043150,-0.057231,1.005637,14:15:06.200000,6.200000000
0.086808,0.037419,1.072257,14:15:06.200667,6.200666667
0.009950,0.021007,1.046820,14:15:06.201333,6.201333333
-0.116171,-0.098727,0.968943,14:15:06.202000,6.202000000
-0.109103,-0.093322,0.985299,14:15:06.202667,6.202666667
-0.042633,-0.040947,0.992323,14:15:06.203333,6.203333333
-0.030356,-0.031234,1.019270,14:15:06.204000,6.204000000
-0.086028,-0.048316,0.981411,14:15:06.204667,6.204666667
-0.149036,-0.086603,0.946391,14:15:06.205333,6.205333333
-0.159955,-0.037775,0.966703,14:15:06.206000,6.206000000
-0.116819,-0.068116,0.978317,14:15:06.206667,6.206666667
-0.142915,-0.080678,0.979749,14:15:06.207333,6.207333333
-0.146959,-0.054099,1.002298,14:15:06.208000,6.208000000
-0.139350,-0.069699,0.988076,14:15:06.208667,6.208666667
-0.096741,-0.026724,1.026192,14:15:06.209333,6.209333333
-0.045169,0.013799,1.020693,14:15:06.210000,6.210000000
-0.013759,0.071526,1.054937,14:15:06.210667,6.210666667
0.104498,0.131593,1.098564,14:15:06.211333,6.211333333
0.003240,0.091818,1.047054,14:15:06.212000,6.212000000
-0.076346,0.004195,1.004457,14:15:06.212667,6.212666667
-0.020774,0.061061,1.016957,14:15:06.213333,6.213333333
0.068804,0.078402,1.035305,14:15:06.214000,6.214000000
0.072211,0.086243,1.076300,14:15:06.214667,6.214666667
0.003464,0.038711,1.048881,14:15:06.215333,6.215333333
0.037826,0.010972,1.014579,14:15:06.216000,6.216000000
0.018373,0.014323,1.011770,14:15:06.216667,6.216666667
0.044322,0.016549,1.049631,14:15:06.217333,6.217333333
0.061494,0.073103,1.019509,14:15:06.218000,6.218000000
0.027243,0.029156,1.040571,14:15:06.218667,6.218666667
0.035012,0.034599,1.051880,14:15:06.219333,6.219333333
0.038789,0.078724,1.053164,14:15:06.220000,6.220000000
0.086776,0.074311,1.069562,14:15:06.220667,6.220666667
0.177842,0.136938,1.101555,14:15:06.221333,6.221333333
0.199423,0.156076,1.140072,14:15:06.222000,6.222000000
0.096718,0.083435,1.027120,14:15:06.222667,6.222666667
0.037507,0.037867,1.005687,14:15:06.223333,6.223333333
0.084759,0.016435,1.020399,14:15:06.224000,6.224000000
0.132258,0.065463,1.031371,14:15:06.224667,6.224666667
0.120084,0.035871,1.023907,14:15:06.225333,6.225333333
0.042583,-0.032641,0.966175,14:15:06.226000,6.226000000
0.021465,-0.018343,0.983652,14:15:06.226667,6.226666667
0.053654,-0.031443,0.971949,14:15:06.227333,6.227333333
-0.004085,-0.032342,0.977985,14:15:06.228000,6.228000000
0.018759,0.003760,0.965298,14:15:06.228667,6.228666667
0.023824,-0.017013,0.951325,14:15:06.229333,6.229333333
0.028705,-0.017584,0.966340,14:15:06.230000,6.230000000
0.034646,-0.009315,0.993168,14:15:06.230667,6.230666667
0.043088,0.024369,0.961381,14:15:06.231333,6.231333333
0.149358,0.103139,1.024520,14:15:06.232000,6.232000000
0.139239,0.082198,1.030152,14:15:06.232667,6.232666667
0.003961,-0.023806,0.967027,14:15:06.233333,6.233333333
-0.012516,-0.052182,0.942139,14:15:06.234000,6.234000000
0.029694,-0.009933,0.952256,14:15:06.234667,6.234666667
0.106661,0.025834,1.002689,14:15:06.235333,6.235333333
0.056475,0.016752,0.972617,14:15:06.236000,6.236000000
-0.043415,-0.044030,0.940268,14:15:06.236667,6.236666667
-0.048847,-0.051880,0.940440,14:15:06.237333,6.237333333
-0.005903,-0.044100,0.939650,14:15:06.238000,6.238000000
-0.034465,-0.029194,0.987406,14:15:06.238667,6.238666667
-0.050120,-0.032387,0.967136,14:15:06.239333,6.239333333
-0.038609,-0.079363,0.980276,14:15:06.240000,6.240000000
-0.066908,-0.038043,0.991594,14:15:06.240667,6.240666667
-0.013690,-0.068076,1.010044,14:15:06.241333,6.241333333
-0.026297,-0.018611,0.988754,14:15:06.242000,6.242000000
0.102489,0.047232,1.076199,14:15:06.242667,6.242666667
0.059349,0.024343,1.035713,14:15:06.243333,6.243333333
-0.112260,-0.077422,0.981998,14:15:06.244000,6.244000000
-0.076255,-0.109195,0.979103,14:15:06.244667,6.244666667
-0.040279,-0.025841,1.023873,14:15:06.245333,6.245333333
-0.060518,-0.030437,0.990827,14:15:06.246000,6.246000000
-0.094124,-0.044263,0.971551,14:15:06.246667,6.246666667
-0.146276,-0.074420,0.951282,14:15:06.247333,6.247333333
-0.161399,-0.110564,0.942475,14:15:06.248000,6.248000000
-0.116460,-0.056285,0.974065,14:15:06.248667,6.248666667
-0.117097,-0.047831,0.960188,14:15:06.249333,6.249333333
-0.160028,-0.061884,0.964823,14:15:06.250000,6.250000000
-0.151594,-0.034588,0.999858,14:15:06.250667,6.250666667
-0.098391,-0.018426,0.994051,14:15:06.251333,6.251333333
-0.080148,0.007927,1.031968,14:15:06.252000,6.252000000
-0.047125,0.037152,1.046051,14:15:06.252667,6.252666667
0.092764,0.096468,1.109153,14:15:06.253333,6.253333333
0.027031,0.090468,1.068383,14:15:06.254000,6.254000000
-0.116358,0.007309,1.013553,14:15:06.254667,6.254666667
-0.028909,0.038314,1.017276,14:15:06.255333,6.255333333
0.031003,0.091236,1.011890,14:15:06.256000,6.256000000
0.092466,0.075207,1.025357,14:15:06.256667,6.256666667
0.055729,0.076944,1.014340,14:15:06.257333,6.257333333
-0.016914,0.005671,1.001633,14:15:06.258000,6.258000000
-0.006774,0.024827,0.998098,14:15:06.258667,6.258666667
0.024361,0.039448,1.031154,14:15:06.259333,6.259333333
0.057106,0.036830,1.052851,14:15:06.260000,6.260000000
0.009209,0.021542,1.037961,14:15:06.260667,6.260666667
-0.015665,0.036472,1.051769,14:15:06.261333,6.261333333
0.099119,0.069480,1.059826,14:15:06.262000,6.262000000
0.079376,0.077907,1.049790,14:15:06.262667,6.262666667
0.152094,0.123373,1.087707,14:15:06.263333,6.263333333
0.238707,0.193251,1.110822,14:15:06.264000,6.264000000
0.139563,0.099629,1.073394,14:15:06.264667,6.264666667
0.062234,-0.000801,1.021243,14:15:06.265333,6.265333333
0.077037,0.022334,1.008674,14:15:06.266000,6.266000000
0.139881,0.096168,1.051096,14:15:06.266667,6.266666667
0.127909,0.075883,1.020715,14:15:06.267333,6.267333333
0.096450,0.000187,0.981715,14:15:06.268000,6.268000000
0.015159,-0.016900,0.950048,14:15:06.268667,6.268666667
-0.002199,-0.015649,0.984310,14:15:06.269333,6.269333333
-0.003118,-0.015861,1.009603,14:15:06.270000,6.270000000
0.035904,-0.014225,0.973702,14:15:06.270667,6.270666667
-0.002841,-0.042257,0.968326,14:15:06.271333,6.271333333
-0.027573,-0.019683,0.964959,14:15:06.272000,6.272000000
0.031719,-0.023513,0.982713,14:15:06.272667,6.272666667
0.031436,0.016853,0.971728,14:15:06.273333,6.273333333
0.116262,0.094271,1.034825,14:15:06.274000,6.274000000
0.200885,0.131080,1.031147,14:15:06.274667,6.274666667
0.073507,-0.012940,0.976375,14:15:06.275333,6.275333333
-0.028694,-0.029295,0.955890,14:15:06.276000,6.276000000
0.050712,-0.023885,0.970279,14:15:06.276667,6.276666667
0.108936,0.019549,0.985158,14:15:06.277333,6.277333333
0.076923,-0.017332,0.981959,14:15:06.278000,6.278000000
-0.006526,-0.079694,0.936471,14:15:06.278667,6.278666667
-0.017615,-0.076979,0.921109,14:15:06.279333,6.279333333
-0.028906,-0.060985,0.958011,14:15:06.280000,6.280000000
-0.036246,-0.016627,0.939820,14:15:06.280667,6.280666667
-0.004884,-0.037428,0.990086,14:15:06.281333,6.281333333
-0.067486,-0.085327,0.964283,14:15:06.282000,6.282000000
-0.052627,-0.046758,0.950976,14:15:06.282667,6.282666667
-0.053592,-0.020730,1.000061,14:15:06.283333,6.283333333
-0.005515,-0.027093,0.997595,14:15:06.284000,6.284000000
0.100937,0.020582,1.109588,14:15:06.284667,6.284666667
0.056137,0.039011,1.067173,14:15:06.285333,6.285333333
-0.056338,-0.054415,0.985721,14:15:06.286000,6.286000000
-0.079512,-0.097334,0.980321,14:15:06.286667,6.286666667
-0.014854,-0.042011,1.007477,14:15:06.287333,6.287333333
-0.037150,-0.015925,1.009830,14:15:06.288000,6.288000000
-0.070380,-0.034313,0.986327,14:15:06.288667,6.288666667
-0.163058,-0.095204,0.953788,14:15:06.289333,6.289333333
-0.158610,-0.109011,0.933197,14:15:06.290000,6.290000000
-0.117188,-0.091249,0.969359,14:15:06.290667,6.290666667
-0.115532,-0.075240,0.978874,14:15:06.291333,6.291333333
-0.169935,-0.052621,0.982497,14:15:06.292000,6.292000000
-0.172237,-0.056128,1.001420,14:15:06.292667,6.292666667
-0.107306,-0.020506,0.990554,14:15:06.293333,6.293333333
-0.119824,-0.013874,1.000094,14:15:06.294000,6.294000000
-0.046437,0.008342,1.025955,14:15:06.294667,6.294666667
0.094528,0.081663,1.088092,14:15:06.295333,6.295333333
0.028371,0.074828,1.046762,14:15:06.296000,6.296000000
-0.071219,0.024551,1.012932,14:15:06.296667,6.296666667
-0.074510,-0.010159,0.991852,14:15:06.297333,6.297333333
0.038686,0.099171,1.029595,14:15:06.298000,6.298000000
0.028525,0.076962,1.061141,14:15:06.298667,6.298666667
0.023787,0.047765,1.011024,14:15:06.299333,6.299333333
-0.000977,0.010900,0.980954,14:15:06.300000,6.300000000
-0.010020,0.013886,1.047354,14:15:06.300667,6.300666667
0.030997,0.017497,1.033685,14:15:06.301333,6.301333333
0.016378,0.059836,1.041455,14:15:06.302000,6.302000000
0.005849,0.065270,1.039644,14:15:06.302667,6.302666667
0.019609,0.052872,1.010221,14:15:06.303333,6.303333333
0.068971,0.103625,1.039793,14:15:06.304000,6.304000000
0.095468,0.065610,1.057565,14:15:06.304667,6.304666667
0.082350,0.109082,1.069779,14:15:06.305333,6.305333333
0.233112,0.195565,1.118690,14:15:06.306000,6.306000000
0.146618,0.102943,1.095321,14:15:06.306667,6.306666667
0.056649,0.022290,1.007678,14:15:06.307333,6.307333333
0.071763,0.028691,1.007360,14:15:06.308000,6.308000000
0.176594,0.074696,1.049408,14:15:06.308667,6.308666667
0.099887,0.065941,1.046066,14:15:06.309333,6.309333333
0.095377,0.009504,1.015390,14:15:06.310000,6.310000000
0.021614,-0.016715,0.951128,14:15:06.310667,6.310666667
0.040030,-0.004186,0.970999,14:15:06.311333,6.311333333
0.056416,0.002560,0.988766,14:15:06.312000,6.312000000
0.043510,-0.019133,0.987879,14:15:06.312667,6.312666667
-0.016901,-0.035289,0.965521,14:15:06.313333,6.313333333
-0.010916,-0.028479,0.977745,14:15:06.314000,6.314000000
0.041953,-0.008941,1.013009,14:15:06.314667,6.314666667
0.006862,0.001208,0.998020,14:15:06.315333,6.315333333
0.117521,0.073763,1.035305,14:15:06.316000,6.316000000
0.185309,0.128291,1.052375,14:15:06.316667,6.316666667
0.059061,0.018770,0.988953,14:15:06.317333,6.317333333
-0.036541,-0.034575,0.950275,14:15:06.318000,6.318000000
0.022299,-0.022025,0.950512,14:15:06.318667,6.318666667
0.096601,0.018034,0.978174,14:15:06.319333,6.319333333
0.084231,-0.009414,0.961531,14:15:06.320000,6.320000000
0.042158,-0.053555,0.960618,14:15:06.320667,6.320666667
-0.052994,-0.050939,0.927430,14:15:06.321333,6.321333333
-0.021536,-0.053589,0.946745,14:15:06.322000,6.322000000
-0.003422,-0.019201,0.965766,14:15:06.322667,6.322666667
-0.045618,-0.062377,0.950253,14:15:06.323333,6.323333333
-0.066822,-0.042394,0.963436,14:15:06.324000,6.324000000
-0.040141,-0.060664,0.986152,14:15:06.324667,6.324666667
-0.001490,-0.025626,0.972304,14:15:06.325333,6.325333333
-0.023346,-0.024447,0.994262,14:15:06.326000,6.326000000
0.063061,0.050684,1.060200,14:15:06.326667,6.326666667
0.111575,0.049496,1.073314,14:15:06.327333,6.327333333
-0.006794,-0.039522,0.998069,14:15:06.328000,6.328000000
-0.107022,-0.080922,0.965434,14:15:06.328667,6.328666667
-0.032871,-0.050010,0.968174,14:15:06.329333,6.329333333
0.009010,-0.014854,1.005748,14:15:06.330000,6.330000000
-0.056459,-0.040148,1.009492,14:15:06.330667,6.330666667
-0.138800,-0.080059,0.963813,14:15:06.331333,6.331333333
-0.132509,-0.087604,0.963631,14:15:06.332000,6.332000000
-0.110447,-0.081960,0.991388,14:15:06.332667,6.332666667
-0.086337,-0.076913,0.983332,14:15:06.333333,6.333333333
-0.129692,-0.058047,0.990715,14:15:06.334000,6.334000000
-0.181053,-0.102339,0.962173,14:15:06.334667,6.334666667
-0.151473,-0.053855,0.999121,14:15:06.335333,6.335333333
-0.083388,-0.009353,0.984267,14:15:06.336000,6.336000000
-0.062172,-0.013489,1.038301,14:15:06.336667,6.336666667
0.025307,0.111110,1.065782,14:15:06.337333,6.337333333
0.051222,0.079739,1.051926,14:15:06.338000,6.338000000
-0.084991,0.013559,1.006022,14:15:06.338667,6.338666667
-0.069596,-0.043106,0.990906,14:15:06.339333,6.339333333
0.016335,0.044946,1.020223,14:15:06.340000,6.340000000
0.063979,0.061569,1.032412,14:15:06.340667,6.340666667
0.002572,0.022748,1.013702,14:15:06.341333,6.341333333
-0.038516,0.016562,0.993466,14:15:06.342000,6.342000000
-0.077340,0.007905,1.001828,14:15:06.342667,6.342666667
-0.007576,0.056373,1.023676,14:15:06.343333,6.343333333
-0.016797,0.076663,1.044606,14:15:06.344000,6.344000000
0.028761,0.048871,1.014227,14:15:06.344667,6.344666667
-0.000420,0.076218,1.014043,14:15:06.345333,6.345333333
0.018646,0.057468,1.052213,14:15:06.346000,6.346000000
0.061404,0.080989,1.064956,14:15:06.346667,6.346666667
0.104065,0.093644,1.100394,14:15:06.347333,6.347333333
0.244140,0.175482,1.149579,14:15:06.348000,6.348000000
0.183829,0.128866,1.099737,14:15:06.348667,6.348666667
0.021538,0.050279,1.026882,14:15:06.349333,6.349333333
0.063759,0.038330,1.027315,14:15:06.350000,6.350000000
0.137450,0.091805,1.052334,14:15:06.350667,6.350666667
0.171900,0.075025,1.042508,14:15:06.351333,6.351333333
0.080284,0.020562,0.994845,14:15:06.352000,6.352000000
0.035681,0.004967,0.975550,14:15:06.352667,6.352666667
0.006986,-0.021127,0.987600,14:15:06.353333,6.353333333
0.053779,0.026811,1.009886,14:15:06.354000,6.354000000
0.022072,0.003493,1.000593,14:15:06.354667,6.354666667
0.040368,-0.034483,0.979482,14:15:06.355333,6.355333333
0.018666,-0.029358,0.980985,14:15:06.356000,6.356000000
0.021615,-0.002325,0.977503,14:15:06.356667,6.356666667
0.041117,-0.019015,0.990920,14:15:06.357333,6.357333333
0.068837,0.047480,0.998033,14:15:06.358000,6.358000000
0.195528,0.138427,1.040534,14:15:06.358667,6.358666667
0.106464,0.037235,0.994048,14:15:06.359333,6.359333333
-0.000290,-0.046086,0.957093,14:15:06.360000,6.360000000
0.002040,-0.025784,0.959245,14:15:06.360667,6.360666667
0.146090,0.020254,0.958449,14:15:06.361333,6.361333333
0.097150,0.027448,0.982973,14:15:06.362000,6.362000000
0.040359,-0.005035,0.950631,14:15:06.362667,6.362666667
-0.023150,-0.069663,0.897571,14:15:06.363333,6.363333333
-0.016272,-0.035927,0.945722,14:15:06.364000,6.364000000
0.003713,-0.038969,0.952457,14:15:06.364667,6.364666667
-0.008356,-0.022178,0.961833,14:15:06.365333,6.365333333
-0.059648,-0.048990,0.953643,14:15:06.366000,6.366000000
-0.052106,-0.046925,0.966909,14:15:06.366667,6.366666667
-0.001776,-0.036898,0.981038,14:15:06.367333,6.367333333
-0.032693,-0.010129,0.996651,14:15:06.368000,6.368000000
0.059350,0.034668,1.064027,14:15:06.368667,6.368666667
0.112548,0.046995,1.043755,14:15:06.369333,6.369333333
-0.010200,-0.014915,1.020844,14:15:06.370000,6.370000000
-0.088131,-0.095071,0.957608,14:15:06.370667,6.370666667
-0.058149,-0.089151,0.990823,14:15:06.371333,6.371333333
-0.008882,0.008229,0.984513,14:15:06.372000,6.372000000
0.004105,-0.032165,0.985653,14:15:06.372667,6.372666667
-0.110280,-0.071046,0.971019,14:15:06.373333,6.373333333
-0.116175,-0.112059,0.978444,14:15:06.374000,6.374000000
-0.144952,-0.078912,0.958650,14:15:06.374667,6.374666667
-0.112857,-0.089741,0.980998,14:15:06.375333,6.375333333
-0.111374,-0.084190,0.959778,14:15:06.376000,6.376000000
-0.121941,-0.081591,1.008768,14:15:06.376667,6.376666667
-0.147070,-0.060612,0.984253,14:15:06.377333,6.377333333
-0.135156,-0.037250,1.010572,14:15:06.378000,6.378000000
-0.085377,-0.017534,1.018520,14:15:06.378667,6.378666667
0.053621,0.067252,1.060727,14:15:06.379333,6.379333333
0.043011,0.096837,1.100611,14:15:06.380000,6.380000000
-0.057187,-0.010705,0.998269,14:15:06.380667,6.380666667
-0.127395,-0.034312,0.995928,14:15:06.381333,6.381333333
-0.034394,0.024629,0.999103,14:15:06.382000,6.382000000
0.057179,0.066361,1.066746,14:15:06.382667,6.382666667
-0.034220,0.036722,1.031574,14:15:06.383333,6.383333333
-0.059950,0.001848,1.003915,14:15:06.384000,6.384000000
-0.056330,-0.014663,0.981329,14:15:06.384667,6.384666667
-0.005004,0.041813,1.020510,14:15:06.385333,6.385333333
0.016034,0.055485,1.023533,14:15:06.386000,6.386000000
0.009652,0.047569,1.042260,14:15:06.386667,6.386666667
-0.025276,0.049568,1.038781,14:15:06.387333,6.387333333
0.037283,0.055880,1.020549,14:15:06.388000,6.388000000
0.086396,0.070103,1.086376,14:15:06.388667,6.388666667
0.121048,0.082380,1.068600,14:15:06.389333,6.389333333
0.188349,0.168604,1.135977,14:15:06.390000,6.390000000
0.195988,0.155915,1.085319,14:15:06.390667,6.390666667
0.034839,0.007852,1.024806,14:15:06.391333,6.391333333
0.037187,0.015384,1.026460,14:15:06.392000,6.392000000
0.130856,0.069483,1.032786,14:15:06.392667,6.392666667
0.158969,0.107928,1.052373,14:15:06.393333,6.393333333
0.104785,0.051646,1.021911,14:15:06.394000,6.394000000
0.050497,-0.011722,0.987767,14:15:06.394667,6.394666667
0.030348,-0.033847,0.988838,14:15:06.395333,6.395333333
0.048604,0.019289,0.994582,14:15:06.396000,6.396000000
0.057082,0.008056,1.008132,14:15:06.396667,6.396666667
0.051213,0.007040,0.978106,14:15:06.397333,6.397333333
-0.003883,-0.019664,0.990736,14:15:06.398000,6.398000000
0.019660,0.001535,1.000615,14:15:06.398667,6.398666667
0.057761,0.010329,1.024205,14:15:06.399333,6.399333333
0.043306,0.029071,1.014884,14:15:06.400000,6.400000000
0.194352,0.107660,1.025418,14:15:06.400667,6.400666667
0.106570,0.049753,0.992541,14:15:06.401333,6.401333333
0.011372,-0.029996,0.927886,14:15:06.402000,6.402000000
0.006487,0.002808,0.941810,14:15:06.402667,6.402666667
0.092606,0.017723,0.967406,14:15:06.403333,6.403333333
0.106953,0.017540,0.994649,14:15:06.404000,6.404000000
0.064210,-0.058481,0.958459,14:15:06.404667,6.404666667
0.019544,-0.046637,0.931060,14:15:06.405333,6.405333333
-0.059017,-0.046609,0.942024,14:15:06.406000,6.406000000
0.032134,-0.065784,0.973848,14:15:06.406667,6.406666667
-0.008287,-0.036300,0.959049,14:15:06.407333,6.407333333
-0.001311,-0.052153,0.953576,14:15:06.408000,6.408000000
-0.026965,-0.055947,0.949638,14:15:06.408667,6.408666667
-0.009409,-0.050715,0.963509,14:15:06.409333,6.409333333
0.005704,-0.018748,1.007156,14:15:06.410000,6.410000000
0.033407,0.026409,1.019007,14:15:06.410667,6.410666667
0.165227,0.079175,1.066035,14:15:06.411333,6.411333333
0.038617,-0.006013,1.001402,14:15:06.412000,6.412000000
-0.095556,-0.072580,0.963522,14:15:06.412667,6.412666667
-0.093133,-0.069967,0.977990,14:15:06.413333,6.413333333
0.030743,-0.014422,0.987231,14:15:06.414000,6.414000000
-0.016475,-0.026295,1.010635,14:15:06.414667,6.414666667
-0.058234,-0.095964,0.979617,14:15:06.415333,6.415333333
-0.078767,-0.091760,0.957537,14:15:06.416000,6.416000000
-0.119409,-0.082162,0.957443,14:15:06.416667,6.416666667
-0.083386,-0.095031,0.960528,14:15:06.417333,6.417333333
-0.133475,-0.053588,1.003181,14:15:06.418000,6.418000000
-0.139647,-0.075678,0.966484,14:15:06.418667,6.418666667
-0.157935,-0.071805,0.979759,14:15:06.419333,6.419333333
-0.124771,-0.071019,1.000767,14:15:06.420000,6.420000000
-0.130936,-0.028559,1.003473,14:15:06.420667,6.420666667
-0.006536,0.050618,1.072089,14:15:06.421333,6.421333333
0.058421,0.088472,1.078572,14:15:06.422000,6.422000000
-0.074821,-0.001623,1.004751,14:15:06.422667,6.422666667
-0.110959,-0.035234,0.969205,14:15:06.423333,6.423333333
-0.053336,-0.000483,1.017306,14:15:06.424000,6.424000000
0.004218,0.053021,1.036449,14:15:06.424667,6.424666667
-0.006914,0.055527,1.028776,14:15:06.425333,6.425333333
-0.055863,0.018109,1.003731,14:15:06.426000,6.426000000
-0.106747,-0.020859,1.020169,14:15:06.426667,6.426666667
-0.043299,0.049782,1.024950,14:15:06.427333,6.427333333
-0.003474,0.022586,1.010842,14:15:06.428000,6.428000000
0.010746,0.032157,1.036662,14:15:06.428667,6.428666667
-0.002106,0.022720,1.023091,14:15:06.429333,6.429333333
0.023365,0.082500,1.039575,14:15:06.430000,6.430000000
0.035957,0.062765,1.047998,14:15:06.430667,6.430666667
0.073116,0.112948,1.036712,14:15:06.431333,6.431333333
0.193465,0.173694,1.116754,14:15:06.432000,6.432000000
0.184532,0.157410,1.113850,14:15:06.432667,6.432666667
0.116716,0.099759,1.049677,14:15:06.433333,6.433333333
0.055392,0.065681,1.007758,14:15:06.434000,6.434000000
0.134876,0.065274,1.032338,14:15:06.434667,6.434666667
0.148269,0.110928,1.040532,14:15:06.435333,6.435333333
0.091797,0.070144,1.015873,14:15:06.436000,6.436000000
0.076402,0.038762,0.996298,14:15:06.436667,6.436666667
0.059933,-0.021764,0.996099,14:15:06.437333,6.437333333
0.076987,0.031420,1.008049,14:15:06.438000,6.438000000
0.080896,0.008134,1.003852,14:15:06.438667,6.438666667
0.063134,-0.002977,1.001653,14:15:06.439333,6.439333333
-0.021314,-0.004563,0.972141,14:15:06.440000,6.440000000
0.040258,0.032773,0.984248,14:15:06.440667,6.440666667
0.061165,0.026564,0.989543,14:15:06.441333,6.441333333
0.066775,0.027289,1.012451,14:15:06.442000,6.442000000
0.194111,0.103663,1.064894,14:15:06.442667,6.442666667
0.140254,0.096062,1.014241,14:15:06.443333,6.443333333
-0.027487,-0.034136,0.980285,14:15:06.444000,6.444000000
0.004550,-0.026948,0.955194,14:15:06.444667,6.444666667
0.077568,0.026318,0.958652,14:15:06.445333,6.445333333
0.117828,0.009357,0.994831,14:15:06.446000,6.446000000
0.068713,-0.007382,0.941250,14:15:06.446667,6.446666667
-0.012999,-0.032592,0.943562,14:15:06.447333,6.447333333
-0.010046,-0.058288,0.934895,14:15:06.448000,6.448000000
-0.002394,-0.067835,0.938485,14:15:06.448667,6.448666667
-0.017703,-0.009337,0.974721,14:15:06.449333,6.449333333
-0.033358,-0.051422,0.961974,14:15:06.450000,6.450000000
-0.047428,-0.045915,0.969728,14:15:06.450667,6.450666667
-0.001971,-0.056690,0.968297,14:15:06.451333,6.451333333
-0.001346,-0.024408,0.990023,14:15:06.452000,6.452000000
0.005501,-0.013195,1.002429,14:15:06.452667,6.452666667
0.107986,0.095400,1.043496,14:15:06.453333,6.453333333
0.066282,0.017344,1.010463,14:15:06.454000,6.454000000
-0.072049,-0.041769,0.946728,14:15:06.454667,6.454666667
-0.058649,-0.026906,0.945601,14:15:06.455333,6.455333333
-0.016456,-0.010498,0.994841,14:15:06.456000,6.456000000
0.044647,0.015190,1.009886,14:15:06.456667,6.456666667
-0.034969,-0.074504,0.977403,14:15:06.457333,6.457333333
-0.111144,-0.090878,0.943509,14:15:06.458000,6.458000000
-0.126693,-0.118705,0.961476,14:15:06.458667,6.458666667
-0.109432,-0.072212,0.991516,14:15:06.459333,6.459333333
-0.069654,-0.074618,0.964374,14:15:06.460000,6.460000000
-0.152918,-0.082963,0.994306,14:15:06.460667,6.460666667
-0.156145,-0.086153,0.986002,14:15:06.461333,6.461333333
-0.103724,-0.061149,1.000205,14:15:06.462000,6.462000000
-0.115772,-0.055053,1.015066,14:15:06.462667,6.462666667
-0.046086,0.044403,1.041714,14:15:06.463333,6.463333333
0.052646,0.104658,1.069147,14:15:06.464000,6.464000000
-0.018919,0.018187,0.996769,14:15:06.464667,6.464666667
-0.165362,-0.041479,0.973325,14:15:06.465333,6.465333333
-0.047780,0.003603,0.993223,14:15:06.466000,6.466000000
-0.016196,0.047796,1.002905,14:15:06.466667,6.466666667
0.019515,0.036274,0.995608,14:15:06.467333,6.467333333
-0.075757,-0.010193,0.959758,14:15:06.468000,6.468000000
-0.109806,-0.022308,0.988034,14:15:06.468667,6.468666667
-0.045287,0.000524,0.997810,14:15:06.469333,6.469333333
-0.050029,0.034909,1.013551,14:15:06.470000,6.470000000
-0.013337,0.021351,1.007594,14:15:06.470667,6.470666667
-0.031161,0.036964,1.020478,14:15:06.471333,6.471333333
-0.029292,0.023756,1.022947,14:15:06.472000,6.472000000
0.035505,0.055051,1.038014,14:15:06.472667,6.472666667
0.030723,0.088306,1.076271,14:15:06.473333,6.473333333
0.142061,0.129778,1.102326,14:15:06.474000,6.474000000
0.232011,0.186669,1.125908,14:15:06.474667,6.474666667
0.069417,0.092965,1.046687,14:15:06.475333,6.475333333
0.065593,0.049483,1.027803,14:15:06.476000,6.476000000
0.089479,0.082061,1.030347,14:15:06.476667,6.476666667
0.171639,0.104061,1.045929,14:15:06.477333,6.477333333
0.146731,0.077860,1.068296,14:15:06.478000,6.478000000
0.051490,0.024445,1.008321,14:15:06.478667,6.478666667
0.007488,-0.017996,0.987472,14:15:06.479333,6.479333333
0.062041,0.004781,1.013549,14:15:06.480000,6.480000000
0.064013,0.035703,1.012701,14:15:06.480667,6.480666667
0.033973,0.002234,0.971817,14:15:06.481333,6.481333333
0.044000,-0.020690,1.035942,14:15:06.482000,6.482000000
0.022282,-0.000698,1.004804,14:15:06.482667,6.482666667
0.064967,0.010107,1.007763,14:15:06.483333,6.483333333
0.063078,0.025768,1.012452,14:15:06.484000,6.484000000
0.162889,0.120778,1.058405,14:15:06.484667,6.484666667
0.158922,0.087241,1.056359,14:15:06.485333,6.485333333
0.065106,-0.004778,0.973036,14:15:06.486000,6.486000000
0.003847,-0.008585,0.961910,14:15:06.486667,6.486666667
0.092916,0.037108,0.966781,14:15:06.487333,6.487333333
0.107788,0.031062,0.979938,14:15:06.488000,6.488000000
0.081821,-0.006435,0.963784,14:15:06.488667,6.488666667
-0.047052,-0.042719,0.936172,14:15:06.489333,6.489333333
-0.010080,-0.064756,0.913243,14:15:06.490000,6.490000000
0.012893,-0.009562,0.967307,14:15:06.490667,6.490666667
0.000055,-0.016519,0.955617,14:15:06.491333,6.491333333
-0.050278,-0.062199,0.956553,14:15:06.492000,6.492000000
-0.017939,-0.036382,0.956358,14:15:06.492667,6.492666667
0.003801,-0.049404,0.970735,14:15:06.493333,6.493333333
-0.008756,-0.002628,0.989146,14:15:06.494000,6.494000000
-0.003021,-0.017199,0.992181,14:15:06.494667,6.494666667
0.165185,0.123489,1.074318,14:15:06.495333,6.495333333
0.111255,0.067945,1.016701,14:15:06.496000,6.496000000
-0.006711,-0.043568,0.973936,14:15:06.496667,6.496666667
-0.038362,-0.068771,1.000218,14:15:06.497333,6.497333333
0.021369,-0.015600,0.983460,14:15:06.498000,6.498000000
0.011044,-0.025138,0.992523,14:15:06.498667,6.498666667
-0.047216,-0.034551,1.000725,14:15:06.499333,6.499333333
-0.075991,-0.067736,0.925015,14:15:06.500000,6.500000000
-0.131371,-0.068713,0.955884,14:15:06.500667,6.500666667
-0.109034,-0.076809,0.993235,14:15:06.501333,6.501333333
-0.125080,-0.085076,0.972424,14:15:06.502000,6.502000000
-0.109374,-0.089196,0.979520,14:15:06.502667,6.502666667
-0.119681,-0.101002,0.964333,14:15:06.503333,6.503333333
-0.133862,-0.047038,0.966339,14:15:06.504000,6.504000000
-0.094869,-0.035602,0.998140,14:15:06.504667,6.504666667
-0.046214,-0.025909,1.025921,14:15:06.505333,6.505333333
0.089062,0.062845,1.068150,14:15:06.506000,6.506000000
-0.059826,0.020630,1.019305,14:15:06.506667,6.506666667
-0.118882,-0.062715,0.997835,14:15:06.507333,6.507333333
-0.111238,-0.045954,0.996601,14:15:06.508000,6.508000000
0.001127,0.014544,1.034764,14:15:06.508667,6.508666667
0.040756,0.003232,1.021040,14:15:06.509333,6.509333333
-0.059290,-0.000057,1.008839,14:15:06.510000,6.510000000
-0.077717,-0.009474,0.985369,14:15:06.510667,6.510666667
-0.060453,-0.009416,0.976782,14:15:06.511333,6.511333333
-0.082615,0.025172,1.006368,14:15:06.512000,6.512000000
-0.043115,0.031623,1.009007,14:15:06.512667,6.512666667
-0.019958,0.001488,1.004892,14:15:06.513333,6.513333333
-0.037054,0.046575,1.020000,14:15:06.514000,6.514000000
0.033401,0.071059,1.055071,14:15:06.514667,6.514666667
0.054028,0.083715,1.075941,14:15:06.515333,6.515333333
0.139928,0.117403,1.066128,14:15:06.516000,6.516000000
0.223346,0.176376,1.123539,14:15:06.516667,6.516666667
0.106583,0.112437,1.063174,14:15:06.517333,6.517333333
0.043320,0.038670,1.033087,14:15:06.518000,6.518000000
0.078169,0.057078,1.049278,14:15:06.518667,6.518666667
0.160072,0.104928,1.027158,14:15:06.519333,6.519333333
0.133501,0.068347,1.063794,14:15:06.520000,6.520000000
0.090232,0.048065,1.026429,14:15:06.520667,6.520666667
0.052861,0.018247,0.997300,14:15:06.521333,6.521333333
0.071863,0.012040,1.021111,14:15:06.522000,6.522000000
0.068573,0.057932,1.042018,14:15:06.522667,6.522666667
0.038603,0.015042,0.999441,14:15:06.523333,6.523333333
0.010902,-0.017444,0.995787,14:15:06.524000,6.524000000
0.050295,-0.008464,1.029418,14:15:06.524667,6.524666667
0.031609,0.028845,0.993412,14:15:06.525333,6.525333333
0.051042,0.020776,1.035153,14:15:06.526000,6.526000000
0.212793,0.111147,1.068147,14:15:06.526667,6.526666667
0.194940,0.122879,1.068173,14:15:06.527333,6.527333333
0.094113,0.015795,0.989994,14:15:06.528000,6.528000000
0.015343,0.000307,0.951052,14:15:06.528667,6.528666667
0.031374,-0.013857,0.948881,14:15:06.529333,6.529333333
0.062799,0.030046,0.978793,14:15:06.530000,6.530000000
0.038057,0.001554,0.936572,14:15:06.530667,6.530666667
-0.003809,-0.051659,0.940845,14:15:06.531333,6.531333333
-0.027474,-0.030651,0.928653,14:15:06.532000,6.532000000
0.006597,-0.040362,0.949283,14:15:06.532667,6.532666667
-0.003994,-0.025931,0.940348,14:15:06.533333,6.533333333
-0.031597,-0.025090,0.965457,14:15:06.534000,6.534000000
-0.038522,-0.035769,0.948579,14:15:06.534667,6.534666667
-0.016756,-0.039336,0.961551,14:15:06.535333,6.535333333
0.008046,-0.014897,0.958647,14:15:06.536000,6.536000000
-0.000391,-0.021274,0.999348,14:15:06.536667,6.536666667
0.142452,0.081607,1.066191,14:15:06.537333,6.537333333
0.145230,0.080833,1.059457,14:15:06.538000,6.538000000
-0.024605,-0.051877,0.990031,14:15:06.538667,6.538666667
-0.054276,-0.071698,0.982333,14:15:06.539333,6.539333333
0.028806,-0.042657,0.993163,14:15:06.540000,6.540000000
0.034514,0.016022,0.991961,14:15:06.540667,6.540666667
0.025436,-0.023496,0.990427,14:15:06.541333,6.541333333
-0.063728,-0.105150,0.954943,14:15:06.542000,6.542000000
-0.091786,-0.094089,0.947945,14:15:06.542667,6.542666667
-0.097645,-0.094731,0.980824,14:15:06.543333,6.543333333
-0.077744,-0.068859,0.988562,14:15:06.544000,6.544000000
-0.092443,-0.093267,0.967759,14:15:06.544667,6.544666667
-0.118591,-0.096872,0.991709,14:15:06.545333,6.545333333
-0.118774,-0.074216,1.002780,14:15:06.546000,6.546000000
-0.056962,-0.072423,0.997070,14:15:06.546667,6.546666667
-0.075870,-0.038145,1.019742,14:15:06.547333,6.547333333
0.068568,0.074188,1.076798,14:15:06.548000,6.548000000
-0.009637,0.020444,1.035579,14:15:06.548667,6.548666667
-0.145019,-0.052671,0.996276,14:15:06.549333,6.549333333
-0.115125,-0.070992,0.950827,14:15:06.550000,6.550000000
-0.013408,-0.020901,0.949588,14:15:06.550667,6.550666667
-0.023262,0.010086,1.036418,14:15:06.551333,6.551333333
-0.070879,-0.008145,0.985382,14:15:06.552000,6.552000000
-0.094189,-0.062549,0.944511,14:15:06.552667,6.552666667
-0.108888,-0.042626,0.987072,14:15:06.553333,6.553333333
-0.073195,-0.005613,0.998396,14:15:06.554000,6.554000000
-0.040944,-0.001899,0.986261,14:15:06.554667,6.554666667
-0.076111,0.016666,1.019617,14:15:06.555333,6.555333333
-0.040345,0.016309,1.019487,14:15:06.556000,6.556000000
-0.009546,0.041660,1.059208,14:15:06.556667,6.556666667
0.026084,0.055641,1.035339,14:15:06.557333,6.557333333
0.081564,0.101720,1.077894,14:15:06.558000,6.558000000
0.173529,0.162300,1.114309,14:15:06.558667,6.558666667
0.129407,0.130161,1.065215,14:15:06.559333,6.559333333
0.019082,0.050670,1.033869,14:15:06.560000,6.560000000
0.079763,0.059083,1.056543,14:15:06.560667,6.560666667
0.105230,0.106371,1.052002,14:15:06.561333,6.561333333
0.161759,0.107524,1.041392,14:15:06.562000,6.562000000
0.125506,0.051609,1.051534,14:15:06.562667,6.562666667
0.032939,0.007683,1.018294,14:15:06.563333,6.563333333
0.029735,0.018718,1.007346,14:15:06.564000,6.564000000
0.077520,0.056209,1.021428,14:15:06.564667,6.564666667
0.051413,0.035296,1.013245,14:15:06.565333,6.565333333
0.045568,0.004586,0.995954,14:15:06.566000,6.566000000
0.050229,0.035773,1.037876,14:15:06.566667,6.566666667
0.086750,0.013591,1.042012,14:15:06.567333,6.567333333
0.073918,0.055868,0.997292,14:15:06.568000,6.568000000
0.165273,0.104651,1.056026,14:15:06.568667,6.568666667
0.164565,0.136709,1.084582,14:15:06.569333,6.569333333
0.085756,0.012964,1.016300,14:15:06.570000,6.570000000
-0.006834,-0.051728,0.961883,14:15:06.570667,6.570666667
0.094324,0.004693,0.975035,14:15:06.571333,6.571333333
0.138939,0.046129,1.004557,14:15:06.572000,6.572000000
0.121222,0.025028,0.980267,14:15:06.572667,6.572666667
0.008576,-0.001646,0.966152,14:15:06.573333,6.573333333
0.006783,-0.027511,0.937080,14:15:06.574000,6.574000000
0.013009,-0.024749,0.953288,14:15:06.574667,6.574666667
-0.006891,-0.027101,0.942956,14:15:06.575333,6.575333333
0.003284,-0.037469,0.969652,14:15:06.576000,6.576000000
-0.017366,-0.044495,0.941703,14:15:06.576667,6.576666667
-0.003393,0.013039,0.963327,14:15:06.577333,6.577333333
0.013202,0.006072,0.970970,14:15:06.578000,6.578000000
0.042865,0.011476,0.987002,14:15:06.578667,6.578666667
0.124236,0.077814,1.035945,14:15:06.579333,6.579333333
0.106085,0.059873,1.040641,14:15:06.580000,6.580000000
0.021172,-0.023960,0.991638,14:15:06.580667,6.580666667
-0.056086,-0.061376,0.960310,14:15:06.581333,6.581333333
0.002125,-0.012804,0.986025,14:15:06.582000,6.582000000
0.060119,0.020103,1.014399,14:15:06.582667,6.582666667
0.037892,-0.026575,0.996991,14:15:06.583333,6.583333333
-0.083772,-0.063627,0.955215,14:15:06.584000,6.584000000
-0.107488,-0.095826,0.961669,14:15:06.584667,6.584666667
-0.027835,-0.075168,0.954056,14:15:06.585333,6.585333333
-0.097371,-0.066069,0.971251,14:15:06.586000,6.586000000
-0.095145,-0.098243,0.975518,14:15:06.586667,6.586666667
-0.126326,-0.072292,0.969956,14:15:06.587333,6.587333333
-0.105791,-0.065808,0.985600,14:15:06.588000,6.588000000
-0.092077,-0.060246,0.995468,14:15:06.588667,6.588666667
-0.096767,-0.045845,1.031017,14:15:06.589333,6.589333333
0.047477,0.047651,1.083416,14:15:06.590000,6.590000000
-0.001074,0.027291,1.027271,14:15:06.590667,6.590666667
-0.090888,-0.054675,1.016746,14:15:06.591333,6.591333333
-0.159704,-0.061798,0.965696,14:15:06.592000,6.592000000
-0.091697,-0.035087,1.007425,14:15:06.592667,6.592666667
-0.021573,-0.000279,1.019483,14:15:06.593333,6.593333333
-0.092300,-0.001908,0.991079,14:15:06.594000,6.594000000
-0.107071,-0.079086,0.968475,14:15:06.594667,6.594666667
-0.124297,-0.051393,0.962197,14:15:06.595333,6.595333333
-0.075104,-0.014956,0.989723,14:15:06.596000,6.596000000
-0.085682,-0.001970,1.006989,14:15:06.596667,6.596666667
-0.065512,-0.003525,0.993852,14:15:06.597333,6.597333333
-0.079169,0.029679,1.000940,14:15:06.598000,6.598000000
-0.073507,0.039223,1.023281,14:15:06.598667,6.598666667
-0.000619,0.055826,1.056729,14:15:06.599333,6.599333333
0.037316,0.070923,1.060526,14:15:06.600000,6.600000000
0.186976,0.162719,1.103975,14:15:06.600667,6.600666667
0.070087,0.132671,1.075939,14:15:06.601333,6.601333333
0.007089,0.063936,1.027967,14:15:06.602000,6.602000000
0.039622,0.030885,1.038938,14:15:06.602667,6.602666667
0.128819,0.100603,1.049619,14:15:06.603333,6.603333333
0.127575,0.140029,1.070955,14:15:06.604000,6.604000000
0.069159,0.077544,1.028599,14:15:06.604667,6.604666667
0.062429,0.000372,1.001693,14:15:06.605333,6.605333333
0.024404,0.009699,1.001733,14:15:06.606000,6.606000000
0.055673,0.016792,1.041924,14:15:06.606667,6.606666667
0.059293,0.034049,1.027846,14:15:06.607333,6.607333333
0.036550,0.007437,1.025385,14:15:06.608000,6.608000000
0.039603,0.001195,1.027439,14:15:06.608667,6.608666667
0.060178,0.024701,1.023928,14:15:06.609333,6.609333333
0.058048,0.019091,1.022095,14:15:06.610000,6.610000000
0.148546,0.098325,1.042624,14:15:06.610667,6.610666667
0.211133,0.133646,1.081424,14:15:06.611333,6.611333333
0.118711,0.046532,1.020197,14:15:06.612000,6.612000000
0.017208,-0.048085,0.962805,14:15:06.612667,6.612666667
0.048430,0.024399,0.988472,14:15:06.613333,6.613333333
0.097559,0.059143,0.980541,14:15:06.614000,6.614000000
0.093316,0.017855,1.007056,14:15:06.614667,6.614666667
0.035659,-0.002831,0.970880,14:15:06.615333,6.615333333
-0.006775,-0.071892,0.935560,14:15:06.616000,6.616000000
-0.001535,-0.019568,0.941691,14:15:06.616667,6.616666667
0.017609,-0.020364,0.964297,14:15:06.617333,6.617333333
-0.003092,-0.027823,0.949918,14:15:06.618000,6.618000000
-0.003399,-0.040577,0.957771,14:15:06.618667,6.618666667
-0.037296,-0.033869,0.957860,14:15:06.619333,6.619333333
-0.020595,-0.001674,0.979843,14:15:06.620000,6.620000000
0.054306,-0.012888,1.014401,14:15:06.620667,6.620666667
0.085260,0.062065,1.002936,14:15:06.621333,6.621333333
0.151841,0.107879,1.030998,14:15:06.622000,6.622000000
0.047537,-0.005000,0.970958,14:15:06.622667,6.622666667
-0.056897,-0.061134,0.927236,14:15:06.623333,6.623333333
0.003472,-0.016544,0.963011,14:15:06.624000,6.624000000
0.054122,0.010986,0.991083,14:15:06.624667,6.624666667
0.042201,-0.049704,0.983877,14:15:06.625333,6.625333333
-0.059857,-0.053323,0.969410,14:15:06.626000,6.626000000
-0.103120,-0.119017,0.917883,14:15:06.626667,6.626666667
-0.082092,-0.105417,0.974465,14:15:06.627333,6.627333333
-0.048732,-0.077044,0.981242,14:15:06.628000,6.628000000
-0.071451,-0.099594,0.969291,14:15:06.628667,6.628666667
-0.121425,-0.074623,0.984398,14:15:06.629333,6.629333333
-0.097113,-0.066442,0.988559,14:15:06.630000,6.630000000
-0.068218,-0.089354,0.997956,14:15:06.630667,6.630666667
-0.073175,-0.042168,1.000943,14:15:06.631333,6.631333333
0.050404,0.045245,1.051916,14:15:06.632000,6.632000000
0.024952,0.030595,1.059603,14:15:06.632667,6.632666667
-0.103991,-0.078238,0.974579,14:15:06.633333,6.633333333
-0.152150,-0.066313,0.985105,14:15:06.634000,6.634000000
-0.073633,-0.037468,0.978298,14:15:06.634667,6.634666667
-0.020536,0.011474,1.036863,14:15:06.635333,6.635333333
-0.041878,0.032353,0.966363,14:15:06.636000,6.636000000
-0.142598,-0.045868,0.948871,14:15:06.636667,6.636666667
-0.129283,-0.047757,0.956576,14:15:06.637333,6.637333333
-0.114649,-0.018004,0.989868,14:15:06.638000,6.638000000
-0.091589,-0.007425,0.997415,14:15:06.638667,6.638666667
-0.069672,-0.009309,1.020295,14:15:06.639333,6.639333333
-0.076157,-0.011781,1.008158,14:15:06.640000,6.640000000
-0.056483,0.016032,1.035784,14:15:06.640667,6.640666667
-0.006468,0.023004,1.030777,14:15:06.641333,6.641333333
0.021220,0.056555,1.047730,14:15:06.642000,6.642000000
0.163754,0.185229,1.124485,14:15:06.642667,6.642666667
0.103999,0.143181,1.090397,14:15:06.643333,6.643333333
0.022025,0.030970,1.044958,14:15:06.644000,6.644000000
0.013154,0.021675,0.997626,14:15:06.644667,6.644666667
0.095116,0.109053,1.085168,14:15:06.645333,6.645333333
0.115888,0.100466,1.063664,14:15:06.646000,6.646000000
0.111466,0.063502,1.050260,14:15:06.646667,6.646666667
0.041701,0.022120,1.023110,14:15:06.647333,6.647333333
0.048395,0.050574,1.011406,14:15:06.648000,6.648000000
0.045421,0.042611,1.041199,14:15:06.648667,6.648666667
0.064187,0.032294,0.997383,14:15:06.649333,6.649333333
0.038406,0.029433,1.031746,14:15:06.650000,6.650000000
0.022272,0.023337,1.005248,14:15:06.650667,6.650666667
0.024793,0.069434,1.032419,14:15:06.651333,6.651333333
0.066986,0.038181,1.042399,14:15:06.652000,6.652000000
0.103149,0.066171,1.029977,14:15:06.652667,6.652666667
0.248893,0.129144,1.101214,14:15:06.653333,6.653333333
0.152045,0.095824,1.048613,14:15:06.654000,6.654000000
0.035043,-0.011587,0.980330,14:15:06.654667,6.654666667
0.070393,-0.013960,0.969015,14:15:06.655333,6.655333333
0.124040,0.036282,1.003989,14:15:06.656000,6.656000000
0.114658,0.038247,0.988513,14:15:06.656667,6.656666667
0.006190,-0.030000,0.965695,14:15:06.657333,6.657333333
-0.016580,-0.045388,0.936879,14:15:06.658000,6.658000000
-0.014541,-0.029882,0.924225,14:15:06.658667,6.658666667
0.008372,-0.023326,0.957231,14:15:06.659333,6.659333333
-0.013304,-0.020025,0.963882,14:15:06.660000,6.660000000
-0.009030,-0.025430,0.953103,14:15:06.660667,6.660666667
-0.011436,-0.012631,0.958829,14:15:06.661333,6.661333333
0.013492,-0.034321,0.949730,14:15:06.662000,6.662000000
0.022437,-0.009114,0.991653,14:15:06.662667,6.662666667
0.056750,0.040021,1.038241,14:15:06.663333,6.663333333
0.180181,0.107468,1.045563,14:15:06.664000,6.664000000
0.069028,0.014356,0.971555,14:15:06.664667,6.664666667
-0.046471,-0.062130,0.986316,14:15:06.665333,6.665333333
0.001490,-0.036336,0.974741,14:15:06.666000,6.666000000
0.050842,0.023766,1.015326,14:15:06.666667,6.666666667
0.060422,0.013517,0.964175,14:15:06.667333,6.667333333
-0.028061,-0.050702,0.945541,14:15:06.668000,6.668000000
-0.031898,-0.094473,0.950163,14:15:06.668667,6.668666667
-0.064524,-0.059231,0.964308,14:15:06.669333,6.669333333
-0.022787,-0.055648,0.968702,14:15:06.670000,6.670000000
-0.072738,-0.083061,0.980045,14:15:06.670667,6.670666667
-0.095735,-0.050725,0.964266,14:15:06.671333,6.671333333
-0.102880,-0.074331,0.985525,14:15:06.672000,6.672000000
-0.118012,-0.054495,0.999637,14:15:06.672667,6.672666667
-0.070215,-0.048401,1.000973,14:15:06.673333,6.673333333
0.032870,0.032451,1.057680,14:15:06.674000,6.674000000
0.066494,0.054921,1.071402,14:15:06.674667,6.674666667
-0.058885,-0.038364,1.001335,14:15:06.675333,6.675333333
-0.148156,-0.093278,0.946886,14:15:06.676000,6.676000000
-0.098228,-0.042598,0.974677,14:15:06.676667,6.676666667
-0.021289,0.016884,1.023932,14:15:06.677333,6.677333333
-0.060795,-0.044986,0.994918,14:15:06.678000,6.678000000
-0.110519,-0.057390,0.972603,14:15:06.678667,6.678666667
-0.145347,-0.085482,0.947984,14:15:06.679333,6.679333333
-0.136930,-0.043034,0.968241,14:15:06.680000,6.680000000
-0.080726,-0.013572,0.999015,14:15:06.680667,6.680666667
-0.101468,-0.019792,0.974417,14:15:06.681333,6.681333333
-0.136247,0.010700,1.019987,14:15:06.682000,6.682000000
-0.085283,-0.001221,1.002027,14:15:06.682667,6.682666667
-0.015998,0.016717,1.027437,14:15:06.683333,6.683333333
-0.006187,0.056692,1.053534,14:15:06.684000,6.684000000
0.144059,0.160775,1.079317,14:15:06.684667,6.684666667
0.144513,0.112866,1.099629,14:15:06.685333,6.685333333
-0.021759,0.050781,1.025308,14:15:06.686000,6.686000000
-0.010960,0.031577,0.992805,14:15:06.686667,6.686666667
0.076920,0.069217,1.047015,14:15:06.687333,6.687333333
0.135457,0.107206,1.086532,14:15:06.688000,6.688000000
0.079890,0.091697,1.029405,14:15:06.688667,6.688666667
0.006026,0.008598,1.020600,14:15:06.689333,6.689333333
0.054630,0.036815,1.024283,14:15:06.690000,6.690000000
0.064451,0.060920,1.007397,14:15:06.690667,6.690666667
0.108136,0.057529,1.031297,14:15:06.691333,6.691333333
0.060905,0.028446,1.025532,14:15:06.692000,6.692000000
0.033766,0.043480,1.024820,14:15:06.692667,6.692666667
0.032263,0.014294,1.036393,14:15:06.693333,6.693333333
0.077698,0.052660,1.052750,14:15:06.694000,6.694000000
0.082022,0.040198,1.051300,14:15:06.694667,6.694666667
0.238200,0.131846,1.084201,14:15:06.695333,6.695333333
0.176075,0.100659,1.049655,14:15:06.696000,6.696000000
0.053937,0.026339,0.986856,14:15:06.696667,6.696666667
0.028161,-0.020434,0.968286,14:15:06.697333,6.697333333
0.083890,0.065714,1.010453,14:15:06.698000,6.698000000
0.110090,0.037978,1.008219,14:15:06.698667,6.698666667
0.073713,0.013306,0.970411,14:15:06.699333,6.699333333
-0.021342,-0.040748,0.956374,14:15:06.700000,6.700000000
-0.024429,-0.019722,0.944970,14:15:06.700667,6.700666667
0.011636,-0.020302,0.980548,14:15:06.701333,6.701333333
0.007626,-0.032344,0.964474,14:15:06.702000,6.702000000
-0.020257,-0.031909,0.943138,14:15:06.702667,6.702666667
-0.008126,0.007376,0.942539,14:15:06.703333,6.703333333
0.027505,-0.024973,0.983641,14:15:06.704000,6.704000000
0.046487,0.025704,0.962788,14:15:06.704667,6.704666667
0.063827,0.018156,1.010071,14:15:06.705333,6.705333333
0.170285,0.128193,1.027553,14:15:06.706000,6.706000000
0.079891,0.049973,1.014688,14:15:06.706667,6.706666667
-0.081227,-0.053581,0.969688,14:15:06.707333,6.707333333
0.001422,-0.054925,0.973823,14:15:06.708000,6.708000000
0.072414,0.010399,0.989557,14:15:06.708667,6.708666667
0.058813,0.023199,0.968089,14:15:06.709333,6.709333333
-0.002832,-0.029063,0.980436,14:15:06.710000,6.710000000
-0.030312,-0.072085,0.937803,14:15:06.710667,6.710666667
-0.026887,-0.083552,0.950247,14:15:06.711333,6.711333333
-0.069262,-0.113723,0.980611,14:15:06.712000,6.712000000
-0.096984,-0.074766,0.937441,14:15:06.712667,6.712666667
-0.104552,-0.054331,0.971828,14:15:06.713333,6.713333333
-0.070533,-0.050078,0.957482,14:15:06.714000,6.714000000
-0.086326,-0.057414,0.973494,14:15:06.714667,6.714666667
-0.071041,-0.056712,0.997767,14:15:06.715333,6.715333333
0.007776,0.030211,1.016053,14:15:06.716000,6.716000000
0.055684,0.101252,1.070757,14:15:06.716667,6.716666667
-0.010211,-0.020988,1.011620,14:15:06.717333,6.717333333
-0.116156,-0.096435,0.941970,14:15:06.718000,6.718000000
-0.110031,-0.052017,0.990021,14:15:06.718667,6.718666667
-0.013146,-0.015796,1.009461,14:15:06.719333,6.719333333
-0.049968,-0.034910,1.010056,14:15:06.720000,6.720000000
-0.107902,-0.051295,0.958627,14:15:06.720667,6.720666667
-0.160058,-0.077648,0.942153,14:15:06.721333,6.721333333
-0.108507,-0.052984,0.976882,14:15:06.722000,6.722000000
-0.112766,-0.053046,0.967885,14:15:06.722667,6.722666667
-0.095054,-0.029820,0.979921,14:15:06.723333,6.723333333
-0.148597,-0.039363,0.997989,14:15:06.724000,6.724000000
-0.101374,0.012852,0.998236,14:15:06.724667,6.724666667
-0.049090,0.023424,1.025923,14:15:06.725333,6.725333333
-0.024159,0.044040,1.052002,14:15:06.726000,6.726000000
0.098562,0.142986,1.084327,14:15:06.726667,6.726666667
0.166542,0.125559,1.093349,14:15:06.727333,6.727333333
0.055593,0.059440,1.044391,14:15:06.728000,6.728000000
-0.032108,0.027765,1.019673,14:15:06.728667,6.728666667
0.070707,0.059225,1.049209,14:15:06.729333,6.729333333
0.152480,0.119373,1.096014,14:15:06.730000,6.730000000
0.086823,0.083285,1.026911,14:15:06.730667,6.730666667
0.036588,0.043220,1.044885,14:15:06.731333,6.731333333
0.025895,0.055518,1.014033,14:15:06.732000,6.732000000
0.053423,0.086992,1.021720,14:15:06.732667,6.732666667
0.054356,0.060458,1.030291,14:15:06.733333,6.733333333
0.043681,0.050031,1.039329,14:15:06.734000,6.734000000
0.059557,0.036557,1.022373,14:15:06.734667,6.734666667
0.025441,0.043966,1.073158,14:15:06.735333,6.735333333
0.084058,0.048015,1.062077,14:15:06.736000,6.736000000
0.094190,0.075599,1.058208,14:15:06.736667,6.736666667
0.202822,0.131138,1.097024,14:15:06.737333,6.737333333
0.190452,0.161212,1.092377,14:15:06.738000,6.738000000
0.034675,-0.002616,1.000635,14:15:06.738667,6.738666667
0.030676,-0.000436,0.989635,14:15:06.739333,6.739333333
0.100655,0.044459,1.021172,14:15:06.740000,6.740000000
0.128401,0.074745,1.014476,14:15:06.740667,6.740666667
0.067854,0.029648,1.005216,14:15:06.741333,6.741333333
0.007672,-0.021880,0.961121,14:15:06.742000,6.742000000
-0.018000,-0.057237,0.931381,14:15:06.742667,6.742666667
0.021175,-0.019120,0.955263,14:15:06.743333,6.743333333
0.004859,-0.015204,0.972205,14:15:06.744000,6.744000000
-0.026810,-0.038072,0.962095,14:15:06.744667,6.744666667
-0.009582,-0.038537,0.962655,14:15:06.745333,6.745333333
-0.010786,0.011320,0.970541,14:15:06.746000,6.746000000
0.012923,0.011546,0.981674,14:15:06.746667,6.746666667
0.031095,0.011634,0.981745,14:15:06.747333,6.747333333
0.179449,0.144415,1.035939,14:15:06.748000,6.748000000
0.077893,0.053492,1.021183,14:15:06.748667,6.748666667
-0.015528,-0.048865,0.948106,14:15:06.749333,6.749333333
-0.034317,-0.039834,0.944007,14:15:06.750000,6.750000000
0.059933,0.011886,0.973326,14:15:06.750667,6.750666667
0.062811,0.028842,0.996187,14:15:06.751333,6.751333333
-0.009219,-0.028888,0.952392,14:15:06.752000,6.752000000
-0.032441,-0.080192,0.969303,14:15:06.752667,6.752666667
-0.042797,-0.069804,0.968017,14:15:06.753333,6.753333333
-0.032428,-0.047777,0.949174,14:15:06.754000,6.754000000
-0.070515,-0.055043,0.974800,14:15:06.754667,6.754666667
-0.082765,-0.091447,0.961928,14:15:06.755333,6.755333333
-0.054224,-0.070983,0.985572,14:15:06.756000,6.756000000
-0.037910,-0.038551,0.970828,14:15:06.756667,6.756666667
-0.078322,-0.043689,1.016357,14:15:06.757333,6.757333333
-0.002173,-0.018055,1.041691,14:15:06.758000,6.758000000
0.096328,0.068270,1.060118,14:15:06.758667,6.758666667
-0.019848,0.021474,1.033074,14:15:06.759333,6.759333333
-0.132309,-0.089434,0.979886,14:15:06.760000,6.760000000
-0.137984,-0.031997,0.988323,14:15:06.760667,6.760666667
-0.042066,-0.013847,0.990046,14:15:06.761333,6.761333333
-0.060860,-0.028089,1.010888,14:15:06.762000,6.762000000
-0.085152,-0.068369,0.975035,14:15:06.762667,6.762666667
-0.134201,-0.095857,0.958398,14:15:06.763333,6.763333333
-0.110842,-0.091139,0.970970,14:15:06.764000,6.764000000
-0.108330,-0.061857,0.978655,14:15:06.764667,6.764666667
-0.128951,-0.028648,0.982551,14:15:06.765333,6.765333333
-0.127820,-0.033250,0.970572,14:15:06.766000,6.766000000
-0.085716,-0.050596,0.999770,14:15:06.766667,6.766666667
-0.106556,-0.019808,1.020085,14:15:06.767333,6.767333333
-0.051066,0.035163,1.035924,14:15:06.768000,6.768000000
0.035814,0.076327,1.069975,14:15:06.768667,6.768666667
0.111208,0.138194,1.132934,14:15:06.769333,6.769333333
0.043622,0.049747,1.045027,14:15:06.770000,6.770000000
-0.053411,0.013164,0.997765,14:15:06.770667,6.770666667
0.045308,0.052515,1.044321,14:15:06.771333,6.771333333
0.115661,0.113999,1.085362,14:15:06.772000,6.772000000
0.086100,0.100613,1.070990,14:15:06.772667,6.772666667
0.019651,0.081743,1.025014,14:15:06.773333,6.773333333
-0.006864,0.019575,1.010679,14:15:06.774000,6.774000000
0.057796,0.030270,1.042924,14:15:06.774667,6.774666667
0.082343,0.060714,1.049878,14:15:06.775333,6.775333333
0.065906,0.037914,1.022247,14:15:06.776000,6.776000000
0.030038,0.019826,1.051041,14:15:06.776667,6.776666667
0.037414,0.029181,1.040384,14:15:06.777333,6.777333333
0.053425,0.067631,1.048425,14:15:06.778000,6.778000000
0.116831,0.071931,1.087510,14:15:06.778667,6.778666667
0.195360,0.156353,1.095161,14:15:06.779333,6.779333333
0.210096,0.149104,1.099542,14:15:06.780000,6.780000000
0.053728,0.069832,1.026300,14:15:06.780667,6.780666667
0.018832,0.009828,0.985800,14:15:06.781333,6.781333333
0.103261,-0.035661,1.006921,14:15:06.782000,6.782000000
0.129535,0.053031,1.030782,14:15:06.782667,6.782666667
0.123519,0.009097,1.029022,14:15:06.783333,6.783333333
0.009681,-0.032353,0.941667,14:15:06.784000,6.784000000
-0.029115,-0.039259,0.959203,14:15:06.784667,6.784666667
0.021009,0.002927,0.964629,14:15:06.785333,6.785333333
0.055492,-0.024935,0.957289,14:15:06.786000,6.786000000
-0.021253,-0.047679,0.955794,14:15:06.786667,6.786666667
-0.018733,-0.042714,0.944556,14:15:06.787333,6.787333333
0.002104,0.010294,0.983563,14:15:06.788000,6.788000000
0.024699,-0.020607,0.981883,14:15:06.788667,6.788666667
0.013907,0.009593,0.991521,14:15:06.789333,6.789333333
0.176783,0.119196,1.056372,14:15:06.790000,6.790000000
0.164362,0.074388,1.037770,14:15:06.790667,6.790666667
-0.005742,-0.021535,0.939369,14:15:06.791333,6.791333333
0.004784,-0.064668,0.933891,14:15:06.792000,6.792000000
0.064616,0.001303,0.967593,14:15:06.792667,6.792666667
0.097471,0.023984,0.972257,14:15:06.793333,6.793333333
-0.005473,0.020947,0.975751,14:15:06.794000,6.794000000
-0.052956,-0.083550,0.939508,14:15:06.794667,6.794666667
-0.043999,-0.035851,0.961371,14:15:06.795333,6.795333333
-0.008604,-0.040498,0.945732,14:15:06.796000,6.796000000
-0.009926,-0.056265,0.975983,14:15:06.796667,6.796666667
-0.066050,-0.062412,0.971617,14:15:06.797333,6.797333333
-0.095141,-0.059840,0.962312,14:15:06.798000,6.798000000
-0.094320,-0.048614,0.990176,14:15:06.798667,6.798666667
-0.040458,-0.041295,0.991207,14:15:06.799333,6.799333333
-0.052381,-0.042685,0.994270,14:15:06.800000,6.800000000
0.078687,0.046441,1.053039,14:15:06.800667,6.800666667
0.032662,-0.009076,1.030257,14:15:06.801333,6.801333333
-0.138764,-0.081476,0.976983,14:15:06.802000,6.802000000
-0.099713,-0.100059,0.977589,14:15:06.802667,6.802666667
-0.044419,-0.038123,1.004730,14:15:06.803333,6.803333333
-0.045263,-0.040206,1.014596,14:15:06.804000,6.804000000
-0.066513,-0.088239,1.000217,14:15:06.804667,6.804666667
-0.156072,-0.097170,0.956740,14:15:06.805333,6.805333333
-0.162620,-0.090078,0.986598,14:15:06.806000,6.806000000
-0.128837,-0.058626,1.001074,14:15:06.806667,6.806666667
-0.145658,-0.078453,0.984293,14:15:06.807333,6.807333333
-0.095177,-0.035873,0.997586,14:15:06.808000,6.808000000
-0.110142,-0.013345,1.007023,14:15:06.808667,6.808666667
-0.113785,-0.003306,1.021835,14:15:06.809333,6.809333333
-0.093225,0.052481,1.033938,14:15:06.810000,6.810000000
0.036417,0.049668,1.063421,14:15:06.810667,6.810666667
0.080993,0.126002,1.109286,14:15:06.811333,6.811333333
0.017320,0.057781,1.103557,14:15:06.812000,6.812000000
-0.070052,0.035012,0.992802,14:15:06.812667,6.812666667
-0.020861,0.024242,1.023327,14:15:06.813333,6.813333333
0.060434,0.120150,1.041190,14:15:06.814000,6.814000000
0.062051,0.116955,1.048175,14:15:06.814667,6.814666667
0.011331,0.030542,1.010119,14:15:06.815333,6.815333333
-0.044010,0.031502,0.991722,14:15:06.816000,6.816000000
-0.008069,0.030062,1.004981,14:15:06.816667,6.816666667
0.076192,0.027613,1.028950,14:15:06.817333,6.817333333
0.052686,0.070002,1.023995,14:15:06.818000,6.818000000
0.040607,0.056676,1.036371,14:15:06.818667,6.818666667
0.025330,0.062006,1.050296,14:15:06.819333,6.819333333
0.051260,0.061807,1.045158,14:15:06.820000,6.820000000
0.083845,0.081831,1.063811,14:15:06.820667,6.820666667
0.223772,0.128210,1.100955,14:15:06.821333,6.821333333
0.228755,0.172975,1.107804,14:15:06.822000,6.822000000
0.104009,0.068568,1.032930,14:15:06.822667,6.822666667
0.053981,-0.025072,0.977476,14:15:06.823333,6.823333333
0.070072,0.047130,1.022284,14:15:06.824000,6.824000000
0.135227,0.072849,1.028952,14:15:06.824667,6.824666667
0.126798,0.053042,1.018635,14:15:06.825333,6.825333333
0.065101,-0.015375,0.997755,14:15:06.826000,6.826000000
-0.017478,-0.036391,0.935031,14:15:06.826667,6.826666667
0.015149,-0.000602,0.980047,14:15:06.827333,6.827333333
0.035469,-0.025110,0.964083,14:15:06.828000,6.828000000
0.006265,0.002813,0.967327,14:15:06.828667,6.828666667
-0.030534,-0.031007,0.969564,14:15:06.829333,6.829333333
0.000010,-0.024051,0.968676,14:15:06.830000,6.830000000
0.009892,0.010480,0.984452,14:15:06.830667,6.830666667
0.045137,0.008202,1.004038,14:15:06.831333,6.831333333
0.156895,0.083046,1.019863,14:15:06.832000,6.832000000
0.130603,0.074499,1.028128,14:15:06.832667,6.832666667
0.015366,0.013204,0.950899,14:15:06.833333,6.833333333
-0.012016,-0.065425,0.941972,14:15:06.834000,6.834000000
0.048124,-0.002141,0.964456,14:15:06.834667,6.834666667
0.086308,0.046728,0.984229,14:15:06.835333,6.835333333
0.044898,-0.002043,0.962876,14:15:06.836000,6.836000000
-0.055536,-0.049795,0.938493,14:15:06.836667,6.836666667
-0.012567,-0.054419,0.945661,14:15:06.837333,6.837333333
-0.039740,-0.074935,0.995105,14:15:06.838000,6.838000000
-0.037887,-0.042200,0.987284,14:15:06.838667,6.838666667
-0.040135,-0.046744,0.979867,14:15:06.839333,6.839333333
-0.084398,-0.064367,0.963204,14:15:06.840000,6.840000000
-0.077209,-0.066278,1.000889,14:15:06.840667,6.840666667
-0.059165,-0.055315,1.004845,14:15:06.841333,6.841333333
-0.003568,-0.027942,1.015006,14:15:06.842000,6.842000000
0.081002,0.071012,1.069845,14:15:06.842667,6.842666667
0.037668,0.018633,1.037888,14:15:06.843333,6.843333333
-0.103822,-0.065659,0.964148,14:15:06.844000,6.844000000
-0.117511,-0.067997,0.960181,14:15:06.844667,6.844666667
-0.017166,-0.017721,0.999957,14:15:06.845333,6.845333333
0.012229,-0.016442,1.023775,14:15:06.846000,6.846000000
-0.057838,-0.031920,1.001798,14:15:06.846667,6.846666667
-0.123318,-0.100396,0.956243,14:15:06.847333,6.847333333
-0.138791,-0.102286,0.965578,14:15:06.848000,6.848000000
-0.130090,-0.077809,0.975458,14:15:06.848667,6.848666667
-0.132768,-0.034465,0.980833,14:15:06.849333,6.849333333
-0.121246,-0.083726,0.978645,14:15:06.850000,6.850000000
-0.132358,-0.072106,0.996571,14:15:06.850667,6.850666667
-0.124150,0.014413,0.992527,14:15:06.851333,6.851333333
-0.068508,-0.005607,1.038105,14:15:06.852000,6.852000000
-0.036556,0.050536,1.035545,14:15:06.852667,6.852666667
0.083789,0.136197,1.102118,14:15:06.853333,6.853333333
0.053391,0.055016,1.048893,14:15:06.854000,6.854000000
-0.053577,-0.005003,0.969697,14:15:06.854667,6.854666667
-0.048348,0.027927,1.005172,14:15:06.855333,6.855333333
0.030489,0.076406,1.074853,14:15:06.856000,6.856000000
0.065988,0.089723,1.034091,14:15:06.856667,6.856666667
0.015169,0.019882,1.010008,14:15:06.857333,6.857333333
-0.008182,0.029149,1.019739,14:15:06.858000,6.858000000
0.009055,0.055744,1.026452,14:15:06.858667,6.858666667
0.023899,0.059901,1.014746,14:15:06.859333,6.859333333
0.049391,0.054224,1.017724,14:15:06.860000,6.860000000
0.036223,0.014261,1.013230,14:15:06.860667,6.860666667
-0.009222,0.065064,1.014304,14:15:06.861333,6.861333333
0.065789,0.080844,1.056875,14:15:06.862000,6.862000000
0.100814,0.087001,1.044061,14:15:06.862667,6.862666667
0.161518,0.127715,1.074519,14:15:06.863333,6.863333333
0.243357,0.158701,1.121635,14:15:06.864000,6.864000000
0.150674,0.079100,1.061463,14:15:06.864667,6.864666667
0.041115,-0.028123,1.030623,14:15:06.865333,6.865333333
0.081863,0.041318,1.028282,14:15:06.866000,6.866000000
0.124967,0.079956,1.068691,14:15:06.866667,6.866666667
0.140416,0.037852,1.033168,14:15:06.867333,6.867333333
0.073905,-0.001026,0.980732,14:15:06.868000,6.868000000
0.017311,-0.009098,0.960102,14:15:06.868667,6.868666667
0.017952,0.006197,0.959114,14:15:06.869333,6.869333333
0.052351,0.003259,0.978871,14:15:06.870000,6.870000000
-0.021574,0.010967,0.976513,14:15:06.870667,6.870666667
-0.004574,-0.009371,0.964890,14:15:06.871333,6.871333333
0.006592,-0.040499,0.985478,14:15:06.872000,6.872000000
0.042982,0.001245,0.986294,14:15:06.872667,6.872666667
0.057013,-0.015503,0.971754,14:15:06.873333,6.873333333
0.130325,0.098327,1.040701,14:15:06.874000,6.874000000
0.179622,0.079764,1.042639,14:15:06.874667,6.874666667
0.034355,0.002309,0.987862,14:15:06.875333,6.875333333
-0.025905,-0.031149,0.953931,14:15:06.876000,6.876000000
0.049082,-0.004836,0.965334,14:15:06.876667,6.876666667
0.086229,0.029698,0.986427,14:15:06.877333,6.877333333
0.042601,0.010694,0.975097,14:15:06.878000,6.878000000
-0.019648,-0.054828,0.944231,14:15:06.878667,6.878666667
-0.076368,-0.102257,0.942438,14:15:06.879333,6.879333333
-0.010933,-0.050445,0.950599,14:15:06.880000,6.880000000
-0.004834,-0.059782,0.966029,14:15:06.880667,6.880666667
-0.046480,-0.064559,0.940261,14:15:06.881333,6.881333333
-0.057556,-0.028015,0.969050,14:15:06.882000,6.882000000
-0.021335,-0.043691,0.979061,14:15:06.882667,6.882666667
-0.029635,-0.028919,0.983387,14:15:06.883333,6.883333333
-0.024395,-0.009627,1.010716,14:15:06.884000,6.884000000
0.074109,0.058241,1.036010,14:15:06.884667,6.884666667
0.078324,0.007201,1.058909,14:15:06.885333,6.885333333
-0.035900,-0.070108,0.989587,14:15:06.886000,6.886000000
-0.098437,-0.087458,0.976651,14:15:06.886667,6.886666667
-0.068716,-0.017713,0.974111,14:15:06.887333,6.887333333
0.026432,-0.016280,1.037521,14:15:06.888000,6.888000000
-0.085341,-0.065566,1.004663,14:15:06.888667,6.888666667
-0.132693,-0.092069,0.967920,14:15:06.889333,6.889333333
-0.169074,-0.105718,0.965315,14:15:06.890000,6.890000000
-0.142576,-0.085732,0.963290,14:15:06.890667,6.890666667
-0.113494,-0.065228,0.986382,14:15:06.891333,6.891333333
-0.146452,-0.083453,0.976249,14:15:06.892000,6.892000000
-0.161839,-0.063817,0.990008,14:15:06.892667,6.892666667
-0.113704,-0.072180,0.983582,14:15:06.893333,6.893333333
-0.076323,-0.017394,1.013795,14:15:06.894000,6.894000000
-0.043377,-0.004435,1.050891,14:15:06.894667,6.894666667
0.059307,0.115657,1.075210,14:15:06.895333,6.895333333
0.028384,0.097963,1.047331,14:15:06.896000,6.896000000
-0.064710,0.000120,1.008285,14:15:06.896667,6.896666667
-0.062966,0.043180,0.988233,14:15:06.897333,6.897333333
0.029564,0.047565,1.051677,14:15:06.898000,6.898000000
0.101198,0.082461,1.046811,14:15:06.898667,6.898666667
0.003948,0.007540,1.012907,14:15:06.899333,6.899333333
-0.035105,0.001276,0.988672,14:15:06.900000,6.900000000
-0.003751,0.006654,0.995835,14:15:06.900667,6.900666667
0.002583,0.053614,1.056077,14:15:06.901333,6.901333333
0.024355,0.027029,1.024642,14:15:06.902000,6.902000000
0.018365,0.039712,1.025460,14:15:06.902667,6.902666667
0.013952,0.027743,1.044081,14:15:06.903333,6.903333333
0.064931,0.049514,1.045479,14:15:06.904000,6.904000000
0.085317,0.083908,1.059749,14:15:06.904667,6.904666667
0.096886,0.081810,1.090633,14:15:06.905333,6.905333333
0.223219,0.185752,1.109311,14:15:06.906000,6.906000000
0.143797,0.103309,1.061311,14:15:06.906667,6.906666667
0.035313,0.019721,0.992375,14:15:06.907333,6.907333333
0.069980,0.026544,1.012940,14:15:06.908000,6.908000000
0.129630,0.046435,1.023170,14:15:06.908667,6.908666667
0.150501,0.077595,1.036700,14:15:06.909333,6.909333333
0.050772,0.027810,1.000118,14:15:06.910000,6.910000000
0.044909,-0.013934,0.967798,14:15:06.910667,6.910666667
0.056456,-0.003734,0.978567,14:15:06.911333,6.911333333
0.062271,0.001020,0.991859,14:15:06.912000,6.912000000
0.029427,-0.022881,1.010095,14:15:06.912667,6.912666667
0.003577,-0.027243,0.968025,14:15:06.913333,6.913333333
-0.005650,-0.027176,0.957476,14:15:06.914000,6.914000000
0.008524,-0.004386,1.010740,14:15:06.914667,6.914666667
0.054401,-0.001845,0.993440,14:15:06.915333,6.915333333
0.110387,0.039523,1.037625,14:15:06.916000,6.916000000
0.163409,0.123660,1.067273,14:15:06.916667,6.916666667
0.069022,0.024454,0.975886,14:15:06.917333,6.917333333
-0.051420,-0.073858,0.937404,14:15:06.918000,6.918000000
0.016727,-0.023054,0.974020,14:15:06.918667,6.918666667
0.121884,0.021273,0.977779,14:15:06.919333,6.919333333
0.112234,0.018307,0.976818,14:15:06.920000,6.920000000
0.010069,-0.043086,0.959990,14:15:06.920667,6.920666667
-0.062809,-0.070741,0.924439,14:15:06.921333,6.921333333
0.007426,-0.054033,0.945288,14:15:06.922000,6.922000000
-0.000535,-0.035510,0.950006,14:15:06.922667,6.922666667
-0.046592,-0.039620,0.987045,14:15:06.923333,6.923333333
-0.044475,-0.081402,0.965833,14:15:06.924000,6.924000000
-0.041864,-0.032018,0.961551,14:15:06.924667,6.924666667
-0.048506,-0.039806,1.001245,14:15:06.925333,6.925333333
-0.050804,-0.014399,0.996699,14:15:06.926000,6.926000000
0.065642,0.043978,1.036718,14:15:06.926667,6.926666667
0.099891,0.079957,1.041253,14:15:06.927333,6.927333333
-0.072114,-0.036849,1.011999,14:15:06.928000,6.928000000
-0.137397,-0.104415,0.955854,14:15:06.928667,6.928666667
-0.028454,-0.095512,0.987915,14:15:06.929333,6.929333333
0.030236,-0.009086,1.014199,14:15:06.930000,6.930000000
-0.028662,-0.027360,0.994184,14:15:06.930667,6.930666667
-0.102711,-0.100254,0.956946,14:15:06.931333,6.931333333
-0.167786,-0.080358,0.955171,14:15:06.932000,6.932000000
-0.103178,-0.105565,0.951112,14:15:06.932667,6.932666667
-0.110109,-0.055298,0.984058,14:15:06.933333,6.933333333
-0.116042,-0.072793,0.992913,14:15:06.934000,6.934000000
-0.128207,-0.066900,0.978830,14:15:06.934667,6.934666667
-0.130607,-0.052493,1.016577,14:15:06.935333,6.935333333
-0.077012,-0.077860,1.008097,14:15:06.936000,6.936000000
-0.108044,-0.013084,1.042946,14:15:06.936667,6.936666667
0.065531,0.119856,1.060839,14:15:06.937333,6.937333333
0.003177,0.092642,1.094537,14:15:06.938000,6.938000000
-0.073383,-0.002948,1.004393,14:15:06.938667,6.938666667
-0.087101,-0.009411,0.975231,14:15:06.939333,6.939333333
0.019004,0.009586,1.015539,14:15:06.940000,6.940000000
0.069735,0.077107,1.028283,14:15:06.940667,6.940666667
0.045917,0.028952,1.023162,14:15:06.941333,6.941333333
-0.049865,0.010532,0.995176,14:15:06.942000,6.942000000
-0.044783,0.019366,1.014908,14:15:06.942667,6.942666667
0.005300,0.042818,1.007709,14:15:06.943333,6.943333333
0.006884,0.033305,1.060611,14:15:06.944000,6.944000000
-0.001850,0.022895,1.029038,14:15:06.944667,6.944666667
0.028904,0.065977,1.019232,14:15:06.945333,6.945333333
0.003347,0.041188,1.056933,14:15:06.946000,6.946000000
0.067315,0.105009,1.079051,14:15:06.946667,6.946666667
0.066624,0.098263,1.055647,14:15:06.947333,6.947333333
0.250297,0.182755,1.134421,14:15:06.948000,6.948000000
0.167338,0.114078,1.121094,14:15:06.948667,6.948666667
0.048765,0.033516,1.040207,14:15:06.949333,6.949333333
0.056391,0.031497,1.009008,14:15:06.950000,6.950000000
0.144747,0.082876,1.033889,14:15:06.950667,6.950666667
0.172819,0.082056,1.061921,14:15:06.951333,6.951333333
0.082625,0.041785,1.028413,14:15:06.952000,6.952000000
0.027124,0.015901,0.980125,14:15:06.952667,6.952666667
0.046895,0.002148,0.980124,14:15:06.953333,6.953333333
0.038733,-0.008007,0.991228,14:15:06.954000,6.954000000
0.033724,-0.002715,1.012798,14:15:06.954667,6.954666667
0.021489,-0.024501,0.970893,14:15:06.955333,6.955333333
0.022075,-0.024216,0.967595,14:15:06.956000,6.956000000
0.037622,0.007093,0.969188,14:15:06.956667,6.956666667
0.041052,0.014406,0.988054,14:15:06.957333,6.957333333
0.090232,0.025970,1.016917,14:15:06.958000,6.958000000
0.192998,0.110329,1.038463,14:15:06.958667,6.958666667
0.127489,0.031780,1.005100,14:15:06.959333,6.959333333
-0.009961,-0.046328,0.947962,14:15:06.960000,6.960000000
0.017650,-0.036866,0.948278,14:15:06.960667,6.960666667
0.076154,0.020367,0.958555,14:15:06.961333,6.961333333
0.073693,0.023245,0.980825,14:15:06.962000,6.962000000
0.042375,-0.026777,0.974709,14:15:06.962667,6.962666667
-0.020265,-0.082149,0.926402,14:15:06.963333,6.963333333
-0.025689,-0.016329,0.926857,14:15:06.964000,6.964000000
0.009272,-0.022088,0.958075,14:15:06.964667,6.964666667
-0.047271,-0.061385,0.957742,14:15:06.965333,6.965333333
-0.028732,-0.057611,0.965700,14:15:06.966000,6.966000000
-0.051437,-0.081571,0.962990,14:15:06.966667,6.966666667
-0.009268,-0.035614,0.981083,14:15:06.967333,6.967333333
0.002508,-0.037351,1.004214,14:15:06.968000,6.968000000
0.091874,0.003861,1.040959,14:15:06.968667,6.968666667
0.117749,0.072568,1.066779,14:15:06.969333,6.969333333
-0.008200,-0.030861,1.003817,14:15:06.970000,6.970000000
-0.090285,-0.086605,0.939336,14:15:06.970667,6.970666667
-0.033993,-0.059024,0.987648,14:15:06.971333,6.971333333
0.014272,-0.006382,1.017763,14:15:06.972000,6.972000000
-0.028146,-0.042741,0.982135,14:15:06.972667,6.972666667
-0.077901,-0.080105,0.971978,14:15:06.973333,6.973333333
-0.111125,-0.083614,0.942055,14:15:06.974000,6.974000000
-0.109557,-0.069157,0.979780,14:15:06.974667,6.974666667
-0.138538,-0.041565,0.975695,14:15:06.975333,6.975333333
-0.141167,-0.079751,0.977196,14:15:06.976000,6.976000000
-0.169474,-0.087441,0.971453,14:15:06.976667,6.976666667
-0.135263,-0.048609,0.972752,14:15:06.977333,6.977333333
-0.087582,-0.051397,1.000150,14:15:06.978000,6.978000000
-0.091009,-0.023713,1.020439,14:15:06.978667,6.978666667
0.050107,0.086265,1.075080,14:15:06.979333,6.979333333
0.048579,0.095196,1.060618,14:15:06.980000,6.980000000
-0.081212,-0.010626,1.014971,14:15:06.980667,6.980666667
-0.128980,-0.057126,0.970158,14:15:06.981333,6.981333333
-0.016500,0.036314,1.000661,14:15:06.982000,6.982000000
0.022135,0.075362,1.037745,14:15:06.982667,6.982666667
0.008347,0.043736,1.006434,14:15:06.983333,6.983333333
-0.027641,-0.003676,0.980793,14:15:06.984000,6.984000000
-0.026295,0.000469,0.998169,14:15:06.984667,6.984666667
0.002680,0.018445,1.008610,14:15:06.985333,6.985333333
-0.002738,0.042678,1.034700,14:15:06.986000,6.986000000
-0.001582,0.045580,1.049765,14:15:06.986667,6.986666667
-0.024539,0.058013,1.054844,14:15:06.987333,6.987333333
-0.015288,0.074595,1.034013,14:15:06.988000,6.988000000
0.063907,0.089608,1.036447,14:15:06.988667,6.988666667
0.068642,0.086086,1.096556,14:15:06.989333,6.989333333
0.229096,0.182124,1.138352,14:15:06.990000,6.990000000
0.193651,0.149060,1.094768,14:15:06.990667,6.990666667
0.081856,0.063923,0.988460,14:15:06.991333,6.991333333
0.038745,0.046483,0.998420,14:15:06.992000,6.992000000
0.108565,0.073578,1.042289,14:15:06.992667,6.992666667
0.180388,0.078102,1.055978,14:15:06.993333,6.993333333
0.121129,0.059120,1.016268,14:15:06.994000,6.994000000
0.018754,0.000806,0.986229,14:15:06.994667,6.994666667
0.023066,-0.029969,0.990076,14:15:06.995333,6.995333333
0.037880,-0.009507,1.022019,14:15:06.996000,6.996000000
-0.007160,0.012306,1.014782,14:15:06.996667,6.996666667
0.003813,-0.006143,0.976940,14:15:06.997333,6.997333333
0.039437,0.000992,1.012178,14:15:06.998000,6.998000000
0.004561,-0.021810,1.007353,14:15:06.998667,6.998666667
0.072662,0.027372,0.999898,14:15:06.999333,6.999333333
0.049736,0.016935,0.985672,14:15:07.000000,7.000000000
0.194756,0.076889,1.062915,14:15:07.000667,7.000666667
0.148760,0.053838,1.001929,14:15:07.001333,7.001333333
-0.060610,-0.053512,0.925159,14:15:07.002000,7.002000000
0.009807,-0.012215,0.942701,14:15:07.002667,7.002666667
0.073442,0.041857,0.998141,14:15:07.003333,7.003333333
0.101325,0.037049,0.979698,14:15:07.004000,7.004000000
0.049404,-0.026239,0.943503,14:15:07.004667,7.004666667
-0.043488,-0.042403,0.920198,14:15:07.005333,7.005333333
-0.047147,-0.045676,0.941115,14:15:07.006000,7.006000000
-0.016762,-0.040639,0.955475,14:15:07.006667,7.006666667
-0.007115,-0.053167,0.955643,14:15:07.007333,7.007333333
-0.006538,-0.062737,0.940483,14:15:07.008000,7.008000000
-0.053805,-0.031062,0.960215,14:15:07.008667,7.008666667
-0.025714,-0.022873,0.977380,14:15:07.009333,7.009333333
-0.022226,-0.016279,1.014563,14:15:07.010000,7.010000000
0.087000,0.015398,1.000812,14:15:07.010667,7.010666667
0.121876,0.079125,1.071753,14:15:07.011333,7.011333333
0.031459,0.003564,1.012387,14:15:07.012000,7.012000000
-0.063845,-0.070177,0.941100,14:15:07.012667,7.012666667
-0.044195,-0.060694,0.984085,14:15:07.013333,7.013333333
0.015871,-0.012550,0.994950,14:15:07.014000,7.014000000
0.034091,-0.028006,1.032300,14:15:07.014667,7.014666667
-0.089698,-0.100886,0.918695,14:15:07.015333,7.015333333
-0.071779,-0.094794,0.944623,14:15:07.016000,7.016000000
-0.103278,-0.076793,0.964199,14:15:07.016667,7.016666667
-0.099185,-0.083097,0.962531,14:15:07.017333,7.017333333
-0.156680,-0.061944,0.975517,14:15:07.018000,7.018000000
-0.142224,-0.084352,0.971617,14:15:07.018667,7.018666667
-0.173925,-0.083999,1.000789,14:15:07.019333,7.019333333
-0.148558,-0.062135,1.007895,14:15:07.020000,7.020000000
-0.081885,-0.023680,1.025335,14:15:07.020667,7.020666667
0.039673,0.026669,1.050731,14:15:07.021333,7.021333333
0.067975,0.078239,1.040825,14:15:07.022000,7.022000000
-0.047088,0.012143,1.009736,14:15:07.022667,7.022666667
-0.129072,-0.013705,0.963548,14:15:07.023333,7.023333333
-0.055496,-0.009999,0.989584,14:15:07.024000,7.024000000
0.009758,0.041525,1.022351,14:15:07.024667,7.024666667
0.009321,0.038772,1.036515,14:15:07.025333,7.025333333
-0.070821,0.001139,0.993797,14:15:07.026000,7.026000000
-0.056132,0.001627,0.970976,14:15:07.026667,7.026666667
-0.042158,-0.009409,1.020091,14:15:07.027333,7.027333333
-0.018701,0.032863,1.053378,14:15:07.028000,7.028000000
-0.012933,0.061468,1.012947,14:15:07.028667,7.028666667
-0.034221,0.035212,1.035496,14:15:07.029333,7.029333333
-0.003560,0.053419,1.041784,14:15:07.030000,7.030000000
0.014080,0.072138,1.048801,14:15:07.030667,7.030666667
0.071818,0.082016,1.061974,14:15:07.031333,7.031333333
0.176617,0.201204,1.142771,14:15:07.032000,7.032000000
0.231247,0.173801,1.099888,14:15:07.032667,7.032666667
0.043785,0.084870,1.062780,14:15:07.033333,7.033333333
0.034183,0.040221,1.020890,14:15:07.034000,7.034000000
0.118232,0.064388,1.041818,14:15:07.034667,7.034666667
0.160993,0.096886,1.056113,14:15:07.035333,7.035333333
0.119351,0.052244,1.033723,14:15:07.036000,7.036000000
0.027921,0.006311,0.991962,14:15:07.036667,7.036666667
0.017709,0.000646,0.971158,14:15:07.037333,7.037333333
0.027604,0.014150,1.004355,14:15:07.038000,7.038000000
0.062228,0.027330,1.011119,14:15:07.038667,7.038666667
0.023115,0.018794,0.984231,14:15:07.039333,7.039333333
0.013236,-0.064112,0.984163,14:15:07.040000,7.040000000
0.024763,-0.016836,1.003302,14:15:07.040667,7.040666667
0.033200,0.037913,0.998598,14:15:07.041333,7.041333333
0.093833,0.029949,0.985811,14:15:07.042000,7.042000000
0.161133,0.141135,1.054068,14:15:07.042667,7.042666667
0.151983,0.114730,1.037875,14:15:07.043333,7.043333333
0.026807,-0.009122,0.980953,14:15:07.044000,7.044000000
-0.003803,-0.006754,0.946231,14:15:07.044667,7.044666667
0.065029,0.024297,0.972609,14:15:07.045333,7.045333333
0.084558,0.036240,1.001735,14:15:07.046000,7.046000000
0.012208,0.018328,0.975245,14:15:07.046667,7.046666667
0.023698,-0.053275,0.932459,14:15:07.047333,7.047333333
-0.026534,-0.094481,0.940415,14:15:07.048000,7.048000000
0.014306,-0.028003,0.904237,14:15:07.048667,7.048666667
0.000215,-0.028688,0.966409,14:15:07.049333,7.049333333
-0.038548,-0.059327,0.949424,14:15:07.050000,7.050000000
-0.067141,-0.051092,0.955013,14:15:07.050667,7.050666667
-0.006860,-0.021945,1.001863,14:15:07.051333,7.051333333
-0.000849,0.000578,0.993883,14:15:07.052000,7.052000000
0.021965,0.003856,0.997160,14:15:07.052667,7.052666667
0.165706,0.102399,1.075353,14:15:07.053333,7.053333333
0.015020,-0.008120,1.012344,14:15:07.054000,7.054000000
-0.039466,-0.065112,0.956877,14:15:07.054667,7.054666667
-0.044154,-0.069296,0.973771,14:15:07.055333,7.055333333
-0.000331,-0.016997,0.978996,14:15:07.056000,7.056000000
0.040110,-0.012718,1.032806,14:15:07.056667,7.056666667
-0.069022,-0.053981,0.984457,14:15:07.057333,7.057333333
-0.098688,-0.089832,0.948817,14:15:07.058000,7.058000000
-0.116231,-0.085548,0.961483,14:15:07.058667,7.058666667
-0.108049,-0.076741,0.972923,14:15:07.059333,7.059333333
-0.122886,-0.071683,0.984252,14:15:07.060000,7.060000000
-0.110312,-0.072686,0.985172,14:15:07.060667,7.060666667
-0.122691,-0.077047,0.962626,14:15:07.061333,7.061333333
-0.137116,-0.041062,0.989276,14:15:07.062000,7.062000000
-0.094776,-0.047079,1.018133,14:15:07.062667,7.062666667
-0.004785,0.032147,1.051213,14:15:07.063333,7.063333333
0.030698,0.058217,1.062394,14:15:07.064000,7.064000000
-0.048779,0.000774,1.024924,14:15:07.064667,7.064666667
-0.151288,-0.050958,0.971706,14:15:07.065333,7.065333333
-0.059610,-0.005389,0.992709,14:15:07.066000,7.066000000
0.003672,0.054474,1.031923,14:15:07.066667,7.066666667
-0.010321,0.032795,1.022324,14:15:07.067333,7.067333333
-0.053393,0.010730,1.009419,14:15:07.068000,7.068000000
-0.105418,-0.009277,0.975080,14:15:07.068667,7.068666667
-0.059890,0.009546,1.001579,14:15:07.069333,7.069333333
-0.025741,0.038193,1.013617,14:15:07.070000,7.070000000
-0.028301,0.025389,1.022310,14:15:07.070667,7.070666667
-0.047041,0.020481,1.046264,14:15:07.071333,7.071333333
-0.042514,0.053644,1.038217,14:15:07.072000,7.072000000
0.037558,0.048853,1.071064,14:15:07.072667,7.072666667
0.071966,0.059994,1.086389,14:15:07.073333,7.073333333
0.147810,0.170049,1.083661,14:15:07.074000,7.074000000
0.185078,0.182293,1.110148,14:15:07.074667,7.074666667
0.119945,0.086142,1.031734,14:15:07.075333,7.075333333
0.028859,0.039982,1.023729,14:15:07.076000,7.076000000
0.111490,0.069978,1.029557,14:15:07.076667,7.076666667
0.157901,0.094742,1.078355,14:15:07.077333,7.077333333
0.138946,0.064153,1.043033,14:15:07.078000,7.078000000
0.029029,0.029405,1.020133,14:15:07.078667,7.078666667
0.041773,0.024195,0.994956,14:15:07.079333,7.079333333
0.050742,0.041018,1.000494,14:15:07.080000,7.080000000
0.046896,0.019986,0.989835,14:15:07.080667,7.080666667
0.038416,0.003567,1.010345,14:15:07.081333,7.081333333
0.028699,0.017980,0.976175,14:15:07.082000,7.082000000
0.014515,-0.005078,1.005659,14:15:07.082667,7.082666667
0.056110,0.025536,1.002046,14:15:07.083333,7.083333333
0.045899,0.019806,0.999932,14:15:07.084000,7.084000000
0.164258,0.094148,1.067209,14:15:07.084667,7.084666667
0.159258,0.094727,1.034230,14:15:07.085333,7.085333333
0.026871,-0.019818,0.980036,14:15:07.086000,7.086000000
-0.048419,-0.021696,0.951660,14:15:07.086667,7.086666667
0.048275,0.003221,0.960287,14:15:07.087333,7.087333333
0.113592,0.010201,0.991146,14:15:07.088000,7.088000000
0.058770,-0.006578,0.965552,14:15:07.088667,7.088666667
0.005625,-0.038179,0.926036,14:15:07.089333,7.089333333
-0.016603,-0.058975,0.922873,14:15:07.090000,7.090000000
0.000457,-0.031719,0.933693,14:15:07.090667,7.090666667
0.013425,-0.007564,0.973266,14:15:07.091333,7.091333333
-0.045409,-0.043131,0.940672,14:15:07.092000,7.092000000
-0.041048,-0.050733,0.943555,14:15:07.092667,7.092666667
-0.009965,-0.032753,0.981806,14:15:07.093333,7.093333333
0.003246,-0.028735,0.981000,14:15:07.094000,7.094000000
0.026133,0.009599,1.002599,14:15:07.094667,7.094666667
0.160344,0.090566,1.056871,14:15:07.095333,7.095333333
0.105616,0.046828,1.035874,14:15:07.096000,7.096000000
-0.051588,-0.059723,0.937959,14:15:07.096667,7.096666667
-0.044737,-0.078214,0.977808,14:15:07.097333,7.097333333
0.046826,-0.042941,1.005533,14:15:07.098000,7.098000000
0.024272,-0.017605,1.041685,14:15:07.098667,7.098666667
-0.024522,-0.037450,0.956343,14:15:07.099333,7.099333333
-0.108223,-0.107813,0.960479,14:15:07.100000,7.100000000
-0.114809,-0.102287,0.948562,14:15:07.100667,7.100666667
-0.096668,-0.057557,0.989891,14:15:07.101333,7.101333333
-0.083006,-0.094089,0.973561,14:15:07.102000,7.102000000
-0.118887,-0.091945,0.960972,14:15:07.102667,7.102666667
-0.132890,-0.078017,0.979677,14:15:07.103333,7.103333333
-0.082995,-0.064526,1.008307,14:15:07.104000,7.104000000
-0.122658,-0.054398,1.000300,14:15:07.104667,7.104666667
-0.080753,-0.039004,1.016144,14:15:07.105333,7.105333333
0.066864,0.068733,1.063221,14:15:07.106000,7.106000000
-0.038277,-0.006520,1.033254,14:15:07.106667,7.106666667
-0.131089,-0.057235,0.966429,14:15:07.107333,7.107333333
-0.073350,-0.019002,1.006043,14:15:07.108000,7.108000000
-0.035826,0.016645,1.021375,14:15:07.108667,7.108666667
-0.018716,0.016702,1.008607,14:15:07.109333,7.109333333
-0.050371,-0.004063,0.993885,14:15:07.110000,7.110000000
-0.074521,-0.006149,0.966850,14:15:07.110667,7.110666667
-0.099069,-0.004041,1.005313,14:15:07.111333,7.111333333
-0.030921,-0.010666,0.991945,14:15:07.112000,7.112000000
-0.041958,0.018800,1.037651,14:15:07.112667,7.112666667
-0.081015,0.014576,1.017118,14:15:07.113333,7.113333333
-0.026539,0.046940,1.001759,14:15:07.114000,7.114000000
-0.003190,0.080563,1.059376,14:15:07.114667,7.114666667
0.038721,0.097806,1.055600,14:15:07.115333,7.115333333
0.111917,0.120492,1.077696,14:15:07.116000,7.116000000
0.198784,0.183873,1.158584,14:15:07.116667,7.116666667
0.099365,0.102482,1.067620,14:15:07.117333,7.117333333
0.050447,0.055159,1.014370,14:15:07.118000,7.118000000
0.093368,0.083716,1.058871,14:15:07.118667,7.118666667
0.170058,0.096710,1.070409,14:15:07.119333,7.119333333
0.153613,0.075126,1.044725,14:15:07.120000,7.120000000
0.102211,0.055236,1.003196,14:15:07.120667,7.120666667
0.056005,-0.002447,0.984461,14:15:07.121333,7.121333333
0.074473,0.035860,1.026333,14:15:07.122000,7.122000000
0.066362,0.045419,1.024799,14:15:07.122667,7.122666667
0.062976,0.046702,1.009150,14:15:07.123333,7.123333333
0.017850,0.003966,1.010071,14:15:07.124000,7.124000000
0.042806,0.012483,1.020766,14:15:07.124667,7.124666667
0.071749,0.015477,1.018719,14:15:07.125333,7.125333333
0.070031,0.023369,1.003730,14:15:07.126000,7.126000000
0.166832,0.125746,1.068964,14:15:07.126667,7.126666667
0.212018,0.121912,1.058645,14:15:07.127333,7.127333333
0.043922,0.050570,0.997255,14:15:07.128000,7.128000000
0.008094,-0.031096,0.988709,14:15:07.128667,7.128666667
0.069095,0.008561,0.949117,14:15:07.129333,7.129333333
0.119318,0.045753,0.983798,14:15:07.130000,7.130000000
0.049250,0.021998,0.956868,14:15:07.130667,7.130666667
0.008452,-0.056726,0.935824,14:15:07.131333,7.131333333
-0.031228,-0.032341,0.942374,14:15:07.132000,7.132000000
-0.024571,-0.045217,0.950878,14:15:07.132667,7.132666667
0.012256,-0.043816,0.935387,14:15:07.133333,7.133333333
-0.057863,-0.036621,0.954719,14:15:07.134000,7.134000000
-0.024547,-0.071109,0.934945,14:15:07.134667,7.134666667
-0.030995,-0.025728,0.960176,14:15:07.135333,7.135333333
0.000677,-0.018472,0.981556,14:15:07.136000,7.136000000
0.048339,-0.011930,0.985246,14:15:07.136667,7.136666667
0.132576,0.077783,1.069168,14:15:07.137333,7.137333333
0.123417,0.030936,1.026238,14:15:07.138000,7.138000000
-0.047960,-0.051304,0.961123,14:15:07.138667,7.138666667
-0.050771,-0.055601,0.922119,14:15:07.139333,7.139333333
-0.026867,-0.024938,0.990218,14:15:07.140000,7.140000000
0.037492,-0.013960,1.010723,14:15:07.140667,7.140666667
-0.019801,-0.011223,0.995321,14:15:07.141333,7.141333333
-0.100746,-0.076933,0.944041,14:15:07.142000,7.142000000
-0.105773,-0.068069,0.939963,14:15:07.142667,7.142666667
-0.072517,-0.092321,0.947915,14:15:07.143333,7.143333333
-0.058395,-0.062854,0.987867,14:15:07.144000,7.144000000
-0.115330,-0.074312,0.993736,14:15:07.144667,7.144666667
-0.133160,-0.078482,0.967130,14:15:07.145333,7.145333333
-0.142200,-0.076918,0.988817,14:15:07.146000,7.146000000
-0.089485,-0.066549,1.013990,14:15:07.146667,7.146666667
-0.072999,-0.038277,1.013114,14:15:07.147333,7.147333333
0.040862,0.071119,1.066362,14:15:07.148000,7.148000000
0.007149,0.033092,1.033774,14:15:07.148667,7.148666667
-0.111503,-0.062888,0.995382,14:15:07.149333,7.149333333
-0.124998,-0.074524,0.966017,14:15:07.150000,7.150000000
-0.061619,0.004826,1.028239,14:15:07.150667,7.150666667
-0.019464,0.023469,1.035499,14:15:07.151333,7.151333333
-0.061536,0.019418,0.969953,14:15:07.152000,7.152000000
-0.119734,-0.046929,0.983321,14:15:07.152667,7.152666667
-0.104047,-0.051096,1.012528,14:15:07.153333,7.153333333
-0.068263,-0.015614,0.993951,14:15:07.154000,7.154000000
-0.074464,0.024778,1.016412,14:15:07.154667,7.154666667
-0.049598,-0.001303,0.987967,14:15:07.155333,7.155333333
-0.078879,0.019402,1.028515,14:15:07.156000,7.156000000
-0.025108,0.040326,1.033608,14:15:07.156667,7.156666667
0.055665,0.049581,1.060260,14:15:07.157333,7.157333333
0.075118,0.120907,1.092557,14:15:07.158000,7.158000000
0.200611,0.179067,1.143534,14:15:07.158667,7.158666667
0.096231,0.131374,1.068655,14:15:07.159333,7.159333333
-0.007134,-0.004829,1.012026,14:15:07.160000,7.160000000
0.090486,0.044898,1.026083,14:15:07.160667,7.160666667
0.103082,0.114366,1.082328,14:15:07.161333,7.161333333
0.169921,0.087559,1.060699,14:15:07.162000,7.162000000
0.092591,0.039255,1.016289,14:15:07.162667,7.162666667
0.012349,0.003298,1.006621,14:15:07.163333,7.163333333
0.067634,0.000823,1.005342,14:15:07.164000,7.164000000
0.074403,0.017019,1.016222,14:15:07.164667,7.164666667
0.048016,0.037688,1.025645,14:15:07.165333,7.165333333
0.061154,0.004966,0.995092,14:15:07.166000,7.166000000
0.028709,-0.013243,1.018866,14:15:07.166667,7.166666667
0.071265,0.019502,1.030890,14:15:07.167333,7.167333333
0.109117,0.042231,1.020237,14:15:07.168000,7.168000000
0.138560,0.067344,1.064397,14:15:07.168667,7.168666667
0.229806,0.143993,1.064634,14:15:07.169333,7.169333333
0.091633,0.032721,1.001697,14:15:07.170000,7.170000000
0.016669,-0.042164,0.944817,14:15:07.170667,7.170666667
0.062717,0.014805,0.988165,14:15:07.171333,7.171333333
0.125226,0.036766,1.001361,14:15:07.172000,7.172000000
0.066453,0.008028,0.968037,14:15:07.172667,7.172666667
0.017146,-0.045191,0.937805,14:15:07.173333,7.173333333
-0.039956,-0.011444,0.917572,14:15:07.174000,7.174000000
0.045282,-0.042119,0.935591,14:15:07.174667,7.174666667
-0.005133,-0.029202,0.961269,14:15:07.175333,7.175333333
-0.000439,-0.043524,0.962940,14:15:07.176000,7.176000000
-0.009842,-0.037121,0.952884,14:15:07.176667,7.176666667
-0.038011,-0.012156,0.944968,14:15:07.177333,7.177333333
0.003020,-0.004404,0.948187,14:15:07.178000,7.178000000
0.031074,-0.004979,0.997225,14:15:07.178667,7.178666667
0.111536,0.072098,1.038373,14:15:07.179333,7.179333333
0.153473,0.062563,1.050123,14:15:07.180000,7.180000000
-0.005687,-0.007984,0.984787,14:15:07.180667,7.180666667
-0.045856,-0.049200,0.951988,14:15:07.181333,7.181333333
0.019453,-0.026276,0.971129,14:15:07.182000,7.182000000
0.045777,0.002386,0.990340,14:15:07.182667,7.182666667
0.002510,-0.047433,0.988483,14:15:07.183333,7.183333333
-0.060409,-0.075331,0.959493,14:15:07.184000,7.184000000
-0.047485,-0.090019,0.946367,14:15:07.184667,7.184666667
-0.060150,-0.091446,0.971923,14:15:07.185333,7.185333333
-0.111637,-0.061868,0.989094,14:15:07.186000,7.186000000
-0.067131,-0.100944,0.971841,14:15:07.186667,7.186666667
-0.077502,-0.087574,0.961824,14:15:07.187333,7.187333333
-0.079364,-0.075482,1.003666,14:15:07.188000,7.188000000
-0.081711,-0.021391,1.000743,14:15:07.188667,7.188666667
-0.095517,-0.029344,0.982151,14:15:07.189333,7.189333333
0.043541,0.075798,1.075348,14:15:07.190000,7.190000000
0.019439,0.044251,1.058036,14:15:07.190667,7.190666667
-0.099766,-0.058866,0.978057,14:15:07.191333,7.191333333
-0.122523,-0.085613,0.952956,14:15:07.192000,7.192000000
-0.021599,-0.024739,1.000614,14:15:07.192667,7.192666667
-0.002238,0.013761,1.031236,14:15:07.193333,7.193333333
-0.060767,-0.041400,0.988114,14:15:07.194000,7.194000000
-0.114539,-0.042808,0.989413,14:15:07.194667,7.194666667
-0.112896,-0.044093,0.973556,14:15:07.195333,7.195333333
-0.079744,-0.007970,0.988381,14:15:07.196000,7.196000000
-0.029616,0.024692,1.016307,14:15:07.196667,7.196666667
-0.105145,-0.009361,0.986450,14:15:07.197333,7.197333333
-0.067575,-0.021549,1.013486,14:15:07.198000,7.198000000
-0.059626,0.053087,1.012035,14:15:07.198667,7.198666667
0.004918,0.049457,1.030003,14:15:07.199333,7.199333333
0.012874,0.081459,1.047794,14:15:07.200000,7.200000000
0.163386,0.189315,1.141828,14:15:07.200667,7.200666667
0.136313,0.116085,1.087702,14:15:07.201333,7.201333333
0.030359,0.066277,1.028000,14:15:07.202000,7.202000000
0.032245,0.034730,1.026109,14:15:07.202667,7.202666667
0.122760,0.098393,1.077883,14:15:07.203333,7.203333333
0.157893,0.118193,1.071421,14:15:07.204000,7.204000000
0.078611,0.085982,1.000163,14:15:07.204667,7.204666667
0.054347,0.022323,0.995201,14:15:07.205333,7.205333333
0.053687,0.020358,1.004157,14:15:07.206000,7.206000000
0.087518,0.024535,1.024831,14:15:07.206667,7.206666667
0.048030,0.044558,1.007654,14:15:07.207333,7.207333333
0.079303,0.013316,1.008445,14:15:07.208000,7.208000000
0.013411,-0.008122,1.007528,14:15:07.208667,7.208666667
0.046005,0.000745,1.035903,14:15:07.209333,7.209333333
0.096880,0.005993,1.027887,14:15:07.210000,7.210000000
0.119105,0.049097,1.037039,14:15:07.210667,7.210666667
0.199170,0.127286,1.097129,14:15:07.211333,7.211333333
0.092086,0.057953,1.013880,14:15:07.212000,7.212000000
-0.013980,-0.008755,0.955676,14:15:07.212667,7.212666667
0.037749,0.028045,0.993754,14:15:07.213333,7.213333333
0.119837,0.069790,0.982135,14:15:07.214000,7.214000000
0.091003,0.030919,1.007685,14:15:07.214667,7.214666667
0.042863,-0.032209,0.940941,14:15:07.215333,7.215333333
0.000214,-0.062119,0.930275,14:15:07.216000,7.216000000
-0.007352,-0.035287,0.943842,14:15:07.216667,7.216666667
0.037336,0.007778,0.952276,14:15:07.217333,7.217333333
-0.007027,-0.056603,0.943891,14:15:07.218000,7.218000000
-0.003917,-0.044717,0.955175,14:15:07.218667,7.218666667
-0.007235,-0.007226,0.966544,14:15:07.219333,7.219333333
0.008554,0.003035,0.991241,14:15:07.220000,7.220000000
0.046691,0.015870,0.977328,14:15:07.220667,7.220666667
0.108262,0.054815,1.005367,14:15:07.221333,7.221333333
0.176160,0.077417,1.026203,14:15:07.222000,7.222000000
0.049195,0.023542,0.951039,14:15:07.222667,7.222666667
-0.047030,-0.092731,0.953855,14:15:07.223333,7.223333333
-0.003598,-0.027843,0.970195,14:15:07.224000,7.224000000
0.065856,0.045317,0.995051,14:15:07.224667,7.224666667
0.038691,-0.023866,0.975610,14:15:07.225333,7.225333333
-0.047914,-0.070684,0.954083,14:15:07.226000,7.226000000
-0.077499,-0.097506,0.932338,14:15:07.226667,7.226666667
-0.049744,-0.077075,0.988353,14:15:07.227333,7.227333333
-0.064106,-0.052737,0.979441,14:15:07.228000,7.228000000
-0.093874,-0.063554,0.997503,14:15:07.228667,7.228666667
-0.123602,-0.071230,0.974983,14:15:07.229333,7.229333333
-0.098857,-0.111795,0.971538,14:15:07.230000,7.230000000
-0.084782,-0.046762,1.010942,14:15:07.230667,7.230666667
-0.080740,-0.050878,0.988317,14:15:07.231333,7.231333333
0.022695,0.020570,1.052749,14:15:07.232000,7.232000000
0.032239,0.020209,1.057888,14:15:07.232667,7.232666667
-0.091098,-0.044473,0.982425,14:15:07.233333,7.233333333
-0.160460,-0.071338,0.996193,14:15:07.234000,7.234000000
-0.078753,-0.013467,0.999466,14:15:07.234667,7.234666667
-0.022572,0.029365,1.027836,14:15:07.235333,7.235333333
-0.080116,-0.012318,0.977429,14:15:07.236000,7.236000000
-0.086890,-0.044567,0.946025,14:15:07.236667,7.236666667
-0.134560,-0.056001,0.946517,14:15:07.237333,7.237333333
-0.103426,-0.036072,1.013502,14:15:07.238000,7.238000000
-0.084514,-0.023480,1.014000,14:15:07.238667,7.238666667
-0.095026,-0.005998,1.010853,14:15:07.239333,7.239333333
-0.082539,-0.022215,0.994678,14:15:07.240000,7.240000000
-0.097844,0.020305,1.019522,14:15:07.240667,7.240666667
-0.043249,0.055648,1.045273,14:15:07.241333,7.241333333
0.013672,0.045717,1.055948,14:15:07.242000,7.242000000
0.144670,0.167075,1.118648,14:15:07.242667,7.242666667
0.117565,0.173523,1.102268,14:15:07.243333,7.243333333
0.014675,0.054882,1.046464,14:15:07.244000,7.244000000
0.019991,0.028709,1.023362,14:15:07.244667,7.244666667
0.088349,0.096195,1.045853,14:15:07.245333,7.245333333
0.151251,0.105396,1.047729,14:15:07.246000,7.246000000
0.070661,0.071872,1.032295,14:15:07.246667,7.246666667
0.028399,0.052154,0.996862,14:15:07.247333,7.247333333
0.022440,0.031113,1.015156,14:15:07.248000,7.248000000
0.072548,0.039053,1.007471,14:15:07.248667,7.248666667
0.072887,0.046994,1.032861,14:15:07.249333,7.249333333
0.049351,0.004083,1.030571,14:15:07.250000,7.250000000
0.019121,0.042435,1.015430,14:15:07.250667,7.250666667
0.065117,0.027676,1.051954,14:15:07.251333,7.251333333
0.042223,0.042552,1.064805,14:15:07.252000,7.252000000
0.076917,0.063164,1.052420,14:15:07.252667,7.252666667
0.229088,0.161685,1.094572,14:15:07.253333,7.253333333
0.169346,0.100514,1.062988,14:15:07.254000,7.254000000
0.030184,0.007454,0.988966,14:15:07.254667,7.254666667
0.077765,0.000570,0.986510,14:15:07.255333,7.255333333
0.106184,0.047017,1.010452,14:15:07.256000,7.256000000
0.110356,0.065923,1.002635,14:15:07.256667,7.256666667
-0.001558,-0.021626,0.959090,14:15:07.257333,7.257333333
-0.053912,-0.058266,0.947684,14:15:07.258000,7.258000000
0.031371,-0.042639,0.932942,14:15:07.258667,7.258666667
0.012314,-0.031190,0.978330,14:15:07.259333,7.259333333
0.011312,-0.009354,0.939784,14:15:07.260000,7.260000000
-0.039404,-0.035607,0.944685,14:15:07.260667,7.260666667
-0.007365,-0.030257,0.940102,14:15:07.261333,7.261333333
0.033345,0.002166,0.981527,14:15:07.262000,7.262000000
0.018787,-0.004811,0.977855,14:15:07.262667,7.262666667
0.085718,0.030396,1.014026,14:15:07.263333,7.263333333
0.150034,0.063477,1.050430,14:15:07.264000,7.264000000
0.053637,0.015864,1.007335,14:15:07.264667,7.264666667
-0.039708,-0.045625,0.919360,14:15:07.265333,7.265333333
-0.010376,-0.005599,0.973395,14:15:07.266000,7.266000000
0.079154,0.018202,0.985987,14:15:07.266667,7.266666667
0.055487,0.029203,1.008775,14:15:07.267333,7.267333333
-0.004594,-0.039602,0.994569,14:15:07.268000,7.268000000
-0.039753,-0.075873,0.933202,14:15:07.268667,7.268666667
-0.056410,-0.087108,0.973664,14:15:07.269333,7.269333333
-0.058580,-0.041053,0.969214,14:15:07.270000,7.270000000
-0.065915,-0.070035,0.976500,14:15:07.270667,7.270666667
-0.102226,-0.088845,0.997773,14:15:07.271333,7.271333333
-0.093623,-0.084875,0.966933,14:15:07.272000,7.272000000
-0.093889,-0.059798,0.980751,14:15:07.272667,7.272666667
-0.041829,-0.029665,0.999794,14:15:07.273333,7.273333333
0.013215,0.017553,1.049591,14:15:07.274000,7.274000000
0.068184,0.045952,1.073503,14:15:07.274667,7.274666667
-0.065630,-0.010073,0.984345,14:15:07.275333,7.275333333
-0.161372,-0.079841,0.954668,14:15:07.276000,7.276000000
-0.033911,-0.068354,0.991859,14:15:07.276667,7.276666667
-0.002472,-0.020735,1.015669,14:15:07.277333,7.277333333
-0.040581,-0.023369,0.996565,14:15:07.278000,7.278000000
-0.111812,-0.054357,0.983332,14:15:07.278667,7.278666667
-0.142433,-0.061218,0.981076,14:15:07.279333,7.279333333
-0.106911,-0.043446,0.985814,14:15:07.280000,7.280000000
-0.100858,0.005283,0.980018,14:15:07.280667,7.280666667
-0.114709,-0.038487,0.978230,14:15:07.281333,7.281333333
-0.117732,-0.034203,1.004307,14:15:07.282000,7.282000000
-0.093726,0.029019,1.028504,14:15:07.282667,7.282666667
-0.065161,0.047141,1.041710,14:15:07.283333,7.283333333
-0.002794,0.052483,1.041651,14:15:07.284000,7.284000000
0.098817,0.166789,1.102638,14:15:07.284667,7.284666667
0.150096,0.148091,1.112867,14:15:07.285333,7.285333333
0.042409,0.102224,1.034013,14:15:07.286000,7.286000000
-0.030344,0.055823,0.998506,14:15:07.286667,7.286666667
0.066606,0.117412,1.045613,14:15:07.287333,7.287333333
0.145579,0.103429,1.057944,14:15:07.288000,7.288000000
0.114274,0.056798,1.064048,14:15:07.288667,7.288666667
0.037692,0.004758,1.006153,14:15:07.289333,7.289333333
0.064206,0.060134,1.012707,14:15:07.290000,7.290000000
0.034717,0.028994,1.035775,14:15:07.290667,7.290666667
0.049977,0.041681,1.035216,14:15:07.291333,7.291333333
0.057334,0.039587,1.027679,14:15:07.292000,7.292000000
0.037332,0.040019,1.031558,14:15:07.292667,7.292666667
0.050472,0.006169,1.013471,14:15:07.293333,7.293333333
0.073257,0.046789,1.047605,14:15:07.294000,7.294000000
0.086568,0.070452,1.054944,14:15:07.294667,7.294666667
0.217798,0.158134,1.114673,14:15:07.295333,7.295333333
0.168473,0.105183,1.068615,14:15:07.296000,7.296000000
0.015699,0.036567,0.977792,14:15:07.296667,7.296666667
-0.001737,0.016345,0.980840,14:15:07.297333,7.297333333
0.143879,0.030521,1.013982,14:15:07.298000,7.298000000
0.144194,0.056332,1.005415,14:15:07.298667,7.298666667
0.055809,-0.013225,0.945132,14:15:07.299333,7.299333333
0.008320,-0.033068,0.952339,14:15:07.300000,7.300000000
-0.012994,-0.051248,0.925106,14:15:07.300667,7.300666667
0.013046,-0.027730,0.940201,14:15:07.301333,7.301333333
0.014060,-0.063910,0.957048,14:15:07.302000,7.302000000
0.010037,-0.050567,0.938371,14:15:07.302667,7.302666667
0.043629,-0.046803,0.929017,14:15:07.303333,7.303333333
0.009474,-0.012582,0.985242,14:15:07.304000,7.304000000
0.048275,0.006608,0.987398,14:15:07.304667,7.304666667
0.072230,0.018770,0.993617,14:15:07.305333,7.305333333
0.180078,0.100063,1.080432,14:15:07.306000,7.306000000
0.088629,0.057093,1.005806,14:15:07.306667,7.306666667
-0.021680,-0.061272,0.953722,14:15:07.307333,7.307333333
-0.026917,-0.022688,0.942997,14:15:07.308000,7.308000000
0.074026,0.035676,0.969558,14:15:07.308667,7.308666667
0.041052,-0.003073,0.982029,14:15:07.309333,7.309333333
-0.024178,-0.064742,0.971295,14:15:07.310000,7.310000000
-0.043562,-0.074407,0.942473,14:15:07.310667,7.310666667
-0.050907,-0.066802,0.946949,14:15:07.311333,7.311333333
-0.062340,-0.079820,0.980930,14:15:07.312000,7.312000000
-0.082436,-0.074480,0.968704,14:15:07.312667,7.312666667
-0.105691,-0.103214,0.968458,14:15:07.313333,7.313333333
-0.095809,-0.060923,0.953282,14:15:07.314000,7.314000000
-0.038939,-0.061931,1.006782,14:15:07.314667,7.314666667
-0.051131,-0.048766,1.021581,14:15:07.315333,7.315333333
-0.000868,-0.011191,1.040378,14:15:07.316000,7.316000000
0.061064,0.056203,1.055410,14:15:07.316667,7.316666667
-0.030950,-0.039377,0.994008,14:15:07.317333,7.317333333
-0.122474,-0.070997,0.967777,14:15:07.318000,7.318000000
-0.102263,-0.050566,0.961584,14:15:07.318667,7.318666667
-0.030835,-0.012706,1.018473,14:15:07.319333,7.319333333
-0.038935,-0.016103,1.002454,14:15:07.320000,7.320000000
-0.098702,-0.089841,0.961255,14:15:07.320667,7.320666667
-0.137319,-0.065977,0.944397,14:15:07.321333,7.321333333
-0.113558,-0.043223,0.990029,14:15:07.322000,7.322000000
-0.094508,-0.040673,0.989077,14:15:07.322667,7.322666667
-0.154658,-0.018400,1.007832,14:15:07.323333,7.323333333
-0.131078,-0.004541,1.005102,14:15:07.324000,7.324000000
-0.114429,-0.003040,0.982176,14:15:07.324667,7.324666667
-0.045852,0.012659,1.007063,14:15:07.325333,7.325333333
-0.000276,0.006844,1.047482,14:15:07.326000,7.326000000
0.080873,0.113626,1.076133,14:15:07.326667,7.326666667
0.139509,0.114986,1.082984,14:15:07.327333,7.327333333
0.024257,0.064047,1.065445,14:15:07.328000,7.328000000
-0.024020,0.031303,1.012194,14:15:07.328667,7.328666667
0.053409,0.071959,1.058267,14:15:07.329333,7.329333333
0.115272,0.112426,1.072756,14:15:07.330000,7.330000000
0.132015,0.072547,1.033077,14:15:07.330667,7.330666667
0.018926,0.023815,0.987428,14:15:07.331333,7.331333333
0.001099,0.030521,1.033530,14:15:07.332000,7.332000000
0.056681,0.045556,1.049722,14:15:07.332667,7.332666667
0.043164,0.045540,1.080423,14:15:07.333333,7.333333333
0.088307,0.035452,1.026989,14:15:07.334000,7.334000000
0.033377,0.020814,1.032809,14:15:07.334667,7.334666667
0.040639,0.031958,1.035302,14:15:07.335333,7.335333333
0.069095,0.054227,1.022430,14:15:07.336000,7.336000000
0.085596,0.058837,1.055912,14:15:07.336667,7.336666667
0.215546,0.165996,1.085703,14:15:07.337333,7.337333333
0.215143,0.122018,1.102492,14:15:07.338000,7.338000000
0.065277,0.046388,1.012835,14:15:07.338667,7.338666667
0.042507,-0.006234,0.977631,14:15:07.339333,7.339333333
0.116185,0.023085,1.028722,14:15:07.340000,7.340000000
0.108765,0.034606,1.013759,14:15:07.340667,7.340666667
0.089129,-0.028615,0.980188,14:15:07.341333,7.341333333
0.002011,-0.036876,0.924747,14:15:07.342000,7.342000000
0.013096,-0.038549,0.964000,14:15:07.342667,7.342666667
0.036588,-0.013022,0.941028,14:15:07.343333,7.343333333
0.018949,-0.031874,0.961922,14:15:07.344000,7.344000000
0.006562,0.002998,0.960769,14:15:07.344667,7.344666667
-0.010193,-0.033857,0.955102,14:15:07.345333,7.345333333
-0.015689,-0.030747,0.965268,14:15:07.346000,7.346000000
0.023481,0.012552,0.969671,14:15:07.346667,7.346666667
0.042934,-0.003394,0.985992,14:15:07.347333,7.347333333
0.163974,0.111595,1.042683,14:15:07.348000,7.348000000
0.091196,0.037009,0.985648,14:15:07.348667,7.348666667
-0.056661,-0.024679,0.941822,14:15:07.349333,7.349333333
-0.021794,-0.065294,0.945234,14:15:07.350000,7.350000000
0.070422,0.005249,0.997938,14:15:07.350667,7.350666667
0.047073,0.008305,0.974694,14:15:07.351333,7.351333333
0.031228,-0.012606,0.969010,14:15:07.352000,7.352000000
-0.056983,-0.100642,0.943349,14:15:07.352667,7.352666667
-0.068710,-0.057054,0.927210,14:15:07.353333,7.353333333
-0.027797,-0.062378,0.937887,14:15:07.354000,7.354000000
-0.063881,-0.080830,0.964118,14:15:07.354667,7.354666667
-0.078600,-0.090186,0.959954,14:15:07.355333,7.355333333
-0.098878,-0.060786,0.967555,14:15:07.356000,7.356000000
-0.093005,-0.064326,0.972524,14:15:07.356667,7.356666667
-0.039271,-0.044690,1.006142,14:15:07.357333,7.357333333
-0.026319,0.000053,1.014807,14:15:07.358000,7.358000000
0.117335,0.083771,1.049966,14:15:07.358667,7.358666667
-0.043032,0.001048,1.010682,14:15:07.359333,7.359333333
-0.159577,-0.083198,0.979540,14:15:07.360000,7.360000000
-0.104946,-0.049528,0.967571,14:15:07.360667,7.360666667
-0.042645,-0.020670,0.996356,14:15:07.361333,7.361333333
-0.049146,-0.005010,0.999891,14:15:07.362000,7.362000000
-0.111277,-0.058841,0.988245,14:15:07.362667,7.362666667
-0.171995,-0.084591,0.980084,14:15:07.363333,7.363333333
-0.130055,-0.074128,1.000502,14:15:07.364000,7.364000000
-0.114010,-0.052889,0.979849,14:15:07.364667,7.364666667
-0.124888,-0.021949,1.021528,14:15:07.365333,7.365333333
-0.138520,-0.028360,0.988395,14:15:07.366000,7.366000000
-0.131776,-0.006871,0.983005,14:15:07.366667,7.366666667
-0.085717,0.012140,1.015420,14:15:07.367333,7.367333333
-0.039673,-0.004155,1.044228,14:15:07.368000,7.368000000
0.044364,0.091832,1.074905,14:15:07.368667,7.368666667
0.109029,0.132341,1.111761,14:15:07.369333,7.369333333
0.025805,0.064498,1.025576,14:15:07.370000,7.370000000
-0.066361,0.042933,0.999585,14:15:07.370667,7.370666667
0.002101,0.035551,1.040117,14:15:07.371333,7.371333333
0.105040,0.117802,1.076034,14:15:07.372000,7.372000000
0.106148,0.066470,1.029831,14:15:07.372667,7.372666667
0.035115,0.048077,0.996515,14:15:07.373333,7.373333333
0.018049,0.006367,1.001108,14:15:07.374000,7.374000000
0.049475,0.015878,1.022902,14:15:07.374667,7.374666667
0.043693,0.060806,1.050152,14:15:07.375333,7.375333333
0.039248,0.049576,1.047096,14:15:07.376000,7.376000000
0.016348,0.038265,1.024643,14:15:07.376667,7.376666667
0.031136,0.060932,1.045599,14:15:07.377333,7.377333333
0.071217,0.050465,1.038432,14:15:07.378000,7.378000000
0.072933,0.081849,1.048886,14:15:07.378667,7.378666667
0.223508,0.154770,1.105444,14:15:07.379333,7.379333333
0.221399,0.136420,1.102996,14:15:07.380000,7.380000000
0.060391,0.063300,1.046569,14:15:07.380667,7.380666667
0.003872,0.001865,0.991576,14:15:07.381333,7.381333333
0.087055,0.028605,0.997665,14:15:07.382000,7.382000000
0.153006,0.058930,1.039979,14:15:07.382667,7.382666667
0.110435,0.024166,1.010400,14:15:07.383333,7.383333333
0.018093,-0.015252,0.945725,14:15:07.384000,7.384000000
-0.014876,-0.042451,0.955345,14:15:07.384667,7.384666667
-0.005815,-0.010077,0.979729,14:15:07.385333,7.385333333
0.029322,-0.015690,0.944670,14:15:07.386000,7.386000000
0.032703,-0.018464,0.965121,14:15:07.386667,7.386666667
-0.040626,-0.035949,0.961426,14:15:07.387333,7.387333333
-0.003889,-0.018296,0.983576,14:15:07.388000,7.388000000
0.030793,-0.004527,0.996065,14:15:07.388667,7.388666667
0.030855,0.007876,1.000585,14:15:07.389333,7.389333333
0.191592,0.118060,1.060443,14:15:07.390000,7.390000000
0.115455,0.055046,1.025298,14:15:07.390667,7.390666667
-0.008892,0.002051,0.958515,14:15:07.391333,7.391333333
-0.017750,-0.047410,0.944268,14:15:07.392000,7.392000000
0.079367,0.012123,0.988079,14:15:07.392667,7.392666667
0.069429,0.014410,0.996701,14:15:07.393333,7.393333333
0.011246,-0.029632,0.968369,14:15:07.394000,7.394000000
-0.064632,-0.055940,0.934441,14:15:07.394667,7.394666667
-0.038090,-0.071992,0.966689,14:15:07.395333,7.395333333
-0.058586,-0.013540,0.956783,14:15:07.396000,7.396000000
-0.032082,-0.043066,0.964647,14:15:07.396667,7.396666667
-0.044575,-0.073502,0.986639,14:15:07.397333,7.397333333
-0.091331,-0.066649,0.978854,14:15:07.398000,7.398000000
-0.065588,-0.054641,0.970950,14:15:07.398667,7.398666667
-0.048820,-0.020631,0.995898,14:15:07.399333,7.399333333
-0.033120,-0.023884,1.011063,14:15:07.400000,7.400000000
0.080743,0.078525,1.083651,14:15:07.400667,7.400666667
0.010189,0.014389,1.040686,14:15:07.401333,7.401333333
-0.108562,-0.080206,0.993317,14:15:07.402000,7.402000000
-0.123701,-0.091181,0.986512,14:15:07.402667,7.402666667
-0.044178,-0.004653,1.015326,14:15:07.403333,7.403333333
-0.029915,-0.021655,0.985516,14:15:07.404000,7.404000000
-0.134162,-0.048556,0.987130,14:15:07.404667,7.404666667
-0.123113,-0.061479,0.959148,14:15:07.405333,7.405333333
-0.136877,-0.082221,0.945761,14:15:07.406000,7.406000000
-0.125290,-0.062818,0.987689,14:15:07.406667,7.406666667
-0.110126,-0.055299,0.996491,14:15:07.407333,7.407333333
-0.143227,-0.043251,1.012916,14:15:07.408000,7.408000000
-0.128855,-0.018447,0.984374,14:15:07.408667,7.408666667
-0.108970,-0.020523,1.001813,14:15:07.409333,7.409333333
-0.058061,0.010041,1.018931,14:15:07.410000,7.410000000
0.010530,0.052591,1.043760,14:15:07.410667,7.410666667
0.122495,0.155062,1.074855,14:15:07.411333,7.411333333
0.014541,0.101302,1.041325,14:15:07.412000,7.412000000
-0.082321,0.042736,0.991605,14:15:07.412667,7.412666667
-0.022808,0.010707,0.999433,14:15:07.413333,7.413333333
0.081114,0.094678,1.045300,14:15:07.414000,7.414000000
0.076547,0.100070,1.063370,14:15:07.414667,7.414666667
0.010669,0.043589,1.026908,14:15:07.415333,7.415333333
-0.002447,0.011112,0.980476,14:15:07.416000,7.416000000
0.004725,0.055036,1.021563,14:15:07.416667,7.416666667
0.058830,0.062964,1.029803,14:15:07.417333,7.417333333
0.047275,0.071856,1.040444,14:15:07.418000,7.418000000
0.023164,0.070376,1.020017,14:15:07.418667,7.418666667
0.030015,0.046688,1.039863,14:15:07.419333,7.419333333
0.126394,0.057774,1.064040,14:15:07.420000,7.420000000
0.091081,0.076528,1.043361,14:15:07.420667,7.420666667
0.175735,0.133275,1.091042,14:15:07.421333,7.421333333
0.228637,0.163925,1.113510,14:15:07.422000,7.422000000
0.094936,0.052307,1.046219,14:15:07.422667,7.422666667
0.032192,0.010109,0.994370,14:15:07.423333,7.423333333
0.102558,0.052697,1.043864,14:15:07.424000,7.424000000
0.158017,0.034327,1.018815,14:15:07.424667,7.424666667
0.108177,0.021803,1.000272,14:15:07.425333,7.425333333
0.032157,-0.001020,0.985390,14:15:07.426000,7.426000000
0.011248,-0.043851,0.962415,14:15:07.426667,7.426666667
0.046810,-0.011852,0.976048,14:15:07.427333,7.427333333
0.029980,-0.035082,0.981200,14:15:07.428000,7.428000000
0.000117,-0.033744,0.957905,14:15:07.428667,7.428666667
-0.000849,-0.034468,0.950546,14:15:07.429333,7.429333333
0.002328,-0.050244,0.970886,14:15:07.430000,7.430000000
0.019157,-0.030967,0.982219,14:15:07.430667,7.430666667
0.058791,-0.004059,0.982914,14:15:07.431333,7.431333333
0.152746,0.083520,1.057907,14:15:07.432000,7.432000000
0.177381,0.083123,1.023341,14:15:07.432667,7.432666667
0.008370,-0.035649,0.973195,14:15:07.433333,7.433333333
0.000040,-0.024180,0.936328,14:15:07.434000,7.434000000
0.066251,-0.018053,0.974832,14:15:07.434667,7.434666667
0.111067,0.031823,0.984291,14:15:07.435333,7.435333333
0.027606,0.003255,0.987759,14:15:07.436000,7.436000000
0.003244,-0.085339,0.934037,14:15:07.436667,7.436666667
-0.047587,-0.068541,0.933339,14:15:07.437333,7.437333333
-0.029201,-0.027184,0.940316,14:15:07.438000,7.438000000
-0.044991,-0.080234,0.962159,14:15:07.438667,7.438666667
-0.049608,-0.064697,0.949423,14:15:07.439333,7.439333333
-0.042768,-0.068810,0.953529,14:15:07.440000,7.440000000
-0.067713,-0.038826,0.990365,14:15:07.440667,7.440666667
-0.042406,-0.025499,0.998688,14:15:07.441333,7.441333333
-0.040502,-0.047740,1.015061,14:15:07.442000,7.442000000
0.101122,0.073251,1.048004,14:15:07.442667,7.442666667
0.074417,0.018938,1.042545,14:15:07.443333,7.443333333
-0.082722,-0.061437,0.974299,14:15:07.444000,7.444000000
-0.139507,-0.081745,0.981772,14:15:07.444667,7.444666667
-0.005500,-0.030016,0.999832,14:15:07.445333,7.445333333
-0.006966,-0.018690,1.039932,14:15:07.446000,7.446000000
-0.084175,-0.063603,0.987058,14:15:07.446667,7.446666667
-0.145501,-0.078581,0.965275,14:15:07.447333,7.447333333
-0.131840,-0.091460,0.952918,14:15:07.448000,7.448000000
-0.138801,-0.070309,0.961953,14:15:07.448667,7.448666667
-0.119038,-0.052982,0.970092,14:15:07.449333,7.449333333
-0.145463,-0.074266,0.960354,14:15:07.450000,7.450000000
-0.139692,-0.036321,0.976823,14:15:07.450667,7.450666667
-0.103556,-0.028265,1.007028,14:15:07.451333,7.451333333
-0.035284,0.019653,1.028662,14:15:07.452000,7.452000000
-0.020977,0.010315,1.025401,14:15:07.452667,7.452666667
0.113116,0.130620,1.090971,14:15:07.453333,7.453333333
0.049449,0.071925,1.062650,14:15:07.454000,7.454000000
-0.082029,0.003880,0.980062,14:15:07.454667,7.454666667
-0.056790,0.003414,1.006547,14:15:07.455333,7.455333333
0.053199,0.077499,1.034805,14:15:07.456000,7.456000000
0.054960,0.105658,1.047099,14:15:07.456667,7.456666667
0.015796,0.046698,1.032449,14:15:07.457333,7.457333333
0.005522,0.021704,1.020877,14:15:07.458000,7.458000000
-0.029036,0.018884,1.021067,14:15:07.458667,7.458666667
-0.000830,0.026982,1.040908,14:15:07.459333,7.459333333
0.019055,0.026874,1.050600,14:15:07.460000,7.460000000
0.028615,0.041556,1.041522,14:15:07.460667,7.460666667
0.042992,0.037436,1.029465,14:15:07.461333,7.461333333
0.068498,0.047582,1.043804,14:15:07.462000,7.462000000
0.104347,0.058380,1.066974,14:15:07.462667,7.462666667
0.153807,0.103659,1.103856,14:15:07.463333,7.463333333
0.219863,0.167695,1.090535,14:15:07.464000,7.464000000
0.136520,0.083049,1.067039,14:15:07.464667,7.464666667
0.007528,0.015183,1.003741,14:15:07.465333,7.465333333
0.069985,0.018536,0.996256,14:15:07.466000,7.466000000
0.153515,0.060466,1.040688,14:15:07.466667,7.466666667
0.124592,0.043475,1.037652,14:15:07.467333,7.467333333
0.048627,0.018149,0.976111,14:15:07.468000,7.468000000
0.026342,-0.009094,0.969807,14:15:07.468667,7.468666667
0.023142,-0.019920,0.973396,14:15:07.469333,7.469333333
0.040923,-0.008907,0.977998,14:15:07.470000,7.470000000
0.010651,-0.020774,0.973221,14:15:07.470667,7.470666667
-0.002732,-0.026734,0.970008,14:15:07.471333,7.471333333
-0.018651,-0.034026,0.963874,14:15:07.472000,7.472000000
0.025572,0.001771,0.989116,14:15:07.472667,7.472666667
0.057518,0.012180,1.010515,14:15:07.473333,7.473333333
0.124861,0.096002,0.997257,14:15:07.474000,7.474000000
0.181310,0.116892,1.061692,14:15:07.474667,7.474666667
0.056679,-0.000017,0.987057,14:15:07.475333,7.475333333
-0.001959,-0.024321,0.907325,14:15:07.476000,7.476000000
0.030805,-0.004364,0.952628,14:15:07.476667,7.476666667
0.087866,-0.000447,0.973020,14:15:07.477333,7.477333333
0.039769,0.025012,0.945542,14:15:07.478000,7.478000000
-0.043510,-0.051060,0.929917,14:15:07.478667,7.478666667
-0.040706,-0.083861,0.940083,14:15:07.479333,7.479333333
-0.006014,-0.037026,0.935184,14:15:07.480000,7.480000000
-0.026148,-0.018937,0.976248,14:15:07.480667,7.480666667
-0.029178,-0.046680,0.976761,14:15:07.481333,7.481333333
-0.073901,-0.064175,0.976762,14:15:07.482000,7.482000000
-0.054669,-0.042896,0.981396,14:15:07.482667,7.482666667
0.013181,-0.036303,1.011396,14:15:07.483333,7.483333333
-0.005375,-0.063541,1.014096,14:15:07.484000,7.484000000
0.053801,0.073757,1.066092,14:15:07.484667,7.484666667
0.059002,0.040492,1.023120,14:15:07.485333,7.485333333
-0.068263,-0.088213,0.998623,14:15:07.486000,7.486000000
-0.117571,-0.089146,0.965024,14:15:07.486667,7.486666667
-0.038269,-0.033604,1.012108,14:15:07.487333,7.487333333
0.005969,-0.025085,1.011684,14:15:07.488000,7.488000000
-0.030138,-0.045617,1.011523,14:15:07.488667,7.488666667
-0.095239,-0.074562,0.960110,14:15:07.489333,7.489333333
-0.157796,-0.068538,0.941206,14:15:07.490000,7.490000000
-0.124132,-0.051509,0.963610,14:15:07.490667,7.490666667
-0.110225,-0.053716,0.971819,14:15:07.491333,7.491333333
-0.144798,-0.068751,0.972777,14:15:07.492000,7.492000000
-0.182114,-0.069458,0.986575,14:15:07.492667,7.492666667
-0.091553,-0.009531,1.015450,14:15:07.493333,7.493333333
-0.115834,-0.014275,1.002192,14:15:07.494000,7.494000000
-0.083379,-0.003844,1.042323,14:15:07.494667,7.494666667
0.073170,0.112089,1.094308,14:15:07.495333,7.495333333
0.006114,0.097731,1.049135,14:15:07.496000,7.496000000
-0.067532,0.008033,0.991758,14:15:07.496667,7.496666667
-0.076976,0.008430,1.001316,14:15:07.497333,7.497333333
0.009937,0.061443,1.047179,14:15:07.498000,7.498000000
0.048056,0.081194,1.078170,14:15:07.498667,7.498666667
0.019366,0.040309,1.014718,14:15:07.499333,7.499333333
-0.050002,0.031394,1.019284,14:15:07.500000,7.500000000
-0.023422,0.020727,1.022271,14:15:07.500667,7.500666667
0.025025,0.018782,1.062618,14:15:07.501333,7.501333333
0.034136,0.058639,1.045698,14:15:07.502000,7.502000000
0.009864,0.073907,1.046187,14:15:07.502667,7.502666667
-0.015204,0.052024,1.029798,14:15:07.503333,7.503333333
0.035064,0.093885,1.063314,14:15:07.504000,7.504000000
0.094101,0.085254,1.077362,14:15:07.504667,7.504666667
0.121446,0.098711,1.087222,14:15:07.505333,7.505333333
0.232972,0.167787,1.099917,14:15:07.506000,7.506000000
0.184249,0.099548,1.071923,14:15:07.506667,7.506666667
0.034283,0.021349,1.016194,14:15:07.507333,7.507333333
0.070677,0.024835,1.032730,14:15:07.508000,7.508000000
0.160669,0.072108,1.046144,14:15:07.508667,7.508666667
0.143736,0.064906,1.045457,14:15:07.509333,7.509333333
0.086760,0.004215,0.970035,14:15:07.510000,7.510000000
0.028457,-0.037313,0.962845,14:15:07.510667,7.510666667
0.025867,-0.007088,0.980720,14:15:07.511333,7.511333333
0.067211,0.008763,0.979160,14:15:07.512000,7.512000000
0.046445,-0.033201,0.983519,14:15:07.512667,7.512666667
0.012285,-0.010740,0.972377,14:15:07.513333,7.513333333
-0.015256,-0.022027,0.998086,14:15:07.514000,7.514000000
0.014519,0.004358,0.974831,14:15:07.514667,7.514666667
0.033389,0.023828,0.991313,14:15:07.515333,7.515333333
0.118126,0.047294,1.008233,14:15:07.516000,7.516000000
0.183111,0.093662,1.043926,14:15:07.516667,7.516666667
0.071678,0.045807,1.000608,14:15:07.517333,7.517333333
-0.008401,-0.039244,0.922860,14:15:07.518000,7.518000000
0.022838,-0.031050,0.939397,14:15:07.518667,7.518666667
0.082142,0.026647,0.990829,14:15:07.519333,7.519333333
0.034107,0.006532,0.977059,14:15:07.520000,7.520000000
-0.019747,-0.071818,0.945070,14:15:07.520667,7.520666667
-0.004312,-0.098449,0.933317,14:15:07.521333,7.521333333
-0.008277,-0.043350,0.939464,14:15:07.522000,7.522000000
0.006579,-0.018643,0.966241,14:15:07.522667,7.522666667
-0.023657,-0.035650,0.971034,14:15:07.523333,7.523333333
-0.049769,-0.039030,0.965338,14:15:07.524000,7.524000000
-0.017045,-0.056241,0.968354,14:15:07.524667,7.524666667
-0.017354,-0.041961,0.989174,14:15:07.525333,7.525333333
-0.000989,-0.057567,0.997728,14:15:07.526000,7.526000000
0.067100,0.028534,1.033210,14:15:07.526667,7.526666667
0.090612,0.075754,1.050978,14:15:07.527333,7.527333333
-0.049118,-0.033843,0.982243,14:15:07.528000,7.528000000
-0.108260,-0.076614,0.988430,14:15:07.528667,7.528666667
-0.036316,-0.069708,1.000209,14:15:07.529333,7.529333333
0.005467,-0.002970,1.012712,14:15:07.530000,7.530000000
-0.033097,-0.041048,0.997754,14:15:07.530667,7.530666667
-0.112857,-0.091462,0.948954,14:15:07.531333,7.531333333
-0.160368,-0.070373,0.966213,14:15:07.532000,7.532000000
-0.111141,-0.087214,0.961765,14:15:07.532667,7.532666667
-0.110518,-0.069373,1.003889,14:15:07.533333,7.533333333
-0.130586,-0.073156,0.974451,14:15:07.534000,7.534000000
-0.161489,-0.056576,0.995488,14:15:07.534667,7.534666667
-0.131130,-0.051988,0.996767,14:15:07.535333,7.535333333
-0.115265,-0.012182,1.005488,14:15:07.536000,7.536000000
-0.104545,0.019609,1.022479,14:15:07.536667,7.536666667
0.058299,0.096969,1.097142,14:15:07.537333,7.537333333
0.036699,0.101829,1.068985,14:15:07.538000,7.538000000
-0.101552,-0.011024,0.986543,14:15:07.538667,7.538666667
-0.078848,-0.005124,1.020959,14:15:07.539333,7.539333333
0.042598,0.033965,1.011852,14:15:07.540000,7.540000000
0.017018,0.061530,1.042151,14:15:07.540667,7.540666667
0.028720,0.006076,0.999439,14:15:07.541333,7.541333333
-0.048793,0.014448,1.007769,14:15:07.542000,7.542000000
-0.024935,0.030143,1.011700,14:15:07.542667,7.542666667
0.019809,0.028209,1.023597,14:15:07.543333,7.543333333
0.013350,0.062033,1.030915,14:15:07.544000,7.544000000
-0.009211,0.035715,1.030427,14:15:07.544667,7.544666667
-0.006061,0.031688,1.027155,14:15:07.545333,7.545333333
0.036455,0.063132,1.023646,14:15:07.546000,7.546000000
0.048356,0.071235,1.076539,14:15:07.546667,7.546666667
0.087041,0.073401,1.040983,14:15:07.547333,7.547333333
0.242173,0.184649,1.129333,14:15:07.548000,7.548000000
0.165012,0.145227,1.089500,14:15:07.548667,7.548666667
0.022884,0.045962,1.065965,14:15:07.549333,7.549333333
0.061640,0.026999,1.034993,14:15:07.550000,7.550000000
0.159005,0.107035,1.050080,14:15:07.550667,7.550666667
0.133372,0.089447,1.062669,14:15:07.551333,7.551333333
0.115544,0.001664,1.036597,14:15:07.552000,7.552000000
0.026342,-0.022524,0.984262,14:15:07.552667,7.552666667
0.023991,-0.033739,0.981436,14:15:07.553333,7.553333333
0.037159,-0.002709,1.000571,14:15:07.554000,7.554000000
0.048672,-0.000568,0.983431,14:15:07.554667,7.554666667
-0.009589,-0.032169,0.954860,14:15:07.555333,7.555333333
-0.029773,-0.000719,1.000100,14:15:07.556000,7.556000000
-0.000651,-0.054979,0.974836,14:15:07.556667,7.556666667
0.014524,-0.023238,0.997834,14:15:07.557333,7.557333333
0.059349,0.040320,0.994969,14:15:07.558000,7.558000000
0.167810,0.106937,1.043465,14:15:07.558667,7.558666667
0.091516,0.007220,0.998735,14:15:07.559333,7.559333333
0.000128,-0.053919,0.945885,14:15:07.560000,7.560000000
-0.013924,0.012654,0.966286,14:15:07.560667,7.560666667
0.078140,0.038087,0.994700,14:15:07.561333,7.561333333
0.087898,0.000057,0.976934,14:15:07.562000,7.562000000
0.021454,-0.060945,0.957872,14:15:07.562667,7.562666667
0.014404,-0.074607,0.926764,14:15:07.563333,7.563333333
-0.020925,-0.018022,0.940176,14:15:07.564000,7.564000000
-0.002919,-0.038112,0.949289,14:15:07.564667,7.564666667
-0.024014,-0.033063,0.948683,14:15:07.565333,7.565333333
-0.066488,-0.084263,0.938255,14:15:07.566000,7.566000000
-0.054110,-0.063646,0.981321,14:15:07.566667,7.566666667
0.000648,-0.018948,0.994242,14:15:07.567333,7.567333333
0.012646,-0.050576,0.990480,14:15:07.568000,7.568000000
0.082537,0.054307,1.035593,14:15:07.568667,7.568666667
0.107350,0.066832,1.074839,14:15:07.569333,7.569333333
-0.013337,-0.000933,0.997661,14:15:07.570000,7.570000000
-0.109480,-0.099122,0.957418,14:15:07.570667,7.570666667
-0.009820,-0.044978,0.973139,14:15:07.571333,7.571333333
0.007976,-0.021923,1.010794,14:15:07.572000,7.572000000
-0.024537,-0.045301,0.992825,14:15:07.572667,7.572666667
-0.094789,-0.071147,0.966630,14:15:07.573333,7.573333333
-0.086129,-0.106215,0.939578,14:15:07.574000,7.574000000
-0.102917,-0.085513,0.965808,14:15:07.574667,7.574666667
-0.105357,-0.025367,0.994937,14:15:07.575333,7.575333333
-0.134940,-0.053572,0.971587,14:15:07.576000,7.576000000
-0.169889,-0.085859,0.974904,14:15:07.576667,7.576666667
-0.133994,-0.060709,1.005479,14:15:07.577333,7.577333333
-0.107090,-0.044013,0.980152,14:15:07.578000,7.578000000
-0.090044,-0.029021,0.992102,14:15:07.578667,7.578666667
0.034425,0.058850,1.053188,14:15:07.579333,7.579333333
0.044868,0.087640,1.067921,14:15:07.580000,7.580000000
-0.064295,-0.001409,1.036780,14:15:07.580667,7.580666667
-0.095670,-0.030224,0.981476,14:15:07.581333,7.581333333
-0.045114,0.062972,1.020924,14:15:07.582000,7.582000000
0.066492,0.094323,1.033319,14:15:07.582667,7.582666667
0.027863,0.042162,1.039456,14:15:07.583333,7.583333333
-0.063290,-0.006899,0.986074,14:15:07.584000,7.584000000
-0.034594,-0.036873,0.985632,14:15:07.584667,7.584666667
-0.015334,0.030557,1.034349,14:15:07.585333,7.585333333
-0.021456,0.034826,1.006454,14:15:07.586000,7.586000000
-0.007858,0.042532,1.022986,14:15:07.586667,7.586666667
0.009783,0.023043,1.047878,14:15:07.587333,7.587333333
0.021097,0.044070,1.044016,14:15:07.588000,7.588000000
0.033334,0.062757,1.078341,14:15:07.588667,7.588666667
0.099675,0.089863,1.068159,14:15:07.589333,7.589333333
0.226063,0.205738,1.126880,14:15:07.590000,7.590000000
0.243554,0.140378,1.084622,14:15:07.590667,7.590666667
0.027959,0.067111,1.044137,14:15:07.591333,7.591333333
0.035937,-0.003871,1.012823,14:15:07.592000,7.592000000
0.113125,0.078754,1.061935,14:15:07.592667,7.592666667
0.157742,0.071184,1.026687,14:15:07.593333,7.593333333
0.109528,0.074188,1.034013,14:15:07.594000,7.594000000
0.069174,0.002493,0.989039,14:15:07.594667,7.594666667
0.055377,-0.045250,0.969689,14:15:07.595333,7.595333333
0.056848,-0.015877,1.023143,14:15:07.596000,7.596000000
0.039488,0.013691,1.003761,14:15:07.596667,7.596666667
-0.019370,0.009219,0.983417,14:15:07.597333,7.597333333
0.012284,-0.019659,0.990942,14:15:07.598000,7.598000000
0.028262,-0.003383,0.969625,14:15:07.598667,7.598666667
0.041310,0.001550,1.015960,14:15:07.599333,7.599333333
0.059061,0.024885,1.004041,14:15:07.600000,7.600000000
0.206834,0.089876,1.042927,14:15:07.600667,7.600666667
0.118992,0.058399,1.029213,14:15:07.601333,7.601333333
0.020830,-0.015221,0.933384,14:15:07.602000,7.602000000
0.028683,-0.049464,0.939256,14:15:07.602667,7.602666667
0.100204,0.023782,0.984987,14:15:07.603333,7.603333333
0.108645,0.001101,0.951057,14:15:07.604000,7.604000000
0.028092,-0.034352,0.929080,14:15:07.604667,7.604666667
-0.026013,-0.055152,0.933217,14:15:07.605333,7.605333333
-0.006260,-0.039534,0.950506,14:15:07.606000,7.606000000
-0.035761,-0.057098,0.942301,14:15:07.606667,7.606666667
-0.018153,-0.035630,0.974642,14:15:07.607333,7.607333333
-0.033418,-0.033574,0.963852,14:15:07.608000,7.608000000
-0.025627,-0.054788,0.956573,14:15:07.608667,7.608666667
-0.042245,-0.060826,0.968387,14:15:07.609333,7.609333333
-0.021063,0.005489,1.001611,14:15:07.610000,7.610000000
0.006746,-0.015492,1.032735,14:15:07.610667,7.610666667
0.152740,0.069821,1.051013,14:15:07.611333,7.611333333
0.025485,-0.018484,1.004175,14:15:07.612000,7.612000000
-0.072642,-0.074763,0.966274,14:15:07.612667,7.612666667
-0.056634,-0.115232,0.967131,14:15:07.613333,7.613333333
0.014882,-0.029883,1.020699,14:15:07.614000,7.614000000
-0.008990,-0.061008,1.005895,14:15:07.614667,7.614666667
-0.067957,-0.061745,0.952568,14:15:07.615333,7.615333333
-0.110666,-0.099298,0.966382,14:15:07.616000,7.616000000
-0.139750,-0.110083,0.964854,14:15:07.616667,7.616666667
-0.066287,-0.056149,0.980122,14:15:07.617333,7.617333333
-0.107290,-0.072958,0.956522,14:15:07.618000,7.618000000
-0.137592,-0.082679,0.992385,14:15:07.618667,7.618666667
-0.132385,-0.073772,0.985306,14:15:07.619333,7.619333333
-0.105909,-0.051089,1.021377,14:15:07.620000,7.620000000
-0.106791,-0.000846,1.003985,14:15:07.620667,7.620666667
0.008862,0.043277,1.019788,14:15:07.621333,7.621333333
0.067043,0.114600,1.064536,14:15:07.622000,7.622000000
-0.076807,0.017463,1.012138,14:15:07.622667,7.622666667
-0.119075,-0.054188,0.961551,14:15:07.623333,7.623333333
-0.028093,0.024048,0.981160,14:15:07.624000,7.624000000
-0.011917,0.051542,1.020518,14:15:07.624667,7.624666667
0.005317,0.073184,1.051359,14:15:07.625333,7.625333333
-0.036651,0.010482,1.017838,14:15:07.626000,7.626000000
-0.071989,-0.016674,0.999713,14:15:07.626667,7.626666667
-0.039721,-0.005510,1.007995,14:15:07.627333,7.627333333
-0.039595,0.045366,1.002947,14:15:07.628000,7.628000000
0.014377,0.040434,1.051634,14:15:07.628667,7.628666667
-0.012077,0.020311,1.019007,14:15:07.629333,7.629333333
0.009583,0.051195,1.024095,14:15:07.630000,7.630000000
0.014612,0.088907,1.021676,14:15:07.630667,7.630666667
0.102267,0.107822,1.067849,14:15:07.631333,7.631333333
0.177566,0.152688,1.101006,14:15:07.632000,7.632000000
0.168896,0.139727,1.091724,14:15:07.632667,7.632666667
0.097196,0.053471,1.074606,14:15:07.633333,7.633333333
0.019017,0.028243,1.027912,14:15:07.634000,7.634000000
0.096347,0.099506,1.068424,14:15:07.634667,7.634666667
0.190428,0.122289,1.034395,14:15:07.635333,7.635333333
0.117464,0.062111,1.051370,14:15:07.636000,7.636000000
0.060108,-0.003417,0.989181,14:15:07.636667,7.636666667
0.048273,-0.022159,0.992059,14:15:07.637333,7.637333333
0.052741,0.043114,0.976345,14:15:07.638000,7.638000000
0.059589,0.013267,0.999005,14:15:07.638667,7.638666667
0.031875,0.020812,0.999728,14:15:07.639333,7.639333333
-0.008565,-0.012162,0.996657,14:15:07.640000,7.640000000
0.011268,0.001293,0.999102,14:15:07.640667,7.640666667
0.053442,0.008902,1.017101,14:15:07.641333,7.641333333
0.078659,0.015051,1.009775,14:15:07.642000,7.642000000
0.190195,0.136178,1.057320,14:15:07.642667,7.642666667
0.156591,0.077047,1.019263,14:15:07.643333,7.643333333
0.013629,-0.030221,0.949155,14:15:07.644000,7.644000000
-0.004928,-0.056159,0.944744,14:15:07.644667,7.644666667
0.092545,0.004361,0.969293,14:15:07.645333,7.645333333
0.104865,0.045911,0.992136,14:15:07.646000,7.646000000
0.026796,-0.032505,0.923727,14:15:07.646667,7.646666667
0.006973,-0.059925,0.957734,14:15:07.647333,7.647333333
-0.044523,-0.072206,0.935371,14:15:07.648000,7.648000000
-0.008179,-0.035853,0.950472,14:15:07.648667,7.648666667
-0.009874,-0.033278,0.977453,14:15:07.649333,7.649333333
-0.010222,-0.037738,0.944279,14:15:07.650000,7.650000000
-0.044533,-0.044376,0.954276,14:15:07.650667,7.650666667
-0.001058,-0.034604,0.970336,14:15:07.651333,7.651333333
0.014429,0.013842,0.968713,14:15:07.652000,7.652000000
0.004736,-0.000994,0.984753,14:15:07.652667,7.652666667
0.122884,0.083474,1.059035,14:15:07.653333,7.653333333
0.052309,0.023805,1.025820,14:15:07.654000,7.654000000
-0.085374,-0.061598,0.961480,14:15:07.654667,7.654666667
-0.070759,-0.049590,0.967852,14:15:07.655333,7.655333333
0.016531,-0.048496,0.999797,14:15:07.656000,7.656000000
0.009037,-0.001471,1.011199,14:15:07.656667,7.656666667
-0.043641,-0.049580,0.967392,14:15:07.657333,7.657333333
-0.121581,-0.102604,0.941018,14:15:07.658000,7.658000000
-0.096761,-0.102903,0.957800,14:15:07.658667,7.658666667
-0.103042,-0.076544,0.975251,14:15:07.659333,7.659333333
-0.116818,-0.096993,0.969607,14:15:07.660000,7.660000000
-0.105213,-0.096887,0.963287,14:15:07.660667,7.660666667
-0.112440,-0.075712,0.998594,14:15:07.661333,7.661333333
-0.136120,-0.073573,1.005904,14:15:07.662000,7.662000000
-0.090572,-0.027876,1.024233,14:15:07.662667,7.662666667
-0.043753,-0.001666,1.038288,14:15:07.663333,7.663333333
0.072261,0.073134,1.051173,14:15:07.664000,7.664000000
-0.047862,-0.025245,1.021142,14:15:07.664667,7.664666667
-0.135766,-0.049446,0.975958,14:15:07.665333,7.665333333
-0.072656,-0.030634,0.992257,14:15:07.666000,7.666000000
0.006767,0.025447,0.986802,14:15:07.666667,7.666666667
-0.017288,0.034109,1.046672,14:15:07.667333,7.667333333
-0.060563,-0.010044,0.994767,14:15:07.668000,7.668000000
-0.112605,-0.020505,0.950724,14:15:07.668667,7.668666667
-0.061680,0.018134,1.023491,14:15:07.669333,7.669333333
-0.008404,0.031650,1.010687,14:15:07.670000,7.670000000
-0.017824,-0.018759,1.018709,14:15:07.670667,7.670666667
-0.014320,0.017156,1.028717,14:15:07.671333,7.671333333
-0.017403,0.014278,1.027650,14:15:07.672000,7.672000000
-0.006647,0.090434,1.036527,14:15:07.672667,7.672666667
0.051202,0.101339,1.058268,14:15:07.673333,7.673333333
0.187814,0.138433,1.072816,14:15:07.674000,7.674000000
0.200370,0.181121,1.108085,14:15:07.674667,7.674666667
0.083768,0.065683,1.066611,14:15:07.675333,7.675333333
0.037963,0.032802,1.015468,14:15:07.676000,7.676000000
0.133797,0.055876,1.048534,14:15:07.676667,7.676666667
0.150026,0.114576,1.084977,14:15:07.677333,7.677333333
0.113421,0.098521,1.037772,14:15:07.678000,7.678000000
0.050450,0.024642,1.020760,14:15:07.678667,7.678666667
0.012113,0.004467,0.988092,14:15:07.679333,7.679333333
0.054832,0.017200,1.031077,14:15:07.680000,7.680000000
0.062692,0.002719,1.005997,14:15:07.680667,7.680666667
0.030295,-0.010604,0.975141,14:15:07.681333,7.681333333
0.043373,-0.006751,0.986579,14:15:07.682000,7.682000000
0.043355,-0.002678,0.999116,14:15:07.682667,7.682666667
0.055142,-0.003807,1.018341,14:15:07.683333,7.683333333
0.034166,0.033834,1.008022,14:15:07.684000,7.684000000
0.145287,0.119361,1.037326,14:15:07.684667,7.684666667
0.142400,0.098577,1.066874,14:15:07.685333,7.685333333
0.060094,0.033922,0.984773,14:15:07.686000,7.686000000
-0.016006,-0.018015,0.968841,14:15:07.686667,7.686666667
0.059567,0.001303,0.973778,14:15:07.687333,7.687333333
0.074543,0.048137,1.010894,14:15:07.688000,7.688000000
0.057004,0.012672,0.978816,14:15:07.688667,7.688666667
-0.003652,-0.044950,0.941024,14:15:07.689333,7.689333333
-0.009774,-0.037288,0.924933,14:15:07.690000,7.690000000
-0.006672,-0.021158,0.964815,14:15:07.690667,7.690666667
0.028659,-0.020117,0.952851,14:15:07.691333,7.691333333
-0.028826,-0.032016,0.963779,14:15:07.692000,7.692000000
-0.049337,-0.038114,0.964995,14:15:07.692667,7.692666667
-0.006303,-0.041374,0.975047,14:15:07.693333,7.693333333
0.015919,0.009129,0.983291,14:15:07.694000,7.694000000
0.039754,-0.000659,0.985297,14:15:07.694667,7.694666667
0.149925,0.100035,1.027177,14:15:07.695333,7.695333333
0.089330,0.044591,1.043221,14:15:07.696000,7.696000000
-0.043510,-0.015136,0.976283,14:15:07.696667,7.696666667
-0.056948,-0.067294,0.964200,14:15:07.697333,7.697333333
0.049415,0.004809,0.996091,14:15:07.698000,7.698000000
0.048413,0.015529,0.994015,14:15:07.698667,7.698666667
-0.016988,-0.043030,0.999519,14:15:07.699333,7.699333333
-0.086330,-0.125073,0.930043,14:15:07.700000,7.700000000
-0.102619,-0.091508,0.964376,14:15:07.700667,7.700666667
-0.089787,-0.054048,0.974975,14:15:07.701333,7.701333333
-0.111040,-0.088023,0.980556,14:15:07.702000,7.702000000
-0.156903,-0.092238,0.990592,14:15:07.702667,7.702666667
-0.159590,-0.094722,0.975931,14:15:07.703333,7.703333333
-0.112420,-0.064241,0.978122,14:15:07.704000,7.704000000
-0.087574,-0.049263,1.009474,14:15:07.704667,7.704666667
-0.028476,-0.016367,0.998781,14:15:07.705333,7.705333333
0.068104,0.076815,1.080897,14:15:07.706000,7.706000000
-0.026741,0.005164,1.013307,14:15:07.706667,7.706666667
-0.158880,-0.055566,0.970293,14:15:07.707333,7.707333333
-0.109125,-0.038723,0.981146,14:15:07.708000,7.708000000
-0.002009,0.024129,1.033077,14:15:07.708667,7.708666667
0.012801,0.022978,1.029543,14:15:07.709333,7.709333333
-0.044317,-0.018444,0.995852,14:15:07.710000,7.710000000
-0.093645,-0.020711,0.964034,14:15:07.710667,7.710666667
-0.090295,-0.005996,0.982721,14:15:07.711333,7.711333333
-0.084654,0.010648,1.012074,14:15:07.712000,7.712000000
-0.051760,0.035947,1.014956,14:15:07.712667,7.712666667
-0.059935,0.032253,0.991194,14:15:07.713333,7.713333333
-0.072690,-0.002617,1.012837,14:15:07.714000,7.714000000
0.035336,0.034783,1.053069,14:15:07.714667,7.714666667
0.004769,0.076850,1.067729,14:15:07.715333,7.715333333
0.128799,0.128103,1.094073,14:15:07.716000,7.716000000
0.208718,0.169966,1.127453,14:15:07.716667,7.716666667
0.097347,0.087236,1.082749,14:15:07.717333,7.717333333
0.034768,0.030106,1.029763,14:15:07.718000,7.718000000
0.101395,0.057402,1.027091,14:15:07.718667,7.718666667
0.165826,0.075828,1.051387,14:15:07.719333,7.719333333
0.160278,0.098794,1.091288,14:15:07.720000,7.720000000
0.095951,0.035636,1.024285,14:15:07.720667,7.720666667
0.033574,-0.002203,1.004825,14:15:07.721333,7.721333333
0.061298,0.009110,0.990141,14:15:07.722000,7.722000000
0.044137,0.016191,1.015426,14:15:07.722667,7.722666667
0.059681,0.004017,1.002833,14:15:07.723333,7.723333333
0.037840,-0.036967,0.999612,14:15:07.724000,7.724000000
0.021940,0.001861,1.004546,14:15:07.724667,7.724666667
0.075464,0.007882,0.991331,14:15:07.725333,7.725333333
0.079580,0.040200,1.004415,14:15:07.726000,7.726000000
0.164687,0.099853,1.060103,14:15:07.726667,7.726666667
0.182273,0.090767,1.104152,14:15:07.727333,7.727333333
0.091532,0.025673,0.982074,14:15:07.728000,7.728000000
-0.010134,-0.042678,0.975381,14:15:07.728667,7.728666667
0.049127,-0.019279,0.959703,14:15:07.729333,7.729333333
0.123508,0.046301,0.977426,14:15:07.730000,7.730000000
0.078786,0.030518,0.999028,14:15:07.730667,7.730666667
0.030141,-0.041006,0.943311,14:15:07.731333,7.731333333
-0.030862,-0.042220,0.929997,14:15:07.732000,7.732000000
-0.007405,-0.029296,0.930592,14:15:07.732667,7.732666667
0.009704,-0.010949,0.951170,14:15:07.733333,7.733333333
0.001800,-0.066248,0.957362,14:15:07.734000,7.734000000
-0.016446,-0.029179,0.943946,14:15:07.734667,7.734666667
-0.015176,-0.048505,0.968286,14:15:07.735333,7.735333333
-0.019343,0.023272,0.982439,14:15:07.736000,7.736000000
-0.020483,0.002438,0.992699,14:15:07.736667,7.736666667
0.156996,0.065375,1.046455,14:15:07.737333,7.737333333
0.103300,0.039180,1.028788,14:15:07.738000,7.738000000
-0.012501,-0.050617,0.967630,14:15:07.738667,7.738666667
-0.051023,-0.075845,0.952356,14:15:07.739333,7.739333333
0.031259,0.006584,0.996126,14:15:07.740000,7.740000000
0.023491,-0.005425,1.014770,14:15:07.740667,7.740666667
-0.028735,-0.045663,0.969362,14:15:07.741333,7.741333333
-0.111809,-0.090710,0.961368,14:15:07.742000,7.742000000
-0.100189,-0.090518,0.983379,14:15:07.742667,7.742666667
-0.072918,-0.064892,0.975170,14:15:07.743333,7.743333333
-0.075772,-0.058033,0.970346,14:15:07.744000,7.744000000
-0.122136,-0.121050,0.970130,14:15:07.744667,7.744666667
-0.116018,-0.065919,0.994412,14:15:07.745333,7.745333333
-0.160844,-0.068015,0.990100,14:15:07.746000,7.746000000
-0.097679,-0.074057,1.042285,14:15:07.746667,7.746666667
-0.084751,-0.009524,0.997594,14:15:07.747333,7.747333333
0.055445,0.065101,1.067230,14:15:07.748000,7.748000000
-0.003803,0.035399,1.041717,14:15:07.748667,7.748666667
-0.105280,-0.074318,0.989377,14:15:07.749333,7.749333333
-0.109047,-0.043528,0.971608,14:15:07.750000,7.750000000
-0.054187,-0.016885,0.975980,14:15:07.750667,7.750666667
-0.003495,0.033441,1.032583,14:15:07.751333,7.751333333
-0.068921,-0.021213,1.019270,14:15:07.752000,7.752000000
-0.117366,-0.063197,0.961394,14:15:07.752667,7.752666667
-0.107511,-0.012717,0.965912,14:15:07.753333,7.753333333
-0.059539,0.006739,1.014277,14:15:07.754000,7.754000000
-0.055626,0.019498,1.011399,14:15:07.754667,7.754666667
-0.089613,-0.001619,1.020760,14:15:07.755333,7.755333333
-0.031990,0.031054,1.048604,14:15:07.756000,7.756000000
-0.038544,0.057025,1.033474,14:15:07.756667,7.756666667
0.006515,0.066487,1.069787,14:15:07.757333,7.757333333
0.051066,0.117152,1.075269,14:15:07.758000,7.758000000
0.177188,0.210290,1.124667,14:15:07.758667,7.758666667
0.143086,0.099723,1.073126,14:15:07.759333,7.759333333
0.011647,0.012414,1.011718,14:15:07.760000,7.760000000
0.121341,0.072165,1.042300,14:15:07.760667,7.760666667
0.139067,0.127919,1.084113,14:15:07.761333,7.761333333
0.161603,0.116534,1.080472,14:15:07.762000,7.762000000
0.068514,0.081382,1.029406,14:15:07.762667,7.762666667
0.061070,0.030435,1.010756,14:15:07.763333,7.763333333
0.019687,0.015377,1.018633,14:15:07.764000,7.764000000
0.058555,0.043040,1.033669,14:15:07.764667,7.764666667
0.036044,0.040073,1.015861,14:15:07.765333,7.765333333
0.045287,0.008577,1.024173,14:15:07.766000,7.766000000
0.044660,0.019666,1.012753,14:15:07.766667,7.766666667
0.051020,0.015804,0.993895,14:15:07.767333,7.767333333
0.090568,0.050780,0.994783,14:15:07.768000,7.768000000
0.159605,0.081008,1.049671,14:15:07.768667,7.768666667
0.220588,0.143446,1.061319,14:15:07.769333,7.769333333
0.100965,0.022790,1.020493,14:15:07.770000,7.770000000
0.015938,-0.049302,0.939879,14:15:07.770667,7.770666667
0.021439,0.009068,0.967736,14:15:07.771333,7.771333333
0.113486,0.040037,1.008315,14:15:07.772000,7.772000000
0.092126,0.053380,0.992751,14:15:07.772667,7.772666667
-0.000168,-0.002695,0.953724,14:15:07.773333,7.773333333
-0.005463,-0.079370,0.946455,14:15:07.774000,7.774000000
0.000998,-0.048994,0.945533,14:15:07.774667,7.774666667
0.001647,-0.012488,0.945438,14:15:07.775333,7.775333333
-0.009355,-0.044767,0.939135,14:15:07.776000,7.776000000
-0.007256,-0.041440,0.967069,14:15:07.776667,7.776666667
-0.007900,-0.026759,0.970178,14:15:07.777333,7.777333333
-0.026951,-0.005258,1.005194,14:15:07.778000,7.778000000
0.027783,0.008553,0.996201,14:15:07.778667,7.778666667
0.104469,0.070800,1.043541,14:15:07.779333,7.779333333
0.150833,0.063457,1.044624,14:15:07.780000,7.780000000
-0.012193,-0.005487,0.979510,14:15:07.780667,7.780666667
-0.063168,-0.083750,0.944558,14:15:07.781333,7.781333333
-0.026821,-0.014155,0.960558,14:15:07.782000,7.782000000
0.077538,0.017074,1.006215,14:15:07.782667,7.782666667
0.042187,-0.016042,0.978293,14:15:07.783333,7.783333333
-0.074743,-0.081793,0.980934,14:15:07.784000,7.784000000
-0.086220,-0.105825,0.960761,14:15:07.784667,7.784666667
-0.094286,-0.061785,0.986493,14:15:07.785333,7.785333333
-0.073040,-0.071224,0.990695,14:15:07.786000,7.786000000
-0.107287,-0.081976,0.981772,14:15:07.786667,7.786666667
-0.136892,-0.102958,0.956567,14:15:07.787333,7.787333333
-0.131357,-0.069637,0.975488,14:15:07.788000,7.788000000
-0.091995,-0.071908,0.980142,14:15:07.788667,7.788666667
-0.076700,-0.015928,0.973793,14:15:07.789333,7.789333333
0.060277,0.069550,1.069376,14:15:07.790000,7.790000000
0.008386,0.016746,1.065725,14:15:07.790667,7.790666667
-0.128602,-0.059252,0.967589,14:15:07.791333,7.791333333
-0.104415,-0.050067,0.980820,14:15:07.792000,7.792000000
-0.054847,-0.022783,1.003745,14:15:07.792667,7.792666667
-0.028354,0.010263,1.016026,14:15:07.793333,7.793333333
-0.056022,-0.017576,0.984149,14:15:07.794000,7.794000000
-0.121665,-0.066199,0.981628,14:15:07.794667,7.794666667
-0.137692,-0.052312,0.991429,14:15:07.795333,7.795333333
-0.048513,-0.007838,1.011197,14:15:07.796000,7.796000000
-0.093469,-0.022701,1.002853,14:15:07.796667,7.796666667
-0.058700,-0.007504,1.013650,14:15:07.797333,7.797333333
-0.078953,0.009863,1.027294,14:15:07.798000,7.798000000
-0.013320,0.029420,1.033449,14:15:07.798667,7.798666667
0.007359,0.048902,1.063416,14:15:07.799333,7.799333333
0.010582,0.068003,1.050528,14:15:07.800000,7.800000000
0.162613,0.172584,1.110612,14:15:07.800667,7.800666667
0.091441,0.136734,1.080080,14:15:07.801333,7.801333333
0.034711,0.058271,1.020007,14:15:07.802000,7.802000000
0.038970,0.029257,1.001453,14:15:07.802667,7.802666667
0.109193,0.085895,1.038577,14:15:07.803333,7.803333333
0.162655,0.094424,1.065688,14:15:07.804000,7.804000000
0.059153,0.049860,1.007539,14:15:07.804667,7.804666667
0.037293,0.009776,1.012388,14:15:07.805333,7.805333333
0.041766,0.008888,1.016631,14:15:07.806000,7.806000000
0.028192,0.049703,1.040989,14:15:07.806667,7.806666667
0.060257,0.045747,1.040018,14:15:07.807333,7.807333333
0.064686,-0.007850,1.012732,14:15:07.808000,7.808000000
0.022998,0.023120,1.015729,14:15:07.808667,7.808666667
0.063162,0.029443,1.033903,14:15:07.809333,7.809333333
0.079608,0.045232,1.041615,14:15:07.810000,7.810000000
0.114032,0.083518,1.027412,14:15:07.810667,7.810666667
0.192582,0.129448,1.065223,14:15:07.811333,7.811333333
0.109108,0.076069,1.031759,14:15:07.812000,7.812000000
0.015364,-0.042248,0.984659,14:15:07.812667,7.812666667
0.080184,0.000142,0.957338,14:15:07.813333,7.813333333
0.102760,0.039417,0.982590,14:15:07.814000,7.814000000
0.121516,0.019175,0.997417,14:15:07.814667,7.814666667
0.023971,-0.044978,0.928825,14:15:07.815333,7.815333333
-0.004462,-0.043976,0.923945,14:15:07.816000,7.816000000
-0.026102,-0.050865,0.947386,14:15:07.816667,7.816666667
0.003521,-0.010327,0.966046,14:15:07.817333,7.817333333
0.008156,-0.062969,0.943586,14:15:07.818000,7.818000000
-0.017273,-0.053709,0.963422,14:15:07.818667,7.818666667
-0.021376,-0.017561,0.959748,14:15:07.819333,7.819333333
-0.012102,-0.039641,0.989540,14:15:07.820000,7.820000000
0.042128,-0.011374,0.994062,14:15:07.820667,7.820666667
0.123279,0.044968,1.039375,14:15:07.821333,7.821333333
0.135791,0.099599,1.069540,14:15:07.822000,7.822000000
0.046489,-0.000639,0.975547,14:15:07.822667,7.822666667
-0.079575,-0.082657,0.941956,14:15:07.823333,7.823333333
0.007543,-0.034423,0.961014,14:15:07.824000,7.824000000
0.063075,0.008705,0.995421,14:15:07.824667,7.824666667
0.023888,-0.006715,1.000560,14:15:07.825333,7.825333333
-0.061199,-0.086272,0.968745,14:15:07.826000,7.826000000
-0.067654,-0.118560,0.956658,14:15:07.826667,7.826666667
-0.098466,-0.115438,0.943875,14:15:07.827333,7.827333333
-0.050969,-0.093146,0.959795,14:15:07.828000,7.828000000
-0.099161,-0.081073,0.934686,14:15:07.828667,7.828666667
-0.107847,-0.065158,0.988997,14:15:07.829333,7.829333333
-0.070105,-0.072379,0.991756,14:15:07.830000,7.830000000
-0.080670,-0.047741,1.004980,14:15:07.830667,7.830666667
-0.054413,-0.024880,1.018783,14:15:07.831333,7.831333333
0.022139,0.053944,1.070955,14:15:07.832000,7.832000000
0.039466,0.039455,1.045494,14:15:07.832667,7.832666667
-0.114992,-0.084909,0.985901,14:15:07.833333,7.833333333
-0.130181,-0.092327,0.989395,14:15:07.834000,7.834000000
-0.055560,-0.048450,0.983707,14:15:07.834667,7.834666667
-0.028963,0.000544,1.028507,14:15:07.835333,7.835333333
-0.052821,0.000320,0.994320,14:15:07.836000,7.836000000
-0.136950,-0.070353,0.975002,14:15:07.836667,7.836666667
-0.140606,-0.034764,0.986656,14:15:07.837333,7.837333333
-0.096505,-0.034738,0.978753,14:15:07.838000,7.838000000
-0.113962,-0.012893,0.989147,14:15:07.838667,7.838666667
-0.068029,-0.014838,1.033856,14:15:07.839333,7.839333333
-0.089640,-0.007429,0.987553,14:15:07.840000,7.840000000
-0.067141,0.050878,1.018386,14:15:07.840667,7.840666667
-0.008465,0.054538,1.046615,14:15:07.841333,7.841333333
0.034474,0.069818,1.055990,14:15:07.842000,7.842000000
0.144666,0.180631,1.103468,14:15:07.842667,7.842666667
0.080054,0.118370,1.098200,14:15:07.843333,7.843333333
0.041941,0.013179,1.051821,14:15:07.844000,7.844000000
0.003990,0.038737,1.019917,14:15:07.844667,7.844666667
0.094399,0.089647,1.044764,14:15:07.845333,7.845333333
0.135087,0.111465,1.087612,14:15:07.846000,7.846000000
0.102638,0.062709,1.067512,14:15:07.846667,7.846666667
0.013924,0.012456,0.991641,14:15:07.847333,7.847333333
0.054627,0.030071,1.005013,14:15:07.848000,7.848000000
0.090102,0.045060,1.025395,14:15:07.848667,7.848666667
0.040547,0.028883,1.036261,14:15:07.849333,7.849333333
0.040382,0.051043,1.030641,14:15:07.850000,7.850000000
0.001864,0.013101,1.009825,14:15:07.850667,7.850666667
0.069153,0.020482,1.062015,14:15:07.851333,7.851333333
0.059489,0.079709,1.022822,14:15:07.852000,7.852000000
0.115259,0.084570,1.060483,14:15:07.852667,7.852666667
0.225055,0.161210,1.106124,14:15:07.853333,7.853333333
0.153552,0.088278,1.032240,14:15:07.854000,7.854000000
0.019212,-0.015414,0.989399,14:15:07.854667,7.854666667
0.027740,0.007810,0.977215,14:15:07.855333,7.855333333
0.113274,-0.002037,1.010153,14:15:07.856000,7.856000000
0.117486,0.040133,0.992961,14:15:07.856667,7.856666667
0.033225,-0.007079,0.963646,14:15:07.857333,7.857333333
0.013695,-0.043232,0.932023,14:15:07.858000,7.858000000
-0.025573,-0.053208,0.969934,14:15:07.858667,7.858666667
0.031761,0.008607,0.944552,14:15:07.859333,7.859333333
0.023826,-0.037722,0.938554,14:15:07.860000,7.860000000
-0.039762,-0.034146,0.956625,14:15:07.860667,7.860666667
-0.014450,-0.028444,0.954544,14:15:07.861333,7.861333333
0.011506,-0.008294,0.959944,14:15:07.862000,7.862000000
0.042975,0.024342,0.974797,14:15:07.862667,7.862666667
0.099604,0.052934,1.028509,14:15:07.863333,7.863333333
0.176284,0.108064,1.054666,14:15:07.864000,7.864000000
0.070933,0.022664,0.997470,14:15:07.864667,7.864666667
-0.016583,-0.052661,0.943264,14:15:07.865333,7.865333333
-0.001903,-0.027167,0.944739,14:15:07.866000,7.866000000
0.078199,-0.006916,0.982073,14:15:07.866667,7.866666667
0.069290,0.036137,0.974162,14:15:07.867333,7.867333333
-0.021635,-0.054159,0.955855,14:15:07.868000,7.868000000
-0.070925,-0.129678,0.940045,14:15:07.868667,7.868666667
-0.042682,-0.086371,0.963513,14:15:07.869333,7.869333333
-0.044541,-0.060768,0.958566,14:15:07.870000,7.870000000
-0.088361,-0.084253,0.958652,14:15:07.870667,7.870666667
-0.095004,-0.089256,0.988096,14:15:07.871333,7.871333333
-0.108233,-0.065010,0.952598,14:15:07.872000,7.872000000
-0.083401,-0.044423,0.993983,14:15:07.872667,7.872666667
-0.066330,-0.069054,1.011502,14:15:07.873333,7.873333333
0.044393,0.049742,1.068550,14:15:07.874000,7.874000000
0.038444,0.046385,1.085988,14:15:07.874667,7.874666667
-0.057684,-0.043114,0.988704,14:15:07.875333,7.875333333
-0.138564,-0.093277,0.949048,14:15:07.876000,7.876000000
-0.086702,-0.033314,0.973073,14:15:07.876667,7.876666667
-0.032697,0.017885,1.006444,14:15:07.877333,7.877333333
-0.028802,-0.031899,1.008851,14:15:07.878000,7.878000000
-0.093255,-0.050008,0.996948,14:15:07.878667,7.878666667
-0.130072,-0.060301,0.947022,14:15:07.879333,7.879333333
-0.080880,-0.026423,0.964883,14:15:07.880000,7.880000000
-0.115622,-0.046120,0.985975,14:15:07.880667,7.880666667
-0.097704,-0.026944,0.995474,14:15:07.881333,7.881333333
-0.107212,-0.001955,1.007671,14:15:07.882000,7.882000000
-0.067924,-0.001696,1.023631,14:15:07.882667,7.882666667
-0.072920,0.022958,1.025162,14:15:07.883333,7.883333333
-0.016415,0.035809,1.029171,14:15:07.884000,7.884000000
0.149088,0.165601,1.136739,14:15:07.884667,7.884666667
0.141257,0.150214,1.093351,14:15:07.885333,7.885333333
-0.002969,0.064397,1.030638,14:15:07.886000,7.886000000
-0.011149,0.020715,1.009843,14:15:07.886667,7.886666667
0.079270,0.066069,1.044801,14:15:07.887333,7.887333333
0.141110,0.085077,1.063035,14:15:07.888000,7.888000000
0.079241,0.091243,1.054817,14:15:07.888667,7.888666667
0.039213,0.045547,1.014694,14:15:07.889333,7.889333333
0.024698,0.048064,1.009169,14:15:07.890000,7.890000000
0.035662,0.031300,1.035889,14:15:07.890667,7.890666667
0.059686,0.062503,1.031792,14:15:07.891333,7.891333333
0.053143,0.040940,1.025624,14:15:07.892000,7.892000000
0.063220,0.040396,1.011888,14:15:07.892667,7.892666667
0.039779,0.051119,1.019262,14:15:07.893333,7.893333333
0.086216,0.054520,1.040340,14:15:07.894000,7.894000000
0.081650,0.079468,1.028987,14:15:07.894667,7.894666667
0.216219,0.162195,1.094910,14:15:07.895333,7.895333333
0.166926,0.100188,1.054593,14:15:07.896000,7.896000000
0.045657,0.003027,1.012665,14:15:07.896667,7.896666667
0.054305,-0.014228,0.997779,14:15:07.897333,7.897333333
0.086911,0.027471,0.997139,14:15:07.898000,7.898000000
0.130068,0.039167,1.024872,14:15:07.898667,7.898666667
0.046997,0.000001,0.995891,14:15:07.899333,7.899333333
0.003704,-0.033536,0.955081,14:15:07.900000,7.900000000
-0.029420,-0.003303,0.969282,14:15:07.900667,7.900666667
-0.022422,-0.033148,0.970016,14:15:07.901333,7.901333333
0.013053,-0.031131,0.942674,14:15:07.902000,7.902000000
-0.004265,-0.052310,0.939013,14:15:07.902667,7.902666667
-0.042129,-0.020118,0.969683,14:15:07.903333,7.903333333
-0.026114,-0.025831,0.981868,14:15:07.904000,7.904000000
0.042880,0.022993,0.972946,14:15:07.904667,7.904666667
0.047166,0.010970,0.976798,14:15:07.905333,7.905333333
0.176864,0.081206,1.045717,14:15:07.906000,7.906000000
0.054095,0.056958,0.990905,14:15:07.906667,7.906666667
-0.006514,-0.005910,0.935530,14:15:07.907333,7.907333333
0.010306,-0.036520,0.936876,14:15:07.908000,7.908000000
0.055753,0.045574,0.997876,14:15:07.908667,7.908666667
0.068621,-0.011698,0.980941,14:15:07.909333,7.909333333
0.002857,-0.052263,0.974157,14:15:07.910000,7.910000000
-0.047046,-0.070361,0.927720,14:15:07.910667,7.910666667
-0.057374,-0.065822,0.967383,14:15:07.911333,7.911333333
-0.013759,-0.068768,0.967110,14:15:07.912000,7.912000000
-0.051943,-0.078092,0.988435,14:15:07.912667,7.912666667
-0.055548,-0.068262,0.949486,14:15:07.913333,7.913333333
-0.085622,-0.069355,0.982999,14:15:07.914000,7.914000000
-0.045997,-0.061600,0.996330,14:15:07.914667,7.914666667
-0.020328,-0.049090,1.003413,14:15:07.915333,7.915333333
-0.007978,-0.001719,1.028455,14:15:07.916000,7.916000000
0.073415,0.056833,1.079124,14:15:07.916667,7.916666667
-0.069734,-0.017721,1.025859,14:15:07.917333,7.917333333
-0.131695,-0.078798,0.972458,14:15:07.918000,7.918000000
-0.078638,-0.058706,0.973467,14:15:07.918667,7.918666667
-0.032229,0.012999,1.042647,14:15:07.919333,7.919333333
-0.031220,-0.026135,1.009497,14:15:07.920000,7.920000000
-0.114561,-0.057711,0.969911,14:15:07.920667,7.920666667
-0.150134,-0.076488,0.959841,14:15:07.921333,7.921333333
-0.105332,-0.057447,0.991436,14:15:07.922000,7.922000000
-0.077866,-0.020929,0.989091,14:15:07.922667,7.922666667
-0.086398,-0.018193,0.998084,14:15:07.923333,7.923333333
-0.123856,-0.035248,0.977198,14:15:07.924000,7.924000000
-0.091410,-0.026819,1.003610,14:15:07.924667,7.924666667
-0.055905,0.012663,1.038043,14:15:07.925333,7.925333333
-0.016837,0.037211,1.018910,14:15:07.926000,7.926000000
0.083023,0.136061,1.097703,14:15:07.926667,7.926666667
0.125931,0.161982,1.081079,14:15:07.927333,7.927333333
-0.021531,0.056271,1.047684,14:15:07.928000,7.928000000
-0.033593,-0.003334,0.983921,14:15:07.928667,7.928666667
0.065296,0.045065,1.041385,14:15:07.929333,7.929333333
0.123544,0.121086,1.065534,14:15:07.930000,7.930000000
0.111144,0.113164,1.037016,14:15:07.930667,7.930666667
0.034509,0.037219,1.023464,14:15:07.931333,7.931333333
0.028514,0.023951,0.983694,14:15:07.932000,7.932000000
0.048035,0.060339,1.019877,14:15:07.932667,7.932666667
0.071949,0.061607,1.043285,14:15:07.933333,7.933333333
0.054234,0.059718,1.058407,14:15:07.934000,7.934000000
0.072265,0.029994,1.037295,14:15:07.934667,7.934666667
0.054858,0.050330,1.008759,14:15:07.935333,7.935333333
0.074192,0.058972,1.054158,14:15:07.936000,7.936000000
0.119149,0.048736,1.055325,14:15:07.936667,7.936666667
0.212594,0.140228,1.101106,14:15:07.937333,7.937333333
0.175852,0.091449,1.073345,14:15:07.938000,7.938000000
0.065083,0.021382,1.011504,14:15:07.938667,7.938666667
0.016244,0.012880,0.975507,14:15:07.939333,7.939333333
0.103828,0.046911,1.025987,14:15:07.940000,7.940000000
0.139070,0.065940,1.012695,14:15:07.940667,7.940666667
0.069379,0.025794,0.987015,14:15:07.941333,7.941333333
0.011060,-0.051423,0.953304,14:15:07.942000,7.942000000
0.006526,-0.060473,0.969643,14:15:07.942667,7.942666667
-0.012322,-0.027310,0.959796,14:15:07.943333,7.943333333
0.046562,-0.032598,0.969848,14:15:07.944000,7.944000000
0.001786,-0.036670,0.950986,14:15:07.944667,7.944666667
-0.040734,-0.044862,0.955643,14:15:07.945333,7.945333333
-0.005101,0.002518,0.984859,14:15:07.946000,7.946000000
-0.010131,0.010525,0.965883,14:15:07.946667,7.946666667
0.059202,0.036786,1.003366,14:15:07.947333,7.947333333
0.181813,0.080277,1.036182,14:15:07.948000,7.948000000
0.082126,0.073082,1.018254,14:15:07.948667,7.948666667
-0.011475,-0.035340,0.946978,14:15:07.949333,7.949333333
-0.030073,-0.051772,0.932961,14:15:07.950000,7.950000000
0.071339,-0.019034,0.986582,14:15:07.950667,7.950666667
0.099260,-0.001214,0.994290,14:15:07.951333,7.951333333
-0.036604,-0.024513,0.969346,14:15:07.952000,7.952000000
-0.054949,-0.071764,0.914203,14:15:07.952667,7.952666667
-0.058850,-0.103646,0.965241,14:15:07.953333,7.953333333
-0.053429,-0.063969,0.994433,14:15:07.954000,7.954000000
-0.041689,-0.076916,0.956844,14:15:07.954667,7.954666667
-0.074891,-0.082037,0.961668,14:15:07.955333,7.955333333
-0.053055,-0.077785,0.952713,14:15:07.956000,7.956000000
-0.080682,-0.020982,0.991410,14:15:07.956667,7.956666667
-0.068630,-0.020169,1.000662,14:15:07.957333,7.957333333
-0.026594,0.028984,1.036241,14:15:07.958000,7.958000000
0.082283,0.054658,1.077200,14:15:07.958667,7.958666667
-0.020634,-0.009358,1.028854,14:15:07.959333,7.959333333
-0.124484,-0.073697,0.983698,14:15:07.960000,7.960000000
-0.112628,-0.076869,0.961408,14:15:07.960667,7.960666667
-0.043194,-0.013395,1.024953,14:15:07.961333,7.961333333
-0.024051,-0.031835,1.017507,14:15:07.962000,7.962000000
-0.109924,-0.069450,0.979502,14:15:07.962667,7.962666667
-0.151432,-0.078542,0.940689,14:15:07.963333,7.963333333
-0.136901,-0.068130,0.968136,14:15:07.964000,7.964000000
-0.098429,-0.044971,1.001156,14:15:07.964667,7.964666667
-0.121832,-0.033250,1.004144,14:15:07.965333,7.965333333
-0.134969,-0.062401,0.982471,14:15:07.966000,7.966000000
-0.090808,-0.023267,0.995813,14:15:07.966667,7.966666667
-0.087465,0.033216,1.032587,14:15:07.967333,7.967333333
-0.067084,0.002356,1.028582,14:15:07.968000,7.968000000
0.037662,0.089991,1.087283,14:15:07.968667,7.968666667
0.131053,0.129032,1.098283,14:15:07.969333,7.969333333
0.010181,0.035336,1.039784,14:15:07.970000,7.970000000
-0.078108,0.018614,1.000538,14:15:07.970667,7.970666667
0.054834,0.034776,1.033070,14:15:07.971333,7.971333333
0.124917,0.105797,1.068549,14:15:07.972000,7.972000000
0.072652,0.076402,1.051233,14:15:07.972667,7.972666667
0.043718,0.013800,1.019617,14:15:07.973333,7.973333333
0.007441,0.027404,1.023699,14:15:07.974000,7.974000000
0.038457,0.005700,1.028672,14:15:07.974667,7.974666667
0.043488,0.066519,1.051958,14:15:07.975333,7.975333333
0.032949,0.050949,1.029010,14:15:07.976000,7.976000000
0.021438,0.066081,1.046602,14:15:07.976667,7.976666667
0.020666,0.054779,1.063583,14:15:07.977333,7.977333333
0.087393,0.088797,1.031362,14:15:07.978000,7.978000000
0.104791,0.062887,1.047976,14:15:07.978667,7.978666667
0.215786,0.147898,1.120998,14:15:07.979333,7.979333333
0.194680,0.122955,1.099535,14:15:07.980000,7.980000000
0.096538,0.034650,1.043893,14:15:07.980667,7.980666667
0.020106,-0.000479,0.974328,14:15:07.981333,7.981333333
0.119751,0.034824,1.018011,14:15:07.982000,7.982000000
0.163513,0.029304,1.033133,14:15:07.982667,7.982666667
0.101254,0.040936,1.028433,14:15:07.983333,7.983333333
-0.004701,-0.029750,0.952515,14:15:07.984000,7.984000000
-0.015497,-0.050724,0.949050,14:15:07.984667,7.984666667
0.006588,-0.000142,0.959232,14:15:07.985333,7.985333333
0.027674,-0.021879,0.968748,14:15:07.986000,7.986000000
-0.007837,-0.015465,0.978229,14:15:07.986667,7.986666667
-0.006281,-0.036610,0.971416,14:15:07.987333,7.987333333
-0.026299,-0.015526,0.984161,14:15:07.988000,7.988000000
0.061930,-0.006132,0.966926,14:15:07.988667,7.988666667
0.025329,0.014232,0.994260,14:15:07.989333,7.989333333
0.141393,0.104388,1.061065,14:15:07.990000,7.990000000
0.163353,0.068983,1.017369,14:15:07.990667,7.990666667
-0.024611,-0.054786,0.973632,14:15:07.991333,7.991333333
-0.013659,-0.040430,0.950730,14:15:07.992000,7.992000000
0.052627,-0.007635,0.967482,14:15:07.992667,7.992666667
0.087288,0.046837,0.976882,14:15:07.993333,7.993333333
0.036612,-0.041421,0.967332,14:15:07.994000,7.994000000
-0.057005,-0.067985,0.933186,14:15:07.994667,7.994666667
-0.061394,-0.086587,0.975691,14:15:07.995333,7.995333333
-0.021705,-0.065121,0.970801,14:15:07.996000,7.996000000
-0.060221,-0.039804,0.980395,14:15:07.996667,7.996666667
-0.046274,-0.058573,0.992685,14:15:07.997333,7.997333333
-0.102036,-0.072073,0.983076,14:15:07.998000,7.998000000
-0.064124,-0.053129,1.020225,14:15:07.998667,7.998666667
-0.031528,-0.064543,1.014468,14:15:07.999333,7.999333333
-0.036726,-0.036257,0.990766,14:15:08.000000,8.000000000
0.103783,0.080529,1.062405,14:15:08.000667,8.000666667
0.006221,0.015389,1.039144,14:15:08.001333,8.001333333
-0.127926,-0.053360,0.967475,14:15:08.002000,8.002000000
-0.096534,-0.088213,0.970848,14:15:08.002667,8.002666667
-0.039433,-0.055045,0.986234,14:15:08.003333,8.003333333
-0.040286,-0.021006,0.975896,14:15:08.004000,8.004000000
-0.125452,-0.045190,0.986782,14:15:08.004667,8.004666667
-0.129340,-0.110767,0.976175,14:15:08.005333,8.005333333
-0.138925,-0.068865,0.961947,14:15:08.006000,8.006000000
-0.125746,-0.026519,0.959743,14:15:08.006667,8.006666667
-0.105989,-0.044341,1.002601,14:15:08.007333,8.007333333
-0.144634,-0.032797,0.989855,14:15:08.008000,8.008000000
-0.155045,-0.002609,0.982818,14:15:08.008667,8.008666667
-0.094494,-0.013950,1.011284,14:15:08.009333,8.009333333
-0.077778,0.004120,1.032179,14:15:08.010000,8.010000000
-0.016594,0.079831,1.046256,14:15:08.010667,8.010666667
0.104922,0.143967,1.116996,14:15:08.011333,8.011333333
0.027390,0.096335,1.069381,14:15:08.012000,8.012000000
-0.025121,-0.000280,1.006867,14:15:08.012667,8.012666667
0.002928,0.042703,1.029904,14:15:08.013333,8.013333333
0.069952,0.092723,1.016414,14:15:08.014000,8.014000000
0.081234,0.066282,1.082987,14:15:08.014667,8.014666667
0.030464,0.043443,1.008628,14:15:08.015333,8.015333333
0.005493,-0.008402,0.980617,14:15:08.016000,8.016000000
0.032852,0.031154,1.010070,14:15:08.016667,8.016666667
0.057562,0.059623,1.041563,14:15:08.017333,8.017333333
0.033098,0.033736,1.035962,14:15:08.018000,8.018000000
0.019030,0.024167,1.030214,14:15:08.018667,8.018666667
0.034341,0.045387,1.015712,14:15:08.019333,8.019333333
0.054382,0.064888,1.053386,14:15:08.020000,8.020000000
0.110118,0.092294,1.031553,14:15:08.020667,8.020666667
0.153049,0.148106,1.100669,14:15:08.021333,8.021333333
0.243170,0.142163,1.125319,14:15:08.022000,8.022000000
0.123399,0.068491,1.074490,14:15:08.022667,8.022666667
0.048757,0.004933,0.997564,14:15:08.023333,8.023333333
0.089642,0.046847,1.032686,14:15:08.024000,8.024000000
0.142107,0.029810,1.025787,14:15:08.024667,8.024666667
0.143279,0.061614,1.028122,14:15:08.025333,8.025333333
0.036216,-0.011069,0.978227,14:15:08.026000,8.026000000
-0.026625,-0.026990,0.965200,14:15:08.026667,8.026666667
0.023200,-0.023854,0.967856,14:15:08.027333,8.027333333
0.019563,-0.023744,0.956581,14:15:08.028000,8.028000000
0.028748,0.009535,0.951805,14:15:08.028667,8.028666667
-0.027865,-0.044854,0.984612,14:15:08.029333,8.029333333
0.022834,-0.046330,0.969445,14:15:08.030000,8.030000000
-0.003506,-0.002435,0.967755,14:15:08.030667,8.030666667
0.038609,0.044360,0.978781,14:15:08.031333,8.031333333
0.125187,0.076427,1.030453,14:15:08.032000,8.032000000
0.142782,0.087484,1.044093,14:15:08.032667,8.032666667
0.030368,-0.015140,0.956543,14:15:08.033333,8.033333333
-0.013570,-0.053420,0.943641,14:15:08.034000,8.034000000
0.031567,-0.012782,0.954650,14:15:08.034667,8.034666667
0.086204,0.033681,0.998518,14:15:08.035333,8.035333333
0.003391,-0.009274,0.959480,14:15:08.036000,8.036000000
-0.029946,-0.080934,0.956914,14:15:08.036667,8.036666667
-0.014372,-0.068944,0.933920,14:15:08.037333,8.037333333
-0.032637,-0.055973,0.954274,14:15:08.038000,8.038000000
-0.023504,-0.060809,0.948602,14:15:08.038667,8.038666667
-0.042825,-0.080229,0.976219,14:15:08.039333,8.039333333
-0.089575,-0.071558,0.955864,14:15:08.040000,8.040000000
-0.052563,-0.051645,0.986466,14:15:08.040667,8.040666667
-0.039143,-0.036800,0.988631,14:15:08.041333,8.041333333
-0.045653,-0.033992,0.987036,14:15:08.042000,8.042000000
0.141206,0.045970,1.079837,14:15:08.042667,8.042666667
0.072209,0.029640,1.039654,14:15:08.043333,8.043333333
-0.103880,-0.104945,0.999176,14:15:08.044000,8.044000000
-0.087382,-0.095782,0.983033,14:15:08.044667,8.044666667
-0.033725,-0.059535,1.005900,14:15:08.045333,8.045333333
0.004743,-0.029098,1.015355,14:15:08.046000,8.046000000
-0.047241,-0.071109,0.995153,14:15:08.046667,8.046666667
-0.120486,-0.070007,0.965333,14:15:08.047333,8.047333333
-0.137348,-0.075291,0.971873,14:15:08.048000,8.048000000
-0.107846,-0.044103,0.973575,14:15:08.048667,8.048666667
-0.137761,-0.047852,0.990533,14:15:08.049333,8.049333333
-0.117184,-0.042411,0.964686,14:15:08.050000,8.050000000
-0.138628,-0.032178,0.994201,14:15:08.050667,8.050666667
-0.127483,-0.043263,0.983193,14:15:08.051333,8.051333333
-0.055687,-0.006677,1.058098,14:15:08.052000,8.052000000
-0.042427,0.024656,1.047539,14:15:08.052667,8.052666667
0.095984,0.109597,1.091928,14:15:08.053333,8.053333333
-0.006766,0.059656,1.049266,14:15:08.054000,8.054000000
-0.072175,-0.026195,0.996739,14:15:08.054667,8.054666667
-0.045559,0.041480,1.015682,14:15:08.055333,8.055333333
0.062877,0.062407,1.066434,14:15:08.056000,8.056000000
0.079439,0.083015,1.037597,14:15:08.056667,8.056666667
0.032741,0.024815,1.005500,14:15:08.057333,8.057333333
-0.020468,0.017767,0.991096,14:15:08.058000,8.058000000
-0.013443,0.024820,1.009105,14:15:08.058667,8.058666667
0.028653,0.063148,1.034823,14:15:08.059333,8.059333333
0.036960,0.054244,1.014519,14:15:08.060000,8.060000000
0.000436,0.017748,1.033448,14:15:08.060667,8.060666667
0.048226,0.029293,1.030211,14:15:08.061333,8.061333333
0.067072,0.108601,1.037727,14:15:08.062000,8.062000000
0.093017,0.055534,1.061190,14:15:08.062667,8.062666667
0.144293,0.098838,1.104615,14:15:08.063333,8.063333333
0.272398,0.165392,1.105177,14:15:08.064000,8.064000000
0.153355,0.064507,1.045523,14:15:08.064667,8.064666667
0.068041,0.013264,0.983173,14:15:08.065333,8.065333333
0.078125,0.042968,1.025376,14:15:08.066000,8.066000000
0.107065,0.063012,1.055565,14:15:08.066667,8.066666667
0.144892,0.041388,1.024673,14:15:08.067333,8.067333333
0.026676,-0.010682,0.982191,14:15:08.068000,8.068000000
0.024500,-0.022806,0.968527,14:15:08.068667,8.068666667
0.023343,0.001405,0.973920,14:15:08.069333,8.069333333
0.051436,-0.026849,0.985081,14:15:08.070000,8.070000000
0.026166,-0.035246,0.950656,14:15:08.070667,8.070666667
-0.015585,-0.027253,0.967497,14:15:08.071333,8.071333333
-0.023346,-0.007379,0.978462,14:15:08.072000,8.072000000
0.010168,-0.025911,0.971952,14:15:08.072667,8.072666667
0.040532,0.020141,0.996445,14:15:08.073333,8.073333333
0.114264,0.090794,1.042429,14:15:08.074000,8.074000000
0.174797,0.067655,1.032024,14:15:08.074667,8.074666667
0.014952,0.005151,0.974238,14:15:08.075333,8.075333333
-0.006000,-0.046542,0.939104,14:15:08.076000,8.076000000
0.038290,-0.020341,0.972659,14:15:08.076667,8.076666667
0.103709,0.018975,0.961337,14:15:08.077333,8.077333333
0.070073,-0.006085,0.968376,14:15:08.078000,8.078000000
-0.024067,-0.043494,0.954415,14:15:08.078667,8.078666667
-0.053080,-0.077690,0.924051,14:15:08.079333,8.079333333
-0.016186,-0.031473,0.971762,14:15:08.080000,8.080000000
0.003179,-0.043624,0.962244,14:15:08.080667,8.080666667
-0.000908,-0.045397,0.949321,14:15:08.081333,8.081333333
-0.062549,-0.070201,0.967281,14:15:08.082000,8.082000000
-0.079432,-0.040998,1.000409,14:15:08.082667,8.082666667
-0.031386,-0.041796,0.985344,14:15:08.083333,8.083333333
-0.003846,0.002734,1.006989,14:15:08.084000,8.084000000
0.107052,0.049503,1.053180,14:15:08.084667,8.084666667
0.077838,0.028740,1.063852,14:15:08.085333,8.085333333
-0.053737,-0.054115,1.021873,14:15:08.086000,8.086000000
-0.090872,-0.092140,0.951390,14:15:08.086667,8.086666667
-0.043016,-0.026193,1.000712,14:15:08.087333,8.087333333
-0.021043,0.001008,1.008393,14:15:08.088000,8.088000000
-0.084149,-0.059948,0.984782,14:15:08.088667,8.088666667
-0.132046,-0.110711,0.949708,14:15:08.089333,8.089333333
-0.140272,-0.126701,0.967611,14:15:08.090000,8.090000000
-0.104848,-0.109980,0.960907,14:15:08.090667,8.090666667
-0.117864,-0.059313,1.011580,14:15:08.091333,8.091333333
-0.140343,-0.046580,0.982788,14:15:08.092000,8.092000000
-0.145870,-0.055622,1.003023,14:15:08.092667,8.092666667
-0.135550,-0.042286,0.986098,14:15:08.093333,8.093333333
-0.090423,0.005367,1.040349,14:15:08.094000,8.094000000
-0.079745,-0.018504,1.020290,14:15:08.094667,8.094666667
0.062739,0.123464,1.085870,14:15:08.095333,8.095333333
0.050831,0.113774,1.054125,14:15:08.096000,8.096000000
-0.103223,-0.008784,1.014317,14:15:08.096667,8.096666667
-0.075756,-0.011210,0.999972,14:15:08.097333,8.097333333
0.025507,0.067770,1.009329,14:15:08.098000,8.098000000
0.058881,0.063205,1.041080,14:15:08.098667,8.098666667
-0.021301,0.045450,1.013795,14:15:08.099333,8.099333333
-0.013363,0.037672,0.990187,14:15:08.100000,8.100000000
0.024292,0.007397,1.025158,14:15:08.100667,8.100666667
0.025897,0.035105,1.035646,14:15:08.101333,8.101333333
0.021989,0.049842,1.034707,14:15:08.102000,8.102000000
0.006143,0.042019,1.009290,14:15:08.102667,8.102666667
0.024929,0.045553,1.054556,14:15:08.103333,8.103333333
0.008026,0.073548,1.046384,14:15:08.104000,8.104000000
0.052586,0.097979,1.048177,14:15:08.104667,8.104666667
0.097183,0.105686,1.050682,14:15:08.105333,8.105333333
0.227205,0.181905,1.146241,14:15:08.106000,8.106000000
0.127276,0.130163,1.060785,14:15:08.106667,8.106666667
0.030648,0.000188,1.020307,14:15:08.107333,8.107333333
0.034697,0.047867,1.014166,14:15:08.108000,8.108000000
0.149925,0.083898,1.055285,14:15:08.108667,8.108666667
0.123902,0.055876,1.046354,14:15:08.109333,8.109333333
0.097237,-0.003006,1.014605,14:15:08.110000,8.110000000
0.024407,-0.002950,0.981209,14:15:08.110667,8.110666667
0.017371,-0.020688,0.981067,14:15:08.111333,8.111333333
0.045204,0.005607,0.988696,14:15:08.112000,8.112000000
0.021872,-0.024884,0.998612,14:15:08.112667,8.112666667
-0.020075,-0.035710,0.968740,14:15:08.113333,8.113333333
0.017281,-0.012868,0.970458,14:15:08.114000,8.114000000
0.009207,-0.014781,0.996813,14:15:08.114667,8.114666667
0.072266,0.027029,0.993878,14:15:08.115333,8.115333333
0.118823,0.036249,1.018970,14:15:08.116000,8.116000000
0.166162,0.090381,1.038271,14:15:08.116667,8.116666667
0.071831,0.045116,0.974290,14:15:08.117333,8.117333333
-0.027485,-0.084847,0.936034,14:15:08.118000,8.118000000
0.036574,-0.016776,0.967057,14:15:08.118667,8.118666667
0.103616,0.066747,0.967891,14:15:08.119333,8.119333333
0.101158,-0.012881,0.963004,14:15:08.120000,8.120000000
-0.012579,-0.044590,0.930222,14:15:08.120667,8.120666667
-0.053865,-0.064763,0.914245,14:15:08.121333,8.121333333
-0.024844,-0.043933,0.935637,14:15:08.122000,8.122000000
0.002265,-0.049831,0.977382,14:15:08.122667,8.122666667
-0.008233,-0.068655,0.953401,14:15:08.123333,8.123333333
-0.047863,-0.064460,0.963266,14:15:08.124000,8.124000000
-0.107757,-0.019603,0.975648,14:15:08.124667,8.124666667
-0.015279,-0.006356,1.018290,14:15:08.125333,8.125333333
-0.059164,-0.011681,1.010625,14:15:08.126000,8.126000000
0.104735,0.060774,1.028516,14:15:08.126667,8.126666667
0.082899,0.041992,1.046564,14:15:08.127333,8.127333333
-0.058854,-0.023278,0.981006,14:15:08.128000,8.128000000
-0.102921,-0.063613,0.969603,14:15:08.128667,8.128666667
-0.062972,-0.053154,0.990716,14:15:08.129333,8.129333333
0.013348,-0.017285,1.005816,14:15:08.130000,8.130000000
-0.021824,-0.039993,1.013197,14:15:08.130667,8.130666667
-0.090731,-0.087851,0.946008,14:15:08.131333,8.131333333
-0.147014,-0.101597,0.948665,14:15:08.132000,8.132000000
-0.117746,-0.081427,0.957841,14:15:08.132667,8.132666667
-0.100946,-0.067105,0.980271,14:15:08.133333,8.133333333
-0.107390,-0.044268,0.979746,14:15:08.134000,8.134000000
-0.117223,-0.064046,0.975731,14:15:08.134667,8.134666667
-0.156211,-0.080275,1.000374,14:15:08.135333,8.135333333
-0.107915,0.012723,1.029034,14:15:08.136000,8.136000000
-0.065788,0.014034,1.031830,14:15:08.136667,8.136666667
0.062703,0.090451,1.070367,14:15:08.137333,8.137333333
0.037557,0.101477,1.081832,14:15:08.138000,8.138000000
-0.089984,0.039765,1.024141,14:15:08.138667,8.138666667
-0.065390,0.001986,0.991804,14:15:08.139333,8.139333333
0.022215,0.038839,1.031116,14:15:08.140000,8.140000000
0.079589,0.053337,1.028938,14:15:08.140667,8.140666667
0.029386,0.036615,1.023028,14:15:08.141333,8.141333333
-0.022533,0.019643,1.003022,14:15:08.142000,8.142000000
-0.038427,-0.000606,1.018443,14:15:08.142667,8.142666667
-0.020430,0.000279,1.017421,14:15:08.143333,8.143333333
0.017737,0.032251,1.035620,14:15:08.144000,8.144000000
-0.011162,0.031943,1.039293,14:15:08.144667,8.144666667
-0.001878,0.053312,1.041860,14:15:08.145333,8.145333333
0.025415,0.071254,1.060426,14:15:08.146000,8.146000000
0.072562,0.054022,1.066970,14:15:08.146667,8.146666667
0.098324,0.061808,1.078991,14:15:08.147333,8.147333333
0.226536,0.183277,1.115995,14:15:08.148000,8.148000000
0.170118,0.121348,1.110604,14:15:08.148667,8.148666667
0.041480,0.043923,1.033379,14:15:08.149333,8.149333333
0.062032,0.055910,1.008847,14:15:08.150000,8.150000000
0.159980,0.090096,1.039947,14:15:08.150667,8.150666667
0.190934,0.088541,1.038396,14:15:08.151333,8.151333333
0.109852,-0.005163,1.017855,14:15:08.152000,8.152000000
0.036987,-0.016995,0.973832,14:15:08.152667,8.152666667
0.036628,-0.033324,0.964964,14:15:08.153333,8.153333333
0.043337,0.004091,0.999690,14:15:08.154000,8.154000000
0.091816,-0.013896,1.007288,14:15:08.154667,8.154666667
-0.005005,0.013147,0.990407,14:15:08.155333,8.155333333
0.006580,0.008059,0.990028,14:15:08.156000,8.156000000
0.003971,0.032562,1.005110,14:15:08.156667,8.156666667
0.055947,0.021844,0.964946,14:15:08.157333,8.157333333
0.084484,0.055947,1.010379,14:15:08.158000,8.158000000
0.223377,0.099745,1.052831,14:15:08.158667,8.158666667
0.088863,0.048709,1.006361,14:15:08.159333,8.159333333
0.008022,-0.033559,0.943169,14:15:08.160000,8.160000000
-0.015176,-0.046842,0.955705,14:15:08.160667,8.160666667
0.096242,0.040653,0.989646,14:15:08.161333,8.161333333
0.110506,0.017501,0.951905,14:15:08.162000,8.162000000
0.029948,-0.019075,0.948337,14:15:08.162667,8.162666667
-0.046754,-0.056028,0.945138,14:15:08.163333,8.163333333
-0.026532,-0.062047,0.947241,14:15:08.164000,8.164000000
0.010092,-0.050836,0.960427,14:15:08.164667,8.164666667
0.001185,-0.058992,0.961670,14:15:08.165333,8.165333333
-0.051526,-0.048488,0.947150,14:15:08.166000,8.166000000
-0.035510,-0.082758,0.981226,14:15:08.166667,8.166666667
-0.012178,-0.054071,0.986101,14:15:08.167333,8.167333333
-0.009787,-0.018038,0.998417,14:15:08.168000,8.168000000
0.078570,0.043058,1.046458,14:15:08.168667,8.168666667
0.133321,0.069056,1.076631,14:15:08.169333,8.169333333
0.033044,-0.062235,1.018797,14:15:08.170000,8.170000000
-0.109796,-0.114028,0.940340,14:15:08.170667,8.170666667
-0.021615,-0.056802,0.975842,14:15:08.171333,8.171333333
0.023302,-0.024152,1.050102,14:15:08.172000,8.172000000
-0.023221,-0.029642,0.982263,14:15:08.172667,8.172666667
-0.091741,-0.089782,0.974073,14:15:08.173333,8.173333333
-0.132409,-0.105792,0.933666,14:15:08.174000,8.174000000
-0.136839,-0.078086,0.970539,14:15:08.174667,8.174666667
-0.119580,-0.058132,0.956953,14:15:08.175333,8.175333333
-0.128764,-0.093873,0.958450,14:15:08.176000,8.176000000
-0.129775,-0.076530,0.972561,14:15:08.176667,8.176666667
-0.146340,-0.076474,0.999107,14:15:08.177333,8.177333333
-0.116526,-0.046717,1.007830,14:15:08.178000,8.178000000
-0.062681,-0.042198,1.027770,14:15:08.178667,8.178666667
0.035203,0.096304,1.074285,14:15:08.179333,8.179333333
0.055457,0.066492,1.056353,14:15:08.180000,8.180000000
-0.057087,-0.005960,1.030800,14:15:08.180667,8.180666667
-0.086633,-0.039793,0.967292,14:15:08.181333,8.181333333
-0.015083,0.012267,1.043286,14:15:08.182000,8.182000000
0.012850,0.076728,1.031696,14:15:08.182667,8.182666667
0.016573,0.054335,1.025143,14:15:08.183333,8.183333333
-0.057749,0.006339,1.001295,14:15:08.184000,8.184000000
-0.070903,0.011029,0.978349,14:15:08.184667,8.184666667
-0.015162,0.007393,1.002402,14:15:08.185333,8.185333333
0.000245,0.047392,1.013608,14:15:08.186000,8.186000000
-0.032152,0.024493,1.037048,14:15:08.186667,8.186666667
-0.027647,0.044109,1.054481,14:15:08.187333,8.187333333
0.016581,0.045304,1.063479,14:15:08.188000,8.188000000
0.071531,0.073326,1.047921,14:15:08.188667,8.188666667
0.073681,0.076453,1.068739,14:15:08.189333,8.189333333
0.208192,0.155951,1.115781,14:15:08.190000,8.190000000
0.204105,0.158047,1.133166,14:15:08.190667,8.190666667
0.048827,0.044039,1.044275,14:15:08.191333,8.191333333
0.061952,0.056421,1.012103,14:15:08.192000,8.192000000
0.129994,0.078058,1.036709,14:15:08.192667,8.192666667
0.176178,0.115469,1.053482,14:15:08.193333,8.193333333
0.088030,0.062670,1.013321,14:15:08.194000,8.194000000
0.037181,-0.010077,0.985768,14:15:08.194667,8.194666667
0.028666,0.016020,1.001663,14:15:08.195333,8.195333333
0.057226,0.000921,0.984541,14:15:08.196000,8.196000000
0.049622,0.015118,1.017398,14:15:08.196667,8.196666667
0.008746,-0.026547,0.968903,14:15:08.197333,8.197333333
0.011794,-0.017060,0.967001,14:15:08.198000,8.198000000
0.008938,0.006007,0.982731,14:15:08.198667,8.198666667
0.038877,0.002102,0.977908,14:15:08.199333,8.199333333
0.065960,0.030687,0.997431,14:15:08.200000,8.200000000
0.217479,0.092100,1.044481,14:15:08.200667,8.200666667
0.121575,0.042479,1.026707,14:15:08.201333,8.201333333
-0.008220,0.009716,0.977915,14:15:08.202000,8.202000000
0.041510,0.008874,0.960467,14:15:08.202667,8.202666667
0.105257,0.013754,0.975250,14:15:08.203333,8.203333333
0.115073,0.019404,0.989994,14:15:08.204000,8.204000000
0.039247,-0.006607,0.953238,14:15:08.204667,8.204666667
-0.005106,-0.025497,0.939250,14:15:08.205333,8.205333333
-0.021471,-0.035829,0.910714,14:15:08.206000,8.206000000
0.031941,-0.059514,0.928049,14:15:08.206667,8.206666667
-0.017105,-0.018626,0.986428,14:15:08.207333,8.207333333
-0.044477,-0.085851,0.937807,14:15:08.208000,8.208000000
-0.044986,-0.056930,0.969288,14:15:08.208667,8.208666667
-0.005520,-0.036208,0.985027,14:15:08.209333,8.209333333
-0.013346,-0.011853,0.991957,14:15:08.210000,8.210000000
0.045539,0.025394,1.033997,14:15:08.210667,8.210666667
0.155842,0.058066,1.067279,14:15:08.211333,8.211333333
0.026164,0.026105,1.012181,14:15:08.212000,8.212000000
-0.073973,-0.079873,0.944029,14:15:08.212667,8.212666667
-0.031650,-0.065671,0.958905,14:15:08.213333,8.213333333
0.042206,-0.006076,0.981432,14:15:08.214000,8.214000000
0.014362,-0.022227,1.001921,14:15:08.214667,8.214666667
-0.084585,-0.077168,0.951672,14:15:08.215333,8.215333333
-0.130451,-0.129686,0.980197,14:15:08.216000,8.216000000
-0.087395,-0.084059,0.957048,14:15:08.216667,8.216666667
-0.110571,-0.084876,0.978877,14:15:08.217333,8.217333333
-0.121999,-0.095926,0.984154,14:15:08.218000,8.218000000
-0.127313,-0.089360,0.975758,14:15:08.218667,8.218666667
-0.137883,-0.048332,0.999139,14:15:08.219333,8.219333333
-0.115752,-0.037048,0.996732,14:15:08.220000,8.220000000
-0.106534,-0.024093,1.000953,14:15:08.220667,8.220666667
0.021887,0.033837,1.045811,14:15:08.221333,8.221333333
0.050136,0.093763,1.098261,14:15:08.222000,8.222000000
-0.045839,-0.028672,1.005303,14:15:08.222667,8.222666667
-0.115779,-0.050874,0.978261,14:15:08.223333,8.223333333
-0.043202,0.003451,0.969459,14:15:08.224000,8.224000000
0.023853,0.050836,1.025905,14:15:08.224667,8.224666667
0.024719,0.074883,1.029232,14:15:08.225333,8.225333333
-0.052091,0.014615,1.003444,14:15:08.226000,8.226000000
-0.074373,-0.021392,0.966400,14:15:08.226667,8.226666667
-0.039604,0.018142,1.004238,14:15:08.227333,8.227333333
-0.036568,0.051869,1.022135,14:15:08.228000,8.228000000
-0.013383,0.042816,1.035582,14:15:08.228667,8.228666667
-0.039591,0.034907,1.036017,14:15:08.229333,8.229333333
-0.027046,0.051564,1.032870,14:15:08.230000,8.230000000
0.071777,0.082538,1.077490,14:15:08.230667,8.230666667
0.038637,0.098104,1.080368,14:15:08.231333,8.231333333
0.215212,0.185152,1.117146,14:15:08.232000,8.232000000
0.215185,0.144922,1.115904,14:15:08.232667,8.232666667
0.086765,0.085204,1.050401,14:15:08.233333,8.233333333
0.075268,0.027069,1.034019,14:15:08.234000,8.234000000
0.116124,0.060714,1.060194,14:15:08.234667,8.234666667
0.148873,0.075297,1.036895,14:15:08.235333,8.235333333
0.101794,0.072320,1.030485,14:15:08.236000,8.236000000
0.064038,-0.006689,0.979059,14:15:08.236667,8.236666667
0.043629,-0.015917,0.996790,14:15:08.237333,8.237333333
0.052331,0.008401,1.000014,14:15:08.238000,8.238000000
0.045230,-0.003645,0.993981,14:15:08.238667,8.238666667
0.042630,0.015951,1.023363,14:15:08.239333,8.239333333
-0.004185,-0.019446,0.992903,14:15:08.240000,8.240000000
0.019118,-0.011355,1.003011,14:15:08.240667,8.240666667
0.055305,0.030173,1.002062,14:15:08.241333,8.241333333
0.055661,0.005953,1.014169,14:15:08.242000,8.242000000
0.169005,0.098843,1.052851,14:15:08.242667,8.242666667
0.164315,0.072607,1.058575,14:15:08.243333,8.243333333
0.015388,-0.032228,0.961127,14:15:08.244000,8.244000000
0.013015,-0.012272,0.957154,14:15:08.244667,8.244666667
0.066093,0.012933,0.996659,14:15:08.245333,8.245333333
0.093998,0.026016,0.982978,14:15:08.246000,8.246000000
0.022393,-0.012020,0.960399,14:15:08.246667,8.246666667
-0.023002,-0.056459,0.937727,14:15:08.247333,8.247333333
0.002290,-0.046146,0.924057,14:15:08.248000,8.248000000
-0.011808,-0.076887,0.952408,14:15:08.248667,8.248666667
0.005661,-0.044364,0.957931,14:15:08.249333,8.249333333
-0.020667,-0.045422,0.938304,14:15:08.250000,8.250000000
-0.045441,-0.063115,0.953897,14:15:08.250667,8.250666667
-0.056035,-0.004847,0.938392,14:15:08.251333,8.251333333
-0.027892,-0.002991,0.972084,14:15:08.252000,8.252000000
0.005282,-0.008318,0.977392,14:15:08.252667,8.252666667
0.140216,0.090477,1.048981,14:15:08.253333,8.253333333
0.058064,0.007460,1.014201,14:15:08.254000,8.254000000
-0.100292,-0.061686,0.953563,14:15:08.254667,8.254666667
-0.041049,-0.051035,0.972519,14:15:08.255333,8.255333333
0.000285,-0.013195,1.019615,14:15:08.256000,8.256000000
0.037624,-0.000352,0.975784,14:15:08.256667,8.256666667
-0.067420,-0.044977,0.983275,14:15:08.257333,8.257333333
-0.125619,-0.121325,0.930943,14:15:08.258000,8.258000000
-0.102048,-0.100956,0.952339,14:15:08.258667,8.258666667
-0.126568,-0.083576,0.981751,14:15:08.259333,8.259333333
-0.106235,-0.075450,0.994487,14:15:08.260000,8.260000000
-0.153575,-0.081716,0.950640,14:15:08.260667,8.260666667
-0.114753,-0.050845,0.991383,14:15:08.261333,8.261333333
-0.141512,-0.059955,0.998277,14:15:08.262000,8.262000000
-0.114526,-0.004901,0.994636,14:15:08.262667,8.262666667
-0.037102,0.020435,1.040647,14:15:08.263333,8.263333333
0.094249,0.080880,1.059329,14:15:08.264000,8.264000000
-0.019905,0.017904,1.053240,14:15:08.264667,8.264666667
-0.132984,-0.046975,0.985316,14:15:08.265333,8.265333333
-0.081348,-0.017446,0.989217,14:15:08.266000,8.266000000
-0.025468,0.030666,1.001653,14:15:08.266667,8.266666667
0.002073,0.065000,1.034709,14:15:08.267333,8.267333333
-0.081938,-0.006930,1.018645,14:15:08.268000,8.268000000
-0.082954,-0.034145,0.998774,14:15:08.268667,8.268666667
-0.037323,0.008427,0.998694,14:15:08.269333,8.269333333
-0.048490,0.036252,1.002611,14:15:08.270000,8.270000000
-0.069522,0.035003,1.009792,14:15:08.270667,8.270666667
-0.024984,-0.003131,1.025366,14:15:08.271333,8.271333333
-0.031661,0.052850,1.028050,14:15:08.272000,8.272000000
0.009579,0.053166,1.055590,14:15:08.272667,8.272666667
0.048983,0.087820,1.073649,14:15:08.273333,8.273333333
0.151681,0.152317,1.091506,14:15:08.274000,8.274000000
0.206312,0.188275,1.108865,14:15:08.274667,8.274666667
0.081817,0.052810,1.043993,14:15:08.275333,8.275333333
0.038476,0.034381,1.033621,14:15:08.276000,8.276000000
0.116900,0.067165,1.058860,14:15:08.276667,8.276666667
0.186931,0.116287,1.054365,14:15:08.277333,8.277333333
0.107053,0.088599,1.055718,14:15:08.278000,8.278000000
0.067528,0.023243,0.988964,14:15:08.278667,8.278666667
0.057942,0.002268,0.996726,14:15:08.279333,8.279333333
0.074324,0.040343,1.013645,14:15:08.280000,8.280000000
0.043392,0.014883,1.013655,14:15:08.280667,8.280666667
0.039027,-0.010657,1.002002,14:15:08.281333,8.281333333
0.058192,0.018728,1.004242,14:15:08.282000,8.282000000
0.062387,0.002847,0.993300,14:15:08.282667,8.282666667
0.068557,0.027909,0.982592,14:15:08.283333,8.283333333
0.046433,0.029339,0.988401,14:15:08.284000,8.284000000
0.183089,0.101565,1.060538,14:15:08.284667,8.284666667
0.175652,0.095751,1.023125,14:15:08.285333,8.285333333
0.056240,-0.005733,0.980997,14:15:08.286000,8.286000000
0.000551,-0.077112,0.954524,14:15:08.286667,8.286666667
0.063101,0.005904,0.995064,14:15:08.287333,8.287333333
0.118955,0.016671,1.013347,14:15:08.288000,8.288000000
0.043024,-0.014057,0.976684,14:15:08.288667,8.288666667
-0.016867,-0.066162,0.935067,14:15:08.289333,8.289333333
-0.023508,-0.043435,0.945133,14:15:08.290000,8.290000000
-0.002254,-0.041839,0.969465,14:15:08.290667,8.290666667
0.011832,0.026235,0.967189,14:15:08.291333,8.291333333
-0.030747,-0.054747,0.964238,14:15:08.292000,8.292000000
-0.061962,-0.035366,0.946968,14:15:08.292667,8.292666667
-0.047346,-0.017524,0.961106,14:15:08.293333,8.293333333
-0.020636,-0.005377,0.990694,14:15:08.294000,8.294000000
0.011936,0.004679,1.014868,14:15:08.294667,8.294666667
0.141010,0.077921,1.025238,14:15:08.295333,8.295333333
0.091874,0.038283,1.029818,14:15:08.296000,8.296000000
-0.040925,-0.031644,0.976083,14:15:08.296667,8.296666667
-0.041271,-0.079753,0.968334,14:15:08.297333,8.297333333
-0.001922,-0.039697,0.982106,14:15:08.298000,8.298000000
0.044229,-0.009777,1.010732,14:15:08.298667,8.298666667
-0.023824,-0.042940,1.002851,14:15:08.299333,8.299333333
-0.090158,-0.096694,0.970001,14:15:08.300000,8.300000000
-0.112784,-0.080880,0.973723,14:15:08.300667,8.300666667
-0.039873,-0.079525,0.967035,14:15:08.301333,8.301333333
-0.112509,-0.071103,0.967731,14:15:08.302000,8.302000000
-0.128984,-0.092632,0.960613,14:15:08.302667,8.302666667
-0.129093,-0.099955,0.954027,14:15:08.303333,8.303333333
-0.123807,-0.076393,0.994209,14:15:08.304000,8.304000000
-0.090643,-0.027641,0.986900,14:15:08.304667,8.304666667
-0.072987,-0.031520,1.008619,14:15:08.305333,8.305333333
0.096077,0.079251,1.077331,14:15:08.306000,8.306000000
-0.035393,0.011129,1.034143,14:15:08.306667,8.306666667
-0.146672,-0.044074,0.968213,14:15:08.307333,8.307333333
-0.115401,-0.027006,1.005435,14:15:08.308000,8.308000000
0.008975,0.046342,1.018446,14:15:08.308667,8.308666667
-0.030588,0.064546,1.044267,14:15:08.309333,8.309333333
-0.058215,0.003531,0.993619,14:15:08.310000,8.310000000
-0.097103,-0.010176,0.969909,14:15:08.310667,8.310666667
-0.108778,-0.023050,1.026864,14:15:08.311333,8.311333333
-0.042510,0.012102,1.003025,14:15:08.312000,8.312000000
-0.041806,0.008874,1.013932,14:15:08.312667,8.312666667
-0.070152,0.010396,0.988300,14:15:08.313333,8.313333333
0.008632,0.022828,1.035025,14:15:08.314000,8.314000000
-0.010711,0.054752,1.055738,14:15:08.314667,8.314666667
0.064034,0.074234,1.058837,14:15:08.315333,8.315333333
0.100340,0.120249,1.082705,14:15:08.316000,8.316000000
0.222171,0.210514,1.129811,14:15:08.316667,8.316666667
0.094127,0.084375,1.071962,14:15:08.317333,8.317333333
0.030021,0.063718,1.055562,14:15:08.318000,8.318000000
0.059276,0.065751,1.024735,14:15:08.318667,8.318666667
0.162201,0.100019,1.082094,14:15:08.319333,8.319333333
0.137478,0.108434,1.032826,14:15:08.320000,8.320000000
0.045583,0.028708,1.003334,14:15:08.320667,8.320666667
0.029987,-0.003739,0.996093,14:15:08.321333,8.321333333
0.063822,0.024586,0.978814,14:15:08.322000,8.322000000
0.095280,0.009477,0.994197,14:15:08.322667,8.322666667
0.024581,0.005060,1.004244,14:15:08.323333,8.323333333
0.026971,0.017226,0.990522,14:15:08.324000,8.324000000
0.025973,0.025067,1.010781,14:15:08.324667,8.324666667
0.072848,0.007954,1.015949,14:15:08.325333,8.325333333
0.061524,0.038340,1.016584,14:15:08.326000,8.326000000
0.152985,0.124540,1.039914,14:15:08.326667,8.326666667
0.191779,0.116774,1.075516,14:15:08.327333,8.327333333
0.059070,-0.007430,1.006123,14:15:08.328000,8.328000000
0.005607,-0.028850,0.953684,14:15:08.328667,8.328666667
0.049432,-0.013708,0.983521,14:15:08.329333,8.329333333
0.096619,0.034059,0.991232,14:15:08.330000,8.330000000
0.089151,0.006696,0.960121,14:15:08.330667,8.330666667
-0.001329,-0.044171,0.948151,14:15:08.331333,8.331333333
-0.017687,-0.060602,0.939799,14:15:08.332000,8.332000000
0.021760,-0.049677,0.927540,14:15:08.332667,8.332666667
0.007648,-0.009238,0.940534,14:15:08.333333,8.333333333
-0.038894,-0.015813,0.958273,14:15:08.334000,8.334000000
-0.017116,-0.041632,0.965244,14:15:08.334667,8.334666667
-0.011171,-0.026800,0.989833,14:15:08.335333,8.335333333
-0.001653,0.027788,0.982957,14:15:08.336000,8.336000000
-0.009653,-0.027394,0.994097,14:15:08.336667,8.336666667
0.153544,0.081811,1.034449,14:15:08.337333,8.337333333
0.116259,0.066258,1.022413,14:15:08.338000,8.338000000
-0.050376,-0.022457,0.955447,14:15:08.338667,8.338666667
-0.028672,-0.045634,0.958447,14:15:08.339333,8.339333333
0.032397,-0.020759,1.000857,14:15:08.340000,8.340000000
0.051551,-0.022689,1.018067,14:15:08.340667,8.340666667
-0.001392,-0.053552,0.974656,14:15:08.341333,8.341333333
-0.072542,-0.080684,0.940178,14:15:08.342000,8.342000000
-0.110950,-0.113713,0.949797,14:15:08.342667,8.342666667
-0.053612,-0.056197,0.965404,14:15:08.343333,8.343333333
-0.102743,-0.077163,0.964394,14:15:08.344000,8.344000000
-0.102795,-0.080162,0.964173,14:15:08.344667,8.344666667
-0.127979,-0.083807,1.006121,14:15:08.345333,8.345333333
-0.116738,-0.053517,0.977474,14:15:08.346000,8.346000000
-0.078487,-0.074773,1.010878,14:15:08.346667,8.346666667
-0.076054,-0.033094,1.008328,14:15:08.347333,8.347333333
0.028310,0.041068,1.090101,14:15:08.348000,8.348000000
0.013389,0.004129,1.035453,14:15:08.348667,8.348666667
-0.107212,-0.063803,1.016980,14:15:08.349333,8.349333333
-0.138719,-0.082169,0.970147,14:15:08.350000,8.350000000
-0.054027,0.024805,0.993852,14:15:08.350667,8.350666667
-0.006362,0.028036,1.026210,14:15:08.351333,8.351333333
-0.071658,-0.015497,1.011342,14:15:08.352000,8.352000000
-0.122167,-0.020125,0.987394,14:15:08.352667,8.352666667
-0.088063,0.002733,0.966297,14:15:08.353333,8.353333333
-0.064533,-0.016823,1.006418,14:15:08.354000,8.354000000
-0.070143,0.016947,1.004904,14:15:08.354667,8.354666667
-0.074488,0.010171,1.002155,14:15:08.355333,8.355333333
-0.047256,0.013605,0.998165,14:15:08.356000,8.356000000
-0.034306,0.037853,1.028949,14:15:08.356667,8.356666667
0.038406,0.066589,1.065919,14:15:08.357333,8.357333333
0.079333,0.094510,1.049404,14:15:08.358000,8.358000000
0.192946,0.190268,1.135185,14:15:08.358667,8.358666667
0.098002,0.149960,1.086727,14:15:08.359333,8.359333333
0.017870,0.031168,1.045575,14:15:08.360000,8.360000000
0.062522,0.056760,1.045579,14:15:08.360667,8.360666667
0.122826,0.115878,1.055478,14:15:08.361333,8.361333333
0.150510,0.117445,1.037676,14:15:08.362000,8.362000000
0.092308,0.025720,1.015777,14:15:08.362667,8.362666667
0.042476,-0.002503,1.008169,14:15:08.363333,8.363333333
0.090417,0.033760,1.016604,14:15:08.364000,8.364000000
0.056422,0.023557,1.022409,14:15:08.364667,8.364666667
0.023827,0.024003,1.017522,14:15:08.365333,8.365333333
0.037762,0.018298,1.017027,14:15:08.366000,8.366000000
0.037233,0.013772,1.013339,14:15:08.366667,8.366666667
0.034200,0.030029,1.005692,14:15:08.367333,8.367333333
0.042508,0.033615,1.029985,14:15:08.368000,8.368000000
0.127702,0.083808,1.053197,14:15:08.368667,8.368666667
0.193501,0.124832,1.100535,14:15:08.369333,8.369333333
0.103410,0.021096,1.015488,14:15:08.370000,8.370000000
-0.003058,-0.032887,0.950373,14:15:08.370667,8.370666667
0.036666,0.003970,0.988773,14:15:08.371333,8.371333333
0.118053,0.032538,0.993327,14:15:08.372000,8.372000000
0.109003,0.008036,0.972135,14:15:08.372667,8.372666667
0.013582,-0.018338,0.953751,14:15:08.373333,8.373333333
0.011685,-0.070197,0.956662,14:15:08.374000,8.374000000
-0.025727,-0.068300,0.914625,14:15:08.374667,8.374666667
0.020011,-0.040905,0.970427,14:15:08.375333,8.375333333
-0.044712,-0.034704,0.932411,14:15:08.376000,8.376000000
-0.062595,-0.039157,0.948748,14:15:08.376667,8.376666667
-0.045766,-0.038211,0.956907,14:15:08.377333,8.377333333
-0.000465,-0.014491,0.995840,14:15:08.378000,8.378000000
0.003105,0.006847,0.988711,14:15:08.378667,8.378666667
0.149284,0.085486,1.054646,14:15:08.379333,8.379333333
0.134081,0.084971,1.069471,14:15:08.380000,8.380000000
-0.023289,-0.019687,0.990329,14:15:08.380667,8.380666667
-0.037563,-0.068197,0.924408,14:15:08.381333,8.381333333
0.021765,-0.004724,0.990739,14:15:08.382000,8.382000000
0.045743,0.010764,0.999937,14:15:08.382667,8.382666667
0.023183,-0.063948,0.970219,14:15:08.383333,8.383333333
-0.017311,-0.069096,0.964600,14:15:08.384000,8.384000000
-0.090328,-0.099743,0.961256,14:15:08.384667,8.384666667
-0.081649,-0.081624,0.947461,14:15:08.385333,8.385333333
-0.125980,-0.057351,0.995723,14:15:08.386000,8.386000000
-0.119994,-0.083097,0.963422,14:15:08.386667,8.386666667
-0.099385,-0.085457,0.977853,14:15:08.387333,8.387333333
-0.108050,-0.083946,0.986838,14:15:08.388000,8.388000000
-0.076181,-0.061602,0.986528,14:15:08.388667,8.388666667
-0.027762,-0.062572,1.015873,14:15:08.389333,8.389333333
0.053501,0.032073,1.042349,14:15:08.390000,8.390000000
0.033262,0.045840,1.032831,14:15:08.390667,8.390666667
-0.121121,-0.038599,0.982738,14:15:08.391333,8.391333333
-0.135583,-0.060237,0.981830,14:15:08.392000,8.392000000
-0.060545,-0.025324,1.017818,14:15:08.392667,8.392666667
-0.018008,-0.015736,1.032015,14:15:08.393333,8.393333333
-0.030076,-0.003816,0.992563,14:15:08.394000,8.394000000
-0.101098,-0.059807,0.991647,14:15:08.394667,8.394666667
-0.104674,-0.022654,0.987613,14:15:08.395333,8.395333333
-0.114804,-0.014031,0.996783,14:15:08.396000,8.396000000
-0.070548,0.010746,1.022670,14:15:08.396667,8.396666667
-0.081440,0.004652,1.031421,14:15:08.397333,8.397333333
-0.099830,0.010928,1.031474,14:15:08.398000,8.398000000
-0.020471,0.035143,1.035483,14:15:08.398667,8.398666667
0.020741,0.052078,1.042476,14:15:08.399333,8.399333333
-0.002412,0.086144,1.059412,14:15:08.400000,8.400000000
0.166575,0.189915,1.111328,14:15:08.400667,8.400666667
0.096800,0.120830,1.088332,14:15:08.401333,8.401333333
-0.006128,0.062440,1.020191,14:15:08.402000,8.402000000
-0.004701,0.064460,1.038676,14:15:08.402667,8.402666667
0.119198,0.122932,1.068817,14:15:08.403333,8.403333333
0.120896,0.138053,1.068780,14:15:08.404000,8.404000000
0.055598,0.098669,1.037081,14:15:08.404667,8.404666667
0.074044,0.074232,0.994059,14:15:08.405333,8.405333333
0.064177,0.030511,1.006014,14:15:08.406000,8.406000000
0.079774,0.046181,1.018445,14:15:08.406667,8.406666667
0.035093,0.042056,1.027561,14:15:08.407333,8.407333333
0.037101,0.026746,1.027362,14:15:08.408000,8.408000000
0.014125,0.036947,0.979561,14:15:08.408667,8.408666667
0.042030,0.028168,1.020167,14:15:08.409333,8.409333333
0.087958,0.041409,1.045555,14:15:08.410000,8.410000000
0.104732,0.050842,1.069586,14:15:08.410667,8.410666667
0.233975,0.129569,1.096171,14:15:08.411333,8.411333333
0.117361,0.063255,1.011584,14:15:08.412000,8.412000000
0.036125,-0.050144,0.993630,14:15:08.412667,8.412666667
0.037653,-0.013373,0.982063,14:15:08.413333,8.413333333
0.110364,0.014717,0.984507,14:15:08.414000,8.414000000
0.082094,0.032668,1.011825,14:15:08.414667,8.414666667
0.014857,-0.006253,0.957485,14:15:08.415333,8.415333333
-0.015963,-0.034278,0.929627,14:15:08.416000,8.416000000
0.004747,-0.024282,0.954113,14:15:08.416667,8.416666667
-0.002748,-0.063581,0.965259,14:15:08.417333,8.417333333
0.006697,-0.022223,0.967908,14:15:08.418000,8.418000000
-0.061235,-0.044496,0.963041,14:15:08.418667,8.418666667
0.011151,-0.034645,0.922182,14:15:08.419333,8.419333333
0.007237,-0.017397,0.959067,14:15:08.420000,8.420000000
0.036495,0.009287,1.001188,14:15:08.420667,8.420666667
0.103192,0.059476,1.014211,14:15:08.421333,8.421333333
0.151014,0.068518,1.032889,14:15:08.422000,8.422000000
-0.004216,0.035075,1.007733,14:15:08.422667,8.422666667
-0.032155,-0.097203,0.937585,14:15:08.423333,8.423333333
0.029891,-0.011974,0.976909,14:15:08.424000,8.424000000
0.065333,-0.002803,0.981694,14:15:08.424667,8.424666667
0.024059,-0.016233,0.982657,14:15:08.425333,8.425333333
-0.071842,-0.081687,0.936431,14:15:08.426000,8.426000000
-0.075555,-0.088328,0.943204,14:15:08.426667,8.426666667
-0.067017,-0.082921,0.990473,14:15:08.427333,8.427333333
-0.057491,-0.062688,0.977596,14:15:08.428000,8.428000000
-0.092648,-0.072672,0.961741,14:15:08.428667,8.428666667
-0.106434,-0.104127,0.980300,14:15:08.429333,8.429333333
-0.092585,-0.067868,0.987694,14:15:08.430000,8.430000000
-0.100133,-0.081583,0.978683,14:15:08.430667,8.430666667
-0.094981,-0.035961,1.012308,14:15:08.431333,8.431333333
0.058227,0.028596,1.062713,14:15:08.432000,8.432000000
0.042828,0.033267,1.051549,14:15:08.432667,8.432666667
-0.096040,-0.032334,1.000686,14:15:08.433333,8.433333333
-0.150814,-0.100302,0.969990,14:15:08.434000,8.434000000
-0.070903,-0.022309,1.012364,14:15:08.434667,8.434666667
-0.049707,-0.024979,1.029487,14:15:08.435333,8.435333333
-0.078142,-0.012336,0.994111,14:15:08.436000,8.436000000
-0.112840,-0.060823,0.964700,14:15:08.436667,8.436666667
-0.127585,-0.074002,0.966680,14:15:08.437333,8.437333333
-0.089282,-0.025832,1.013157,14:15:08.438000,8.438000000
-0.069421,-0.013632,1.012732,14:15:08.438667,8.438666667
-0.096866,0.011141,1.018381,14:15:08.439333,8.439333333
-0.072612,0.008845,1.015205,14:15:08.440000,8.440000000
-0.064091,0.015548,1.020808,14:15:08.440667,8.440666667
-0.026562,0.031517,1.034767,14:15:08.441333,8.441333333
0.020634,0.085932,1.051949,14:15:08.442000,8.442000000
0.160238,0.185670,1.103990,14:15:08.442667,8.442666667
0.147677,0.114619,1.091421,14:15:08.443333,8.443333333
-0.006344,0.032867,1.020996,14:15:08.444000,8.444000000
0.006773,0.031590,1.001281,14:15:08.444667,8.444666667
0.097680,0.100347,1.044447,14:15:08.445333,8.445333333
0.138263,0.099879,1.059207,14:15:08.446000,8.446000000
0.082799,0.073358,1.042597,14:15:08.446667,8.446666667
0.040334,0.050024,1.019215,14:15:08.447333,8.447333333
0.049628,0.037859,1.018293,14:15:08.448000,8.448000000
0.086122,0.038278,1.021168,14:15:08.448667,8.448666667
0.062940,0.038264,1.006930,14:15:08.449333,8.449333333
0.056147,0.047443,1.006483,14:15:08.450000,8.450000000
0.040471,0.029814,1.020784,14:15:08.450667,8.450666667
0.036898,0.030138,1.052060,14:15:08.451333,8.451333333
0.062283,0.052706,1.041052,14:15:08.452000,8.452000000
0.083299,0.030184,1.023752,14:15:08.452667,8.452666667
0.241492,0.139015,1.088729,14:15:08.453333,8.453333333
0.136926,0.080898,1.044356,14:15:08.454000,8.454000000
0.064828,-0.029239,0.974335,14:15:08.454667,8.454666667
0.042547,-0.029632,0.987430,14:15:08.455333,8.455333333
0.112043,0.047956,0.973813,14:15:08.456000,8.456000000
0.125590,0.045418,0.985645,14:15:08.456667,8.456666667
0.053052,-0.000140,0.983102,14:15:08.457333,8.457333333
-0.021403,-0.027799,0.953755,14:15:08.458000,8.458000000
0.010348,-0.033903,0.959596,14:15:08.458667,8.458666667
0.016058,-0.039146,0.938183,14:15:08.459333,8.459333333
-0.004447,-0.037655,0.930565,14:15:08.460000,8.460000000
-0.015422,-0.065728,0.935818,14:15:08.460667,8.460666667
-0.028901,-0.051862,0.972067,14:15:08.461333,8.461333333
-0.018871,-0.006677,0.973583,14:15:08.462000,8.462000000
0.052803,-0.016186,0.975960,14:15:08.462667,8.462666667
0.117002,0.037703,1.025353,14:15:08.463333,8.463333333
0.194157,0.103442,1.077829,14:15:08.464000,8.464000000
0.050527,0.022720,1.009063,14:15:08.464667,8.464666667
-0.037208,-0.072152,0.962398,14:15:08.465333,8.465333333
-0.019374,-0.043679,0.973504,14:15:08.466000,8.466000000
0.114272,0.007053,0.980440,14:15:08.466667,8.466666667
0.056107,0.010839,0.991716,14:15:08.467333,8.467333333
-0.034240,-0.051116,0.936456,14:15:08.468000,8.468000000
-0.052832,-0.110558,0.952560,14:15:08.468667,8.468666667
-0.091589,-0.087437,0.969761,14:15:08.469333,8.469333333
-0.079027,-0.045211,0.982079,14:15:08.470000,8.470000000
-0.068996,-0.073699,0.975065,14:15:08.470667,8.470666667
-0.086638,-0.106123,0.992017,14:15:08.471333,8.471333333
-0.091789,-0.083325,0.976883,14:15:08.472000,8.472000000
-0.070773,-0.085713,1.012947,14:15:08.472667,8.472666667
-0.069073,-0.066918,0.990748,14:15:08.473333,8.473333333
0.042890,0.017911,1.052189,14:15:08.474000,8.474000000
0.031932,0.069708,1.056554,14:15:08.474667,8.474666667
-0.080517,-0.029960,1.028514,14:15:08.475333,8.475333333
-0.146396,-0.106009,0.970802,14:15:08.476000,8.476000000
-0.090314,-0.059656,0.974440,14:15:08.476667,8.476666667
0.017759,0.026213,1.022141,14:15:08.477333,8.477333333
-0.059534,-0.028859,1.001197,14:15:08.478000,8.478000000
-0.080147,-0.058514,0.986592,14:15:08.478667,8.478666667
-0.130517,-0.043723,0.989333,14:15:08.479333,8.479333333
-0.129955,-0.045387,0.986674,14:15:08.480000,8.480000000
-0.112574,-0.013084,0.968957,14:15:08.480667,8.480666667
-0.124379,-0.053491,0.999320,14:15:08.481333,8.481333333
-0.101972,-0.014599,0.998235,14:15:08.482000,8.482000000
-0.126504,-0.019469,1.006675,14:15:08.482667,8.482666667
-0.057312,0.036285,1.047586,14:15:08.483333,8.483333333
-0.030151,0.076114,1.035577,14:15:08.484000,8.484000000
0.164220,0.138276,1.100460,14:15:08.484667,8.484666667
0.090935,0.135401,1.079542,14:15:08.485333,8.485333333
0.001387,0.053103,1.024011,14:15:08.486000,8.486000000
-0.014290,0.025269,1.032284,14:15:08.486667,8.486666667
0.064084,0.047331,1.064274,14:15:08.487333,8.487333333
0.130047,0.108879,1.042572,14:15:08.488000,8.488000000
0.089189,0.083257,1.029088,14:15:08.488667,8.488666667
0.034195,0.032319,0.999295,14:15:08.489333,8.489333333
0.025001,0.007102,1.000656,14:15:08.490000,8.490000000
0.071689,0.044463,1.029692,14:15:08.490667,8.490666667
0.087029,0.013407,1.011973,14:15:08.491333,8.491333333
0.033923,0.058868,1.034118,14:15:08.492000,8.492000000
0.016908,0.036145,1.030740,14:15:08.492667,8.492666667
0.045952,0.040909,1.030197,14:15:08.493333,8.493333333
0.075391,0.034876,1.022433,14:15:08.494000,8.494000000
0.068917,0.056150,1.074194,14:15:08.494667,8.494666667
0.210293,0.167620,1.087852,14:15:08.495333,8.495333333
0.169474,0.084355,1.077255,14:15:08.496000,8.496000000
0.028238,0.004407,1.016895,14:15:08.496667,8.496666667
0.055434,-0.011223,0.983974,14:15:08.497333,8.497333333
0.135585,0.070478,1.009072,14:15:08.498000,8.498000000
0.135646,0.058354,0.991289,14:15:08.498667,8.498666667
0.090811,0.022210,0.973842,14:15:08.499333,8.499333333
-0.002825,-0.034127,0.935498,14:15:08.500000,8.500000000
-0.016363,-0.053995,0.949763,14:15:08.500667,8.500666667
0.002839,-0.044272,0.986512,14:15:08.501333,8.501333333
-0.010886,-0.041377,0.988359,14:15:08.502000,8.502000000
-0.000256,-0.021529,0.953011,14:15:08.502667,8.502666667
-0.029822,-0.036920,0.974184,14:15:08.503333,8.503333333
-0.008652,-0.005859,0.961905,14:15:08.504000,8.504000000
0.033093,0.016907,0.992692,14:15:08.504667,8.504666667
0.060372,-0.011017,0.975472,14:15:08.505333,8.505333333
0.142490,0.078071,1.058868,14:15:08.506000,8.506000000
0.094762,0.041189,1.021741,14:15:08.506667,8.506666667
-0.040189,-0.046171,0.911063,14:15:08.507333,8.507333333
0.018220,-0.037753,0.956340,14:15:08.508000,8.508000000
0.059291,0.015762,1.005276,14:15:08.508667,8.508666667
0.072988,0.015126,0.967536,14:15:08.509333,8.509333333
0.002791,-0.040026,0.953785,14:15:08.510000,8.510000000
-0.033809,-0.089908,0.944381,14:15:08.510667,8.510666667
-0.068483,-0.073624,0.958739,14:15:08.511333,8.511333333
-0.060983,-0.049737,0.996775,14:15:08.512000,8.512000000
-0.074166,-0.086312,0.951658,14:15:08.512667,8.512666667
-0.073054,-0.079426,0.960802,14:15:08.513333,8.513333333
-0.087716,-0.085835,0.984982,14:15:08.514000,8.514000000
-0.061282,-0.028849,1.001908,14:15:08.514667,8.514666667
-0.076932,-0.051551,0.992746,14:15:08.515333,8.515333333
-0.021676,0.024342,1.023240,14:15:08.516000,8.516000000
0.089312,0.067106,1.060230,14:15:08.516667,8.516666667
-0.054443,-0.031876,1.003892,14:15:08.517333,8.517333333
-0.144283,-0.082821,0.984329,14:15:08.518000,8.518000000
-0.082710,-0.076000,0.981412,14:15:08.518667,8.518666667
-0.062630,-0.006255,1.008364,14:15:08.519333,8.519333333
-0.041139,-0.018778,1.014560,14:15:08.520000,8.520000000
-0.129901,-0.063800,0.981016,14:15:08.520667,8.520666667
-0.195307,-0.122233,0.959256,14:15:08.521333,8.521333333
-0.122965,-0.051969,0.971697,14:15:08.522000,8.522000000
-0.092424,-0.024276,1.010964,14:15:08.522667,8.522666667
-0.099865,-0.022875,0.990380,14:15:08.523333,8.523333333
-0.113164,-0.042894,0.961719,14:15:08.524000,8.524000000
-0.114741,0.021655,1.000732,14:15:08.524667,8.524666667
-0.080823,0.032290,1.023549,14:15:08.525333,8.525333333
-0.052712,0.061482,1.040542,14:15:08.526000,8.526000000
0.083735,0.125284,1.094158,14:15:08.526667,8.526666667
0.118236,0.159882,1.116531,14:15:08.527333,8.527333333
0.007944,0.073224,1.055682,14:15:08.528000,8.528000000
-0.049422,0.022082,1.019967,14:15:08.528667,8.528666667
0.008088,0.037297,1.011537,14:15:08.529333,8.529333333
0.083514,0.088888,1.059603,14:15:08.530000,8.530000000
0.093335,0.102263,1.039183,14:15:08.530667,8.530666667
0.037179,0.052413,0.998455,14:15:08.531333,8.531333333
0.026387,0.011903,1.018642,14:15:08.532000,8.532000000
0.022762,0.027846,1.028945,14:15:08.532667,8.532666667
0.078558,0.062087,1.048277,14:15:08.533333,8.533333333
0.021374,0.037830,1.053278,14:15:08.534000,8.534000000
0.043474,0.066286,1.024552,14:15:08.534667,8.534666667
0.016501,0.051872,1.022875,14:15:08.535333,8.535333333
0.086299,0.055835,1.044916,14:15:08.536000,8.536000000
0.119733,0.090111,1.018816,14:15:08.536667,8.536666667
0.227771,0.159361,1.120738,14:15:08.537333,8.537333333
0.209172,0.110318,1.083047,14:15:08.538000,8.538000000
0.044135,0.044091,1.006192,14:15:08.538667,8.538666667
0.017663,-0.030230,0.957650,14:15:08.539333,8.539333333
0.082921,0.003765,1.000573,14:15:08.540000,8.540000000
0.110564,0.027362,1.028926,14:15:08.540667,8.540666667
0.105138,0.012731,1.003845,14:15:08.541333,8.541333333
0.037382,-0.028746,0.946101,14:15:08.542000,8.542000000
0.023680,-0.020803,0.971443,14:15:08.542667,8.542666667
0.037725,-0.012694,0.974328,14:15:08.543333,8.543333333
0.005669,-0.003131,0.941795,14:15:08.544000,8.544000000
0.003016,-0.045540,0.936441,14:15:08.544667,8.544666667
-0.028564,-0.020553,0.986615,14:15:08.545333,8.545333333
0.009570,-0.002281,0.947248,14:15:08.546000,8.546000000
0.020164,-0.006465,0.960260,14:15:08.546667,8.546666667
0.008507,0.021806,0.985395,14:15:08.547333,8.547333333
0.152039,0.090120,1.063879,14:15:08.548000,8.548000000
0.110491,0.055218,0.989252,14:15:08.548667,8.548666667
-0.004900,-0.050422,0.968494,14:15:08.549333,8.549333333
-0.014925,-0.036648,0.945101,14:15:08.550000,8.550000000
0.059489,0.017163,1.019430,14:15:08.550667,8.550666667
0.094598,0.012340,0.996770,14:15:08.551333,8.551333333
0.011241,-0.038359,0.960274,14:15:08.552000,8.552000000
-0.032592,-0.097853,0.946233,14:15:08.552667,8.552666667
-0.015103,-0.096323,0.973422,14:15:08.553333,8.553333333
-0.030886,-0.031820,0.975385,14:15:08.554000,8.554000000
-0.029354,-0.066519,0.956252,14:15:08.554667,8.554666667
-0.107865,-0.088766,0.979313,14:15:08.555333,8.555333333
-0.099093,-0.078708,0.968416,14:15:08.556000,8.556000000
-0.046657,-0.057271,0.988792,14:15:08.556667,8.556666667
-0.039320,-0.027714,0.997800,14:15:08.557333,8.557333333
-0.017435,-0.008405,1.010079,14:15:08.558000,8.558000000
0.089473,0.054684,1.079194,14:15:08.558667,8.558666667
0.001649,-0.027736,1.002228,14:15:08.559333,8.559333333
-0.122936,-0.065804,1.003064,14:15:08.560000,8.560000000
-0.111244,-0.057266,0.993742,14:15:08.560667,8.560666667
-0.047982,-0.023975,1.008721,14:15:08.561333,8.561333333
-0.005926,-0.029826,0.990059,14:15:08.562000,8.562000000
-0.091013,-0.075176,0.995716,14:15:08.562667,8.562666667
-0.147066,-0.104493,0.941338,14:15:08.563333,8.563333333
-0.124057,-0.081545,0.978004,14:15:08.564000,8.564000000
-0.114038,-0.031467,0.981814,14:15:08.564667,8.564666667
-0.113359,-0.029059,0.995843,14:15:08.565333,8.565333333
-0.154550,-0.054021,1.014125,14:15:08.566000,8.566000000
-0.146046,-0.026225,1.011627,14:15:08.566667,8.566666667
-0.105614,-0.015446,1.054294,14:15:08.567333,8.567333333
-0.035649,0.045918,1.030551,14:15:08.568000,8.568000000
0.043853,0.132183,1.079404,14:15:08.568667,8.568666667
0.100363,0.139368,1.101640,14:15:08.569333,8.569333333
-0.008243,0.075097,1.067940,14:15:08.570000,8.570000000
-0.073649,0.007884,0.986060,14:15:08.570667,8.570666667
-0.000869,0.070617,1.039317,14:15:08.571333,8.571333333
0.087844,0.110127,1.037687,14:15:08.572000,8.572000000
0.067798,0.079460,1.056144,14:15:08.572667,8.572666667
0.019899,0.052630,1.008026,14:15:08.573333,8.573333333
0.030863,0.031747,1.004275,14:15:08.574000,8.574000000
0.015630,0.021194,1.004236,14:15:08.574667,8.574666667
0.030467,0.060523,1.015295,14:15:08.575333,8.575333333
0.039911,0.051619,1.044880,14:15:08.576000,8.576000000
0.028509,0.018998,1.037069,14:15:08.576667,8.576666667
0.013780,0.052948,1.048637,14:15:08.577333,8.577333333
0.088963,0.073040,1.037729,14:15:08.578000,8.578000000
0.076846,0.066819,1.071317,14:15:08.578667,8.578666667
0.224347,0.133464,1.094608,14:15:08.579333,8.579333333
0.219160,0.136633,1.116307,14:15:08.580000,8.580000000
0.065643,0.044278,1.027456,14:15:08.580667,8.580666667
0.029847,-0.013582,0.991341,14:15:08.581333,8.581333333
0.079257,0.041744,1.051128,14:15:08.582000,8.582000000
0.181463,0.049466,1.035356,14:15:08.582667,8.582666667
0.073810,0.028750,0.996770,14:15:08.583333,8.583333333
0.026926,-0.006577,0.978181,14:15:08.584000,8.584000000
0.033907,-0.021119,0.961182,14:15:08.584667,8.584666667
0.027757,-0.015547,0.942686,14:15:08.585333,8.585333333
0.020873,-0.011116,0.936035,14:15:08.586000,8.586000000
-0.017491,-0.031015,0.989343,14:15:08.586667,8.586666667
-0.008869,-0.029166,0.962987,14:15:08.587333,8.587333333
0.023583,-0.007181,0.945521,14:15:08.588000,8.588000000
0.025725,-0.023799,0.981551,14:15:08.588667,8.588666667
-0.001868,0.019089,0.985017,14:15:08.589333,8.589333333
0.135127,0.100804,1.057707,14:15:08.590000,8.590000000
0.129667,0.089258,1.020769,14:15:08.590667,8.590666667
-0.004177,-0.058587,0.959988,14:15:08.591333,8.591333333
-0.029990,-0.042922,0.941604,14:15:08.592000,8.592000000
0.074617,-0.009430,0.983617,14:15:08.592667,8.592666667
0.109493,0.042136,0.980166,14:15:08.593333,8.593333333
0.053651,-0.031077,0.964919,14:15:08.594000,8.594000000
-0.037962,-0.062164,0.940187,14:15:08.594667,8.594666667
-0.052473,-0.031627,0.958806,14:15:08.595333,8.595333333
-0.036958,-0.052345,0.966753,14:15:08.596000,8.596000000
-0.044894,-0.054435,0.970343,14:15:08.596667,8.596666667
-0.055532,-0.059935,0.968164,14:15:08.597333,8.597333333
-0.078022,-0.075571,0.953651,14:15:08.598000,8.598000000
-0.067316,-0.066379,0.992095,14:15:08.598667,8.598666667
-0.048471,-0.012364,0.980978,14:15:08.599333,8.599333333
-0.044659,-0.032548,1.026878,14:15:08.600000,8.600000000
0.115468,0.080898,1.070077,14:15:08.600667,8.600666667
0.027215,0.014195,1.021765,14:15:08.601333,8.601333333
-0.122414,-0.048850,0.985164,14:15:08.602000,8.602000000
-0.091988,-0.075976,0.939899,14:15:08.602667,8.602666667
-0.056314,-0.024170,0.996826,14:15:08.603333,8.603333333
-0.031383,0.003134,1.001653,14:15:08.604000,8.604000000
-0.103351,-0.070326,0.944314,14:15:08.604667,8.604666667
-0.152999,-0.083692,0.983737,14:15:08.605333,8.605333333
-0.109727,-0.093861,0.973152,14:15:08.606000,8.606000000
-0.100862,-0.046092,0.951308,14:15:08.606667,8.606666667
-0.105417,-0.053530,0.996017,14:15:08.607333,8.607333333
-0.127989,-0.034905,0.989029,14:15:08.608000,8.608000000
-0.182028,-0.051457,0.995526,14:15:08.608667,8.608666667
-0.097427,0.002951,1.010837,14:15:08.609333,8.609333333
-0.081956,-0.004642,1.024906,14:15:08.610000,8.610000000
0.029928,0.052810,1.051176,14:15:08.610667,8.610666667
0.113062,0.123598,1.089423,14:15:08.611333,8.611333333
0.018637,0.063991,1.037184,14:15:08.612000,8.612000000
-0.057184,0.010226,1.006326,14:15:08.612667,8.612666667
-0.021341,0.020640,1.040628,14:15:08.613333,8.613333333
0.075197,0.113934,1.053105,14:15:08.614000,8.614000000
0.101187,0.101772,1.072281,14:15:08.614667,8.614666667
0.032922,0.019770,1.024637,14:15:08.615333,8.615333333
0.020581,0.009225,1.001675,14:15:08.616000,8.616000000
0.018575,0.023726,1.013745,14:15:08.616667,8.616666667
0.052160,0.051299,1.052162,14:15:08.617333,8.617333333
-0.004064,0.070269,1.062410,14:15:08.618000,8.618000000
0.025122,0.029846,1.007989,14:15:08.618667,8.618666667
0.000117,0.070212,1.018332,14:15:08.619333,8.619333333
0.092368,0.067608,1.047855,14:15:08.620000,8.620000000
0.082311,0.076819,1.067480,14:15:08.620667,8.620666667
0.186530,0.116703,1.079483,14:15:08.621333,8.621333333
0.257748,0.147565,1.088448,14:15:08.622000,8.622000000
0.109736,0.050648,1.006811,14:15:08.622667,8.622666667
0.017871,-0.003720,1.013048,14:15:08.623333,8.623333333
0.084342,0.034683,0.974747,14:15:08.624000,8.624000000
0.179368,0.045902,1.043829,14:15:08.624667,8.624666667
0.115497,0.057822,1.038227,14:15:08.625333,8.625333333
0.046748,-0.005564,0.970582,14:15:08.626000,8.626000000
0.044861,-0.047460,0.944450,14:15:08.626667,8.626666667
0.018410,-0.039390,0.968777,14:15:08.627333,8.627333333
0.026895,0.010364,0.974797,14:15:08.628000,8.628000000
0.007141,-0.013620,0.974312,14:15:08.628667,8.628666667
-0.003254,-0.006411,0.991140,14:15:08.629333,8.629333333
-0.002210,-0.009362,0.949533,14:15:08.630000,8.630000000
0.018834,0.031124,0.972769,14:15:08.630667,8.630666667
0.006636,0.024784,1.009194,14:15:08.631333,8.631333333
0.177168,0.087412,1.031660,14:15:08.632000,8.632000000
0.159604,0.089772,1.035340,14:15:08.632667,8.632666667
0.003277,-0.030437,0.972788,14:15:08.633333,8.633333333
-0.040335,-0.040677,0.973325,14:15:08.634000,8.634000000
0.055161,0.000347,0.976675,14:15:08.634667,8.634666667
0.096594,0.007977,0.999566,14:15:08.635333,8.635333333
0.050116,0.002961,0.989776,14:15:08.636000,8.636000000
-0.034223,-0.052156,0.944935,14:15:08.636667,8.636666667
-0.041023,-0.104140,0.929244,14:15:08.637333,8.637333333
0.001480,-0.053915,0.973983,14:15:08.638000,8.638000000
-0.045814,-0.023628,0.962723,14:15:08.638667,8.638666667
-0.026779,-0.061422,0.983675,14:15:08.639333,8.639333333
-0.084761,-0.058744,0.961172,14:15:08.640000,8.640000000
-0.071651,-0.043485,0.996329,14:15:08.640667,8.640666667
-0.026944,-0.048792,0.996211,14:15:08.641333,8.641333333
-0.035175,-0.011281,1.003407,14:15:08.642000,8.642000000
0.103992,0.055473,1.043961,14:15:08.642667,8.642666667
0.073666,0.048754,1.049590,14:15:08.643333,8.643333333
-0.099482,-0.077721,0.994169,14:15:08.644000,8.644000000
-0.138385,-0.047208,0.953498,14:15:08.644667,8.644666667
-0.000238,-0.033594,0.975417,14:15:08.645333,8.645333333
-0.013168,0.012033,1.019802,14:15:08.646000,8.646000000
-0.098865,-0.049541,0.982233,14:15:08.646667,8.646666667
-0.152135,-0.082840,0.966191,14:15:08.647333,8.647333333
-0.149166,-0.078582,0.965945,14:15:08.648000,8.648000000
-0.127784,-0.039527,0.984984,14:15:08.648667,8.648666667
-0.123314,-0.068683,0.985283,14:15:08.649333,8.649333333
-0.120029,-0.049840,0.976283,14:15:08.650000,8.650000000
-0.150665,-0.061104,0.973084,14:15:08.650667,8.650666667
-0.126123,-0.019887,1.025303,14:15:08.651333,8.651333333
-0.092511,0.023685,1.017929,14:15:08.652000,8.652000000
-0.082054,-0.008642,1.032832,14:15:08.652667,8.652666667
0.110608,0.123852,1.088256,14:15:08.653333,8.653333333
-0.001925,0.069547,1.097460,14:15:08.654000,8.654000000
-0.084527,-0.022968,1.018435,14:15:08.654667,8.654666667
-0.048636,0.046332,1.023624,14:15:08.655333,8.655333333
0.053442,0.083151,1.037062,14:15:08.656000,8.656000000
0.060977,0.097910,1.046097,14:15:08.656667,8.656666667
0.031080,0.043930,1.036610,14:15:08.657333,8.657333333
-0.016730,-0.002265,1.016292,14:15:08.658000,8.658000000
-0.024167,0.032057,0.995614,14:15:08.658667,8.658666667
0.042244,0.033853,1.037791,14:15:08.659333,8.659333333
0.019438,0.055947,1.027533,14:15:08.660000,8.660000000
0.009657,0.037196,1.048830,14:15:08.660667,8.660666667
0.032589,0.044334,1.006881,14:15:08.661333,8.661333333
0.049866,0.060816,1.042299,14:15:08.662000,8.662000000
0.094165,0.056653,1.051980,14:15:08.662667,8.662666667
0.139813,0.109470,1.090810,14:15:08.663333,8.663333333
0.232704,0.166894,1.128380,14:15:08.664000,8.664000000
0.116190,0.099108,1.024386,14:15:08.664667,8.664666667
0.026109,0.007804,0.991888,14:15:08.665333,8.665333333
0.067137,0.022270,1.030611,14:15:08.666000,8.666000000
0.165187,0.100434,1.037202,14:15:08.666667,8.666666667
0.129907,0.048911,1.017006,14:15:08.667333,8.667333333
0.072987,-0.002881,0.966058,14:15:08.668000,8.668000000
-0.003845,-0.037225,0.980527,14:15:08.668667,8.668666667
0.038279,-0.031633,0.973465,14:15:08.669333,8.669333333
0.038276,-0.026220,0.975011,14:15:08.670000,8.670000000
0.015538,-0.036343,0.952010,14:15:08.670667,8.670666667
-0.000558,-0.009662,0.933758,14:15:08.671333,8.671333333
-0.042412,-0.026944,0.945530,14:15:08.672000,8.672000000
0.019431,-0.018061,0.984202,14:15:08.672667,8.672666667
0.034924,0.004132,0.967328,14:15:08.673333,8.673333333
0.122824,0.084366,1.014424,14:15:08.674000,8.674000000
0.152790,0.121646,1.019219,14:15:08.674667,8.674666667
0.021385,0.001533,0.983974,14:15:08.675333,8.675333333
-0.028951,-0.028103,0.903810,14:15:08.676000,8.676000000
0.059755,-0.005971,0.970260,14:15:08.676667,8.676666667
0.114269,0.031018,0.972446,14:15:08.677333,8.677333333
0.049834,0.025796,0.984832,14:15:08.678000,8.678000000
-0.011937,-0.035586,0.951451,14:15:08.678667,8.678666667
-0.048097,-0.090258,0.914834,14:15:08.679333,8.679333333
-0.017416,-0.037409,0.935293,14:15:08.680000,8.680000000
-0.033194,-0.064546,0.962457,14:15:08.680667,8.680666667
-0.034083,-0.075703,0.982215,14:15:08.681333,8.681333333
-0.054715,-0.056666,0.944779,14:15:08.682000,8.682000000
-0.055178,-0.069284,0.988664,14:15:08.682667,8.682666667
-0.051337,-0.041464,0.982728,14:15:08.683333,8.683333333
-0.030915,-0.043233,1.010804,14:15:08.684000,8.684000000
0.086257,0.030785,1.070153,14:15:08.684667,8.684666667
0.064347,0.032351,1.058414,14:15:08.685333,8.685333333
-0.056934,-0.046891,0.991519,14:15:08.686000,8.686000000
-0.096400,-0.064493,0.969198,14:15:08.686667,8.686666667
-0.060565,-0.035464,1.022565,14:15:08.687333,8.687333333
-0.013234,-0.008418,0.988217,14:15:08.688000,8.688000000
-0.061994,-0.018207,0.993526,14:15:08.688667,8.688666667
-0.119330,-0.098238,0.940308,14:15:08.689333,8.689333333
-0.101171,-0.078200,0.955574,14:15:08.690000,8.690000000
-0.112427,-0.045298,0.960315,14:15:08.690667,8.690666667
-0.131396,-0.043240,0.990714,14:15:08.691333,8.691333333
-0.149902,-0.107200,1.007373,14:15:08.692000,8.692000000
-0.158050,-0.084466,0.971556,14:15:08.692667,8.692666667
-0.150990,-0.044138,0.996479,14:15:08.693333,8.693333333
-0.092777,-0.023863,0.998803,14:15:08.694000,8.694000000
-0.060512,0.012859,1.037070,14:15:08.694667,8.694666667
0.079111,0.098922,1.072814,14:15:08.695333,8.695333333
0.038273,0.093898,1.051372,14:15:08.696000,8.696000000
-0.083086,0.039392,1.014566,14:15:08.696667,8.696666667
-0.051454,0.004710,1.008393,14:15:08.697333,8.697333333
0.019150,0.072216,1.033657,14:15:08.698000,8.698000000
0.073088,0.070219,1.051260,14:15:08.698667,8.698666667
-0.022157,0.046371,1.031957,14:15:08.699333,8.699333333
-0.041103,0.044160,0.988481,14:15:08.700000,8.700000000
-0.013120,0.029266,1.022942,14:15:08.700667,8.700666667
-0.007285,0.048844,1.015742,14:15:08.701333,8.701333333
0.043056,0.046944,1.016816,14:15:08.702000,8.702000000
0.001147,0.049310,1.026049,14:15:08.702667,8.702666667
-0.024398,0.048057,1.058896,14:15:08.703333,8.703333333
0.077050,0.064412,1.051984,14:15:08.704000,8.704000000
0.065363,0.086598,1.055794,14:15:08.704667,8.704666667
0.120490,0.112019,1.093836,14:15:08.705333,8.705333333
0.248890,0.187134,1.131156,14:15:08.706000,8.706000000
0.155129,0.121701,1.052255,14:15:08.706667,8.706666667
0.031344,0.033630,1.015256,14:15:08.707333,8.707333333
0.075135,0.013739,1.030800,14:15:08.708000,8.708000000
0.140597,0.060991,1.034865,14:15:08.708667,8.708666667
0.142923,0.082060,1.040402,14:15:08.709333,8.709333333
0.071455,0.057586,0.989972,14:15:08.710000,8.710000000
0.019728,-0.023781,0.952078,14:15:08.710667,8.710666667
-0.000836,0.016682,0.987673,14:15:08.711333,8.711333333
0.058830,-0.018369,0.998345,14:15:08.712000,8.712000000
0.045646,-0.008535,0.977862,14:15:08.712667,8.712666667
-0.004043,-0.022681,0.954323,14:15:08.713333,8.713333333
0.008425,-0.019288,0.995115,14:15:08.714000,8.714000000
0.032731,0.009245,0.971954,14:15:08.714667,8.714666667
0.035490,0.023099,1.045266,14:15:08.715333,8.715333333
0.103718,0.057698,0.998765,14:15:08.716000,8.716000000
0.195381,0.100318,1.052322,14:15:08.716667,8.716666667
0.070220,0.006475,0.986568,14:15:08.717333,8.717333333
-0.000517,-0.055701,0.918450,14:15:08.718000,8.718000000
0.012090,-0.024075,0.969898,14:15:08.718667,8.718666667
0.098555,0.010219,1.001398,14:15:08.719333,8.719333333
0.086651,0.013747,0.970392,14:15:08.720000,8.720000000
0.019431,-0.027124,0.940344,14:15:08.720667,8.720666667
-0.049500,-0.070450,0.948089,14:15:08.721333,8.721333333
-0.048983,-0.072578,0.946403,14:15:08.722000,8.722000000
0.022798,-0.016971,0.947032,14:15:08.722667,8.722666667
-0.044117,-0.028165,0.958180,14:15:08.723333,8.723333333
-0.037587,-0.063673,0.958384,14:15:08.724000,8.724000000
-0.037367,-0.054784,0.971384,14:15:08.724667,8.724666667
-0.054468,-0.022579,0.981631,14:15:08.725333,8.725333333
-0.003290,-0.004763,0.987852,14:15:08.726000,8.726000000
0.063962,0.039608,1.062552,14:15:08.726667,8.726666667
0.105291,0.046523,1.072146,14:15:08.727333,8.727333333
-0.014915,-0.034666,0.993411,14:15:08.728000,8.728000000
-0.081933,-0.088824,0.969107,14:15:08.728667,8.728666667
-0.025481,-0.045224,0.990927,14:15:08.729333,8.729333333
0.015448,0.001469,1.011506,14:15:08.730000,8.730000000
-0.033768,-0.044991,1.023515,14:15:08.730667,8.730666667
-0.112441,-0.090488,0.946309,14:15:08.731333,8.731333333
-0.142642,-0.097607,0.952068,14:15:08.732000,8.732000000
-0.115096,-0.081123,0.979791,14:15:08.732667,8.732666667
-0.103594,-0.088830,0.978549,14:15:08.733333,8.733333333
-0.136934,-0.042963,0.978464,14:15:08.734000,8.734000000
-0.159417,-0.072391,0.993006,14:15:08.734667,8.734666667
-0.143071,-0.058094,1.000452,14:15:08.735333,8.735333333
-0.075558,-0.026055,1.006832,14:15:08.736000,8.736000000
-0.049664,-0.018778,1.012384,14:15:08.736667,8.736666667
0.063186,0.068493,1.062084,14:15:08.737333,8.737333333
0.022674,0.098286,1.067496,14:15:08.738000,8.738000000
-0.072837,0.003712,1.001040,14:15:08.738667,8.738666667
-0.101089,-0.024382,0.975359,14:15:08.739333,8.739333333
-0.016601,0.028044,1.013144,14:15:08.740000,8.740000000
0.034115,0.093364,1.023998,14:15:08.740667,8.740666667
-0.005489,0.030737,1.036307,14:15:08.741333,8.741333333
-0.027031,-0.023273,1.009450,14:15:08.742000,8.742000000
-0.041885,0.013443,1.003228,14:15:08.742667,8.742666667
0.023909,0.013025,1.020589,14:15:08.743333,8.743333333
-0.019614,0.031581,1.051366,14:15:08.744000,8.744000000
0.031420,0.042705,1.024860,14:15:08.744667,8.744666667
-0.011194,0.043994,1.012774,14:15:08.745333,8.745333333
0.052823,0.060598,1.031705,14:15:08.746000,8.746000000
0.051152,0.088472,1.051190,14:15:08.746667,8.746666667
0.113044,0.105474,1.071985,14:15:08.747333,8.747333333
0.241234,0.190990,1.138446,14:15:08.748000,8.748000000
0.190735,0.126642,1.105692,14:15:08.748667,8.748666667
0.037340,0.049580,1.063779,14:15:08.749333,8.749333333
0.074651,0.013013,1.022024,14:15:08.750000,8.750000000
0.156758,0.101409,1.055633,14:15:08.750667,8.750666667
0.157351,0.061482,1.037193,14:15:08.751333,8.751333333
0.088541,-0.008095,1.015496,14:15:08.752000,8.752000000
0.014450,0.002571,0.979156,14:15:08.752667,8.752666667
0.050810,0.006679,0.985252,14:15:08.753333,8.753333333
0.006467,0.008187,1.009187,14:15:08.754000,8.754000000
0.027334,-0.003635,0.987598,14:15:08.754667,8.754666667
0.012899,-0.026651,0.978895,14:15:08.755333,8.755333333
0.003788,-0.015972,0.960248,14:15:08.756000,8.756000000
-0.005395,-0.008455,0.992251,14:15:08.756667,8.756666667
0.047476,-0.000742,0.987136,14:15:08.757333,8.757333333
0.084725,0.082260,1.014090,14:15:08.758000,8.758000000
0.233360,0.107250,1.027260,14:15:08.758667,8.758666667
0.127060,0.052354,1.025515,14:15:08.759333,8.759333333
-0.011183,-0.046714,0.949524,14:15:08.760000,8.760000000
0.038223,-0.040881,0.942843,14:15:08.760667,8.760666667
0.064276,0.025211,0.951148,14:15:08.761333,8.761333333
0.094609,0.012093,0.992380,14:15:08.762000,8.762000000
0.004766,-0.034181,0.947206,14:15:08.762667,8.762666667
-0.031689,-0.064822,0.913646,14:15:08.763333,8.763333333
-0.039033,-0.020036,0.969995,14:15:08.764000,8.764000000
0.018294,-0.020591,0.940059,14:15:08.764667,8.764666667
-0.006680,-0.045880,0.952643,14:15:08.765333,8.765333333
-0.055049,-0.075154,0.940425,14:15:08.766000,8.766000000
-0.042494,-0.049457,0.971728,14:15:08.766667,8.766666667
-0.000848,-0.027720,0.973327,14:15:08.767333,8.767333333
-0.028127,-0.044248,0.984247,14:15:08.768000,8.768000000
0.103752,0.028275,1.048045,14:15:08.768667,8.768666667
0.136145,0.071966,1.060186,14:15:08.769333,8.769333333
-0.000369,0.005095,1.017124,14:15:08.770000,8.770000000
-0.108580,-0.084766,0.963423,14:15:08.770667,8.770666667
-0.053214,-0.046340,1.002182,14:15:08.771333,8.771333333
-0.006337,-0.014334,1.028095,14:15:08.772000,8.772000000
-0.011321,-0.043338,0.978782,14:15:08.772667,8.772666667
-0.110220,-0.093550,0.992572,14:15:08.773333,8.773333333
-0.149050,-0.119667,0.962160,14:15:08.774000,8.774000000
-0.112370,-0.073890,0.975550,14:15:08.774667,8.774666667
-0.076773,-0.051437,0.990803,14:15:08.775333,8.775333333
-0.161713,-0.108874,0.973993,14:15:08.776000,8.776000000
-0.148155,-0.081828,0.968565,14:15:08.776667,8.776666667
-0.140268,-0.054086,0.984240,14:15:08.777333,8.777333333
-0.121637,-0.015985,1.029044,14:15:08.778000,8.778000000
-0.073830,-0.010980,1.013989,14:15:08.778667,8.778666667
0.024446,0.064993,1.080416,14:15:08.779333,8.779333333
0.065065,0.117724,1.072359,14:15:08.780000,8.780000000
-0.054658,-0.021809,1.000989,14:15:08.780667,8.780666667
-0.121414,0.001187,0.964235,14:15:08.781333,8.781333333
-0.034288,0.007485,1.012837,14:15:08.782000,8.782000000
0.011869,0.057510,1.028399,14:15:08.782667,8.782666667
-0.007083,0.034282,1.031308,14:15:08.783333,8.783333333
-0.034549,0.019957,0.981491,14:15:08.784000,8.784000000
-0.052619,0.020950,1.000689,14:15:08.784667,8.784666667
-0.013508,0.011120,1.010954,14:15:08.785333,8.785333333
0.008446,0.065265,1.033872,14:15:08.786000,8.786000000
-0.003538,0.025426,1.042974,14:15:08.786667,8.786666667
-0.002133,0.028242,1.027799,14:15:08.787333,8.787333333
0.002616,0.052159,1.037723,14:15:08.788000,8.788000000
0.075149,0.084806,1.037367,14:15:08.788667,8.788666667
0.106765,0.079633,1.068690,14:15:08.789333,8.789333333
0.188240,0.185979,1.122262,14:15:08.790000,8.790000000
0.188123,0.136894,1.090595,14:15:08.790667,8.790666667
0.105734,0.085079,1.038040,14:15:08.791333,8.791333333
0.035133,0.022394,1.017621,14:15:08.792000,8.792000000
0.143658,0.092651,1.031526,14:15:08.792667,8.792666667
0.179715,0.093480,1.030175,14:15:08.793333,8.793333333
0.095235,0.057130,0.997478,14:15:08.794000,8.794000000
0.065146,-0.009183,0.987763,14:15:08.794667,8.794666667
0.039611,-0.012803,0.966195,14:15:08.795333,8.795333333
0.032953,0.019366,0.979997,14:15:08.796000,8.796000000
0.077864,0.004040,0.986522,14:15:08.796667,8.796666667
0.019130,-0.011831,0.995638,14:15:08.797333,8.797333333
0.002835,-0.023616,0.979103,14:15:08.798000,8.798000000
0.035924,0.019200,0.988620,14:15:08.798667,8.798666667
0.076811,0.019418,0.994383,14:15:08.799333,8.799333333
0.029986,0.027533,0.964628,14:15:08.800000,8.800000000
0.200719,0.124989,1.048747,14:15:08.800667,8.800666667
0.136359,0.050212,1.022116,14:15:08.801333,8.801333333
0.019195,-0.052580,0.956243,14:15:08.802000,8.802000000
0.006944,-0.013898,0.953078,14:15:08.802667,8.802666667
0.073923,0.026303,0.975569,14:15:08.803333,8.803333333
0.112628,0.019554,0.990705,14:15:08.804000,8.804000000
0.005942,-0.030985,0.974491,14:15:08.804667,8.804666667
-0.001367,-0.063834,0.942007,14:15:08.805333,8.805333333
-0.040433,-0.037715,0.931308,14:15:08.806000,8.806000000
-0.010295,-0.039952,0.955016,14:15:08.806667,8.806666667
0.000145,-0.040012,0.952680,14:15:08.807333,8.807333333
-0.099973,-0.069670,0.992202,14:15:08.808000,8.808000000
-0.033425,-0.082294,0.950277,14:15:08.808667,8.808666667
-0.032445,-0.027547,0.980978,14:15:08.809333,8.809333333
0.008947,-0.015484,0.988694,14:15:08.810000,8.810000000
0.067798,0.028315,1.023972,14:15:08.810667,8.810666667
0.111653,0.088307,1.071039,14:15:08.811333,8.811333333
0.048746,-0.014486,1.028051,14:15:08.812000,8.812000000
-0.077622,-0.075742,0.964371,14:15:08.812667,8.812666667
-0.048936,-0.055985,0.982938,14:15:08.813333,8.813333333
0.024621,-0.014344,1.033614,14:15:08.814000,8.814000000
-0.008252,-0.028018,0.980113,14:15:08.814667,8.814666667
-0.094583,-0.041025,0.952205,14:15:08.815333,8.815333333
-0.103752,-0.089666,0.942003,14:15:08.816000,8.816000000
-0.133057,-0.080528,0.958421,14:15:08.816667,8.816666667
-0.093554,-0.060286,0.953732,14:15:08.817333,8.817333333
-0.132787,-0.100077,0.974910,14:15:08.818000,8.818000000
-0.164481,-0.113158,0.948896,14:15:08.818667,8.818666667
-0.151315,-0.074419,0.978290,14:15:08.819333,8.819333333
-0.100576,-0.038393,1.005687,14:15:08.820000,8.820000000
-0.073834,-0.001975,0.999453,14:15:08.820667,8.820666667
0.002315,0.000314,1.048277,14:15:08.821333,8.821333333
0.032059,0.063083,1.056049,14:15:08.822000,8.822000000
-0.048429,0.022456,1.016015,14:15:08.822667,8.822666667
-0.139915,-0.068840,0.995660,14:15:08.823333,8.823333333
-0.061808,0.004165,1.025053,14:15:08.824000,8.824000000
0.014189,0.078159,1.029441,14:15:08.824667,8.824666667
0.017184,0.040610,1.020533,14:15:08.825333,8.825333333
-0.046050,-0.007427,0.988191,14:15:08.826000,8.826000000
-0.051993,-0.000639,0.975321,14:15:08.826667,8.826666667
-0.094679,0.012627,1.024238,14:15:08.827333,8.827333333
-0.026020,0.050472,1.020759,14:15:08.828000,8.828000000
-0.004576,0.025435,1.010264,14:15:08.828667,8.828666667
-0.034013,0.082596,1.040421,14:15:08.829333,8.829333333
-0.015297,0.019649,1.023142,14:15:08.830000,8.830000000
0.030624,0.051555,1.055411,14:15:08.830667,8.830666667
0.045745,0.103666,1.088109,14:15:08.831333,8.831333333
0.188912,0.197616,1.090616,14:15:08.832000,8.832000000
0.187832,0.176593,1.142267,14:15:08.832667,8.832666667
0.077350,0.026745,1.036288,14:15:08.833333,8.833333333
0.035474,0.036588,1.008743,14:15:08.834000,8.834000000
0.121537,0.061719,1.043160,14:15:08.834667,8.834666667
0.161630,0.118023,1.048749,14:15:08.835333,8.835333333
0.130608,0.051168,1.031240,14:15:08.836000,8.836000000
0.019049,-0.006302,0.986640,14:15:08.836667,8.836666667
0.019007,-0.008156,0.999839,14:15:08.837333,8.837333333
0.034589,0.020852,0.997415,14:15:08.838000,8.838000000
0.051026,0.003835,1.027131,14:15:08.838667,8.838666667
0.032401,-0.002262,0.985446,14:15:08.839333,8.839333333
-0.005137,0.018709,0.988809,14:15:08.840000,8.840000000
0.020184,0.018691,0.992622,14:15:08.840667,8.840666667
0.057029,0.029663,1.014462,14:15:08.841333,8.841333333
0.061869,0.008842,1.007922,14:15:08.842000,8.842000000
0.189542,0.090256,1.045905,14:15:08.842667,8.842666667
0.145740,0.080794,1.004539,14:15:08.843333,8.843333333
0.015347,-0.024099,0.976186,14:15:08.844000,8.844000000
-0.011398,-0.031309,0.920288,14:15:08.844667,8.844666667
0.061068,0.006002,0.972019,14:15:08.845333,8.845333333
0.115979,0.034078,0.987967,14:15:08.846000,8.846000000
0.056025,-0.025047,0.936397,14:15:08.846667,8.846666667
-0.024822,-0.063935,0.916392,14:15:08.847333,8.847333333
-0.054867,-0.039202,0.935245,14:15:08.848000,8.848000000
0.003764,-0.017005,0.945286,14:15:08.848667,8.848666667
-0.004016,-0.010940,0.966751,14:15:08.849333,8.849333333
-0.017332,-0.042056,0.964130,14:15:08.850000,8.850000000
-0.046055,-0.026807,0.968105,14:15:08.850667,8.850666667
-0.035069,-0.047086,0.997270,14:15:08.851333,8.851333333
0.006666,-0.016372,0.993595,14:15:08.852000,8.852000000
0.027107,-0.013253,0.973851,14:15:08.852667,8.852666667
0.126930,0.080105,1.079276,14:15:08.853333,8.853333333
0.049396,-0.007359,1.018169,14:15:08.854000,8.854000000
-0.042537,-0.061587,0.962666,14:15:08.854667,8.854666667
-0.025669,-0.046046,0.980577,14:15:08.855333,8.855333333
-0.016951,-0.039630,0.983060,14:15:08.856000,8.856000000
0.000115,-0.006792,1.011843,14:15:08.856667,8.856666667
-0.090142,-0.061482,0.969159,14:15:08.857333,8.857333333
-0.121413,-0.105762,0.963315,14:15:08.858000,8.858000000
-0.130841,-0.070859,0.945929,14:15:08.858667,8.858666667
-0.057961,-0.053187,0.993512,14:15:08.859333,8.859333333
-0.132981,-0.063175,0.967243,14:15:08.860000,8.860000000
-0.124546,-0.075467,0.993889,14:15:08.860667,8.860666667
-0.099534,-0.081950,0.994392,14:15:08.861333,8.861333333
-0.111581,-0.060752,0.999620,14:15:08.862000,8.862000000
-0.100617,-0.032688,0.992368,14:15:08.862667,8.862666667
-0.061288,0.027255,1.037413,14:15:08.863333,8.863333333
0.036701,0.075482,1.084170,14:15:08.864000,8.864000000
-0.032783,0.003995,1.007670,14:15:08.864667,8.864666667
-0.120740,-0.043880,1.002077,14:15:08.865333,8.865333333
-0.075117,-0.024565,0.984270,14:15:08.866000,8.866000000
-0.001903,0.031941,1.016528,14:15:08.866667,8.866666667
0.013971,0.015159,1.017414,14:15:08.867333,8.867333333
-0.029020,-0.012626,0.992178,14:15:08.868000,8.868000000
-0.110169,-0.012809,0.977933,14:15:08.868667,8.868666667
-0.058858,0.004874,0.976779,14:15:08.869333,8.869333333
-0.037122,0.027497,1.011780,14:15:08.870000,8.870000000
-0.013654,0.069325,1.008547,14:15:08.870667,8.870666667
-0.023073,0.000494,1.008966,14:15:08.871333,8.871333333
-0.038240,0.056094,1.021088,14:15:08.872000,8.872000000
0.016077,0.049167,1.028767,14:15:08.872667,8.872666667
0.098583,0.080270,1.084441,14:15:08.873333,8.873333333
0.168251,0.142216,1.102884,14:15:08.874000,8.874000000
0.180126,0.168860,1.104879,14:15:08.874667,8.874666667
0.106335,0.082564,1.075418,14:15:08.875333,8.875333333
0.029394,0.057644,1.018032,14:15:08.876000,8.876000000
0.068275,0.063549,1.045326,14:15:08.876667,8.876666667
0.172178,0.093714,1.073094,14:15:08.877333,8.877333333
0.134287,0.058713,1.057503,14:15:08.878000,8.878000000
0.075099,0.038422,1.007292,14:15:08.878667,8.878666667
0.052828,0.002283,0.983790,14:15:08.879333,8.879333333
0.047565,-0.005747,1.015414,14:15:08.880000,8.880000000
0.042496,0.030419,1.012449,14:15:08.880667,8.880666667
0.011953,0.012913,1.011238,14:15:08.881333,8.881333333
0.002125,-0.002599,1.005429,14:15:08.882000,8.882000000
0.022646,-0.017486,0.989009,14:15:08.882667,8.882666667
0.020682,0.026418,0.983512,14:15:08.883333,8.883333333
0.050479,0.022598,1.022090,14:15:08.884000,8.884000000
0.179043,0.100620,1.052499,14:15:08.884667,8.884666667
0.159637,0.108934,1.046114,14:15:08.885333,8.885333333
0.005556,-0.021107,0.981645,14:15:08.886000,8.886000000
-0.031020,-0.025527,0.953146,14:15:08.886667,8.886666667
0.049003,-0.031344,0.965073,14:15:08.887333,8.887333333
0.120188,0.035347,0.976407,14:15:08.888000,8.888000000
0.081178,-0.028824,0.958265,14:15:08.888667,8.888666667
-0.003207,-0.065345,0.944953,14:15:08.889333,8.889333333
-0.057747,-0.036213,0.939891,14:15:08.890000,8.890000000
-0.015428,-0.032799,0.934830,14:15:08.890667,8.890666667
0.011437,-0.003530,0.943499,14:15:08.891333,8.891333333
-0.027102,-0.028067,0.956814,14:15:08.892000,8.892000000
-0.046151,-0.053376,0.945116,14:15:08.892667,8.892666667
-0.035902,-0.035446,0.960630,14:15:08.893333,8.893333333
0.013111,-0.008539,0.983292,14:15:08.894000,8.894000000
-0.023993,-0.020213,0.989780,14:15:08.894667,8.894666667
0.139964,0.087244,1.040496,14:15:08.895333,8.895333333
0.087654,0.036616,1.028081,14:15:08.896000,8.896000000
-0.035939,-0.108094,0.974779,14:15:08.896667,8.896666667
-0.033869,-0.066436,0.980659,14:15:08.897333,8.897333333
-0.000643,-0.022989,0.982433,14:15:08.898000,8.898000000
0.048912,0.016825,0.998893,14:15:08.898667,8.898666667
-0.017801,-0.055678,0.973313,14:15:08.899333,8.899333333
-0.081810,-0.093890,0.950536,14:15:08.900000,8.900000000
-0.156816,-0.098335,0.939999,14:15:08.900667,8.900666667
-0.096885,-0.095728,0.949754,14:15:08.901333,8.901333333
-0.108324,-0.075018,0.958746,14:15:08.902000,8.902000000
-0.104359,-0.075581,0.973050,14:15:08.902667,8.902666667
-0.160307,-0.057798,0.994383,14:15:08.903333,8.903333333
-0.111778,-0.078914,0.980958,14:15:08.904000,8.904000000
-0.118257,-0.045239,0.980595,14:15:08.904667,8.904666667
-0.075396,-0.023092,1.021280,14:15:08.905333,8.905333333
0.059027,0.080878,1.055035,14:15:08.906000,8.906000000
0.020514,0.041236,1.048691,14:15:08.906667,8.906666667
-0.193302,-0.075931,0.990470,14:15:08.907333,8.907333333
-0.121129,-0.016500,0.985668,14:15:08.908000,8.908000000
-0.053216,0.014819,1.000624,14:15:08.908667,8.908666667
-0.007270,0.014008,1.044939,14:15:08.909333,8.909333333
-0.069868,-0.012242,1.007713,14:15:08.910000,8.910000000
-0.088179,-0.071901,1.001760,14:15:08.910667,8.910666667
-0.067512,-0.036251,0.962897,14:15:08.911333,8.911333333
-0.082642,-0.001876,1.010164,14:15:08.912000,8.912000000
-0.039683,0.002936,1.017195,14:15:08.912667,8.912666667
-0.029698,0.023872,1.008032,14:15:08.913333,8.913333333
-0.045126,0.024082,0.997932,14:15:08.914000,8.914000000
-0.018998,0.098764,1.046234,14:15:08.914667,8.914666667
0.046739,0.067912,1.062814,14:15:08.915333,8.915333333
0.109291,0.141613,1.092263,14:15:08.916000,8.916000000
0.189358,0.184776,1.121687,14:15:08.916667,8.916666667
0.104218,0.069265,1.068163,14:15:08.917333,8.917333333
0.018601,0.033874,1.045638,14:15:08.918000,8.918000000
0.084730,0.052425,1.049326,14:15:08.918667,8.918666667
0.168019,0.118289,1.052073,14:15:08.919333,8.919333333
0.158474,0.079220,1.082340,14:15:08.920000,8.920000000
0.047769,0.019183,1.032351,14:15:08.920667,8.920666667
0.053730,0.011996,1.011464,14:15:08.921333,8.921333333
0.040305,-0.000420,0.992939,14:15:08.922000,8.922000000
0.098911,0.019260,1.046591,14:15:08.922667,8.922666667
0.004445,0.004645,1.025022,14:15:08.923333,8.923333333
0.037956,-0.012521,1.009577,14:15:08.924000,8.924000000
0.032091,-0.010728,1.011189,14:15:08.924667,8.924666667
0.068899,0.029631,1.008687,14:15:08.925333,8.925333333
0.056569,0.039841,1.008740,14:15:08.926000,8.926000000
0.171036,0.073547,1.063289,14:15:08.926667,8.926666667
0.160744,0.137856,1.066957,14:15:08.927333,8.927333333
0.047684,0.004224,0.987658,14:15:08.928000,8.928000000
-0.016013,-0.019289,0.943009,14:15:08.928667,8.928666667
0.054969,0.027006,0.950108,14:15:08.929333,8.929333333
0.109323,0.057374,0.986506,14:15:08.930000,8.930000000
0.042367,0.003798,0.982008,14:15:08.930667,8.930666667
-0.025264,-0.039996,0.935251,14:15:08.931333,8.931333333
0.014264,-0.065651,0.942207,14:15:08.932000,8.932000000
-0.021504,-0.023481,0.963978,14:15:08.932667,8.932666667
-0.012871,-0.027193,0.952813,14:15:08.933333,8.933333333
-0.020359,-0.050557,0.968475,14:15:08.934000,8.934000000
-0.026684,-0.019967,0.924197,14:15:08.934667,8.934666667
-0.041838,-0.051086,0.961840,14:15:08.935333,8.935333333
-0.020836,-0.004498,0.991676,14:15:08.936000,8.936000000
0.020216,0.011818,0.996665,14:15:08.936667,8.936666667
0.168269,0.101486,1.031047,14:15:08.937333,8.937333333
0.113728,0.037992,1.014827,14:15:08.938000,8.938000000
-0.040036,-0.026744,0.986742,14:15:08.938667,8.938666667
-0.082019,-0.083786,0.967678,14:15:08.939333,8.939333333
0.030804,-0.042161,0.983401,14:15:08.940000,8.940000000
0.060710,0.015716,0.978963,14:15:08.940667,8.940666667
-0.017849,-0.057716,0.986345,14:15:08.941333,8.941333333
-0.085698,-0.093530,0.945143,14:15:08.942000,8.942000000
-0.088913,-0.103873,0.935080,14:15:08.942667,8.942666667
-0.063097,-0.090854,0.970440,14:15:08.943333,8.943333333
-0.077336,-0.058923,0.961499,14:15:08.944000,8.944000000
-0.117894,-0.086304,1.005985,14:15:08.944667,8.944666667
-0.141441,-0.113228,0.983689,14:15:08.945333,8.945333333
-0.128375,-0.065088,0.983591,14:15:08.946000,8.946000000
-0.126784,-0.057233,1.008594,14:15:08.946667,8.946666667
-0.076090,-0.037087,1.001759,14:15:08.947333,8.947333333
0.057664,0.056302,1.084703,14:15:08.948000,8.948000000
-0.011269,0.049427,1.055057,14:15:08.948667,8.948666667
-0.106789,-0.077848,0.988796,14:15:08.949333,8.949333333
-0.145419,-0.040312,0.973905,14:15:08.950000,8.950000000
-0.021063,-0.009854,1.034863,14:15:08.950667,8.950666667
-0.017162,0.028020,1.004817,14:15:08.951333,8.951333333
-0.046150,0.008826,1.019274,14:15:08.952000,8.952000000
-0.094420,-0.075325,0.962304,14:15:08.952667,8.952666667
-0.110308,-0.027982,0.973368,14:15:08.953333,8.953333333
-0.072070,-0.007829,0.990900,14:15:08.954000,8.954000000
-0.060775,0.022264,0.979298,14:15:08.954667,8.954666667
-0.054856,-0.003077,1.032689,14:15:08.955333,8.955333333
-0.045525,-0.009323,1.016477,14:15:08.956000,8.956000000
0.014194,0.021790,1.043436,14:15:08.956667,8.956666667
0.020820,0.061229,1.045504,14:15:08.957333,8.957333333
0.089288,0.104682,1.079639,14:15:08.958000,8.958000000
0.220384,0.211508,1.106403,14:15:08.958667,8.958666667
0.123211,0.118850,1.085302,14:15:08.959333,8.959333333
-0.004709,0.031953,1.019495,14:15:08.960000,8.960000000
0.078926,0.038210,1.037765,14:15:08.960667,8.960666667
0.144899,0.081775,1.097307,14:15:08.961333,8.961333333
0.145616,0.077828,1.053648,14:15:08.962000,8.962000000
0.076454,0.043378,1.023389,14:15:08.962667,8.962666667
-0.005492,0.012638,1.001046,14:15:08.963333,8.963333333
0.078618,0.023560,1.013901,14:15:08.964000,8.964000000
0.064503,0.041531,1.003209,14:15:08.964667,8.964666667
0.017515,0.024603,1.003294,14:15:08.965333,8.965333333
0.058856,0.011706,1.018506,14:15:08.966000,8.966000000
0.052020,-0.004158,1.002534,14:15:08.966667,8.966666667
0.057740,0.047435,1.021748,14:15:08.967333,8.967333333
0.038776,0.058685,1.026576,14:15:08.968000,8.968000000
0.139998,0.079095,1.059500,14:15:08.968667,8.968666667
0.173154,0.128215,1.062748,14:15:08.969333,8.969333333
0.110278,0.020304,1.022856,14:15:08.970000,8.970000000
0.000519,-0.047794,0.967637,14:15:08.970667,8.970666667
0.064036,-0.013939,0.955043,14:15:08.971333,8.971333333
0.115003,0.056845,1.001022,14:15:08.972000,8.972000000
0.094317,-0.005907,1.001464,14:15:08.972667,8.972666667
0.001949,-0.023441,0.933621,14:15:08.973333,8.973333333
-0.050004,-0.073806,0.928396,14:15:08.974000,8.974000000
-0.015512,-0.043800,0.948419,14:15:08.974667,8.974666667
-0.004320,-0.017261,0.983074,14:15:08.975333,8.975333333
-0.003550,-0.040353,0.951894,14:15:08.976000,8.976000000
-0.044762,-0.017973,0.931423,14:15:08.976667,8.976666667
-0.036715,-0.029213,0.961690,14:15:08.977333,8.977333333
0.030130,-0.003302,0.974716,14:15:08.978000,8.978000000
0.053608,0.020672,0.994894,14:15:08.978667,8.978666667
0.161130,0.071981,1.052865,14:15:08.979333,8.979333333
0.131431,0.067692,1.043785,14:15:08.980000,8.980000000
-0.015775,-0.010604,0.970940,14:15:08.980667,8.980666667
-0.061793,-0.069277,0.946925,14:15:08.981333,8.981333333
0.009634,-0.030287,0.999557,14:15:08.982000,8.982000000
0.058578,0.023898,0.983116,14:15:08.982667,8.982666667
0.012136,-0.007501,1.000286,14:15:08.983333,8.983333333
-0.057977,-0.085989,0.948589,14:15:08.984000,8.984000000
-0.083985,-0.100216,0.934384,14:15:08.984667,8.984666667
-0.087744,-0.081292,0.953980,14:15:08.985333,8.985333333
-0.080240,-0.042242,0.974703,14:15:08.986000,8.986000000
-0.114015,-0.057831,0.957841,14:15:08.986667,8.986666667
-0.111271,-0.077304,0.986457,14:15:08.987333,8.987333333
-0.110327,-0.103896,1.009929,14:15:08.988000,8.988000000
-0.083993,-0.053694,0.993712,14:15:08.988667,8.988666667
-0.082425,0.002323,1.000552,14:15:08.989333,8.989333333
0.040502,0.032725,1.065213,14:15:08.990000,8.990000000
0.021881,0.043914,1.036221,14:15:08.990667,8.990666667
-0.089191,-0.062596,0.997907,14:15:08.991333,8.991333333
-0.135300,-0.071109,0.973868,14:15:08.992000,8.992000000
-0.059860,0.002867,1.001006,14:15:08.992667,8.992666667
-0.020514,0.006521,0.999552,14:15:08.993333,8.993333333
-0.065976,-0.004868,0.968369,14:15:08.994000,8.994000000
-0.124934,-0.038793,0.964144,14:15:08.994667,8.994666667
-0.113445,-0.024326,0.979097,14:15:08.995333,8.995333333
-0.084742,-0.019974,0.982526,14:15:08.996000,8.996000000
-0.074485,-0.030440,1.008037,14:15:08.996667,8.996666667
-0.118568,0.003442,0.986102,14:15:08.997333,8.997333333
-0.080409,-0.001018,1.017517,14:15:08.998000,8.998000000
-0.052087,0.017542,1.032328,14:15:08.998667,8.998666667
0.002457,0.076190,1.062461,14:15:08.999333,8.999333333
0.014970,0.066574,1.052332,14:15:09.000000,9.000000000
0.160820,0.192716,1.118112,14:15:09.000667,9.000666667
0.140847,0.115236,1.116390,14:15:09.001333,9.001333333
0.034428,0.052902,1.037369,14:15:09.002000,9.002000000
0.042088,0.025246,0.998425,14:15:09.002667,9.002666667
0.111197,0.096865,1.061911,14:15:09.003333,9.003333333
0.156005,0.079848,1.072967,14:15:09.004000,9.004000000
0.069982,0.052191,1.039960,14:15:09.004667,9.004666667
0.078965,0.021467,1.006158,14:15:09.005333,9.005333333
0.046170,0.014082,0.996290,14:15:09.006000,9.006000000
0.068922,0.018588,1.003892,14:15:09.006667,9.006666667
0.070558,0.020278,1.035848,14:15:09.007333,9.007333333
0.039547,0.015740,1.009846,14:15:09.008000,9.008000000
0.020458,0.035913,1.012407,14:15:09.008667,9.008666667
0.065882,0.015029,1.011933,14:15:09.009333,9.009333333
0.089824,0.049718,1.044124,14:15:09.010000,9.010000000
0.159383,0.049259,1.061673,14:15:09.010667,9.010666667
0.219009,0.137225,1.074880,14:15:09.011333,9.011333333
0.081885,0.049614,1.035296,14:15:09.012000,9.012000000
0.023695,-0.029818,0.961470,14:15:09.012667,9.012666667
0.046987,0.005420,0.973251,14:15:09.013333,9.013333333
0.097795,0.034160,0.967793,14:15:09.014000,9.014000000
0.149901,0.020675,1.000669,14:15:09.014667,9.014666667
-0.000354,-0.015607,0.954987,14:15:09.015333,9.015333333
-0.015527,-0.061459,0.934471,14:15:09.016000,9.016000000
-0.021569,-0.013928,0.946174,14:15:09.016667,9.016666667
0.000496,-0.046194,0.959006,14:15:09.017333,9.017333333
0.010347,-0.005195,0.958288,14:15:09.018000,9.018000000
-0.038651,-0.046106,0.934445,14:15:09.018667,9.018666667
-0.062362,-0.034393,0.952309,14:15:09.019333,9.019333333
-0.002976,-0.015679,0.967309,14:15:09.020000,9.020000000
0.017941,0.005864,0.989220,14:15:09.020667,9.020666667
0.099207,0.060177,1.044118,14:15:09.021333,9.021333333
0.175428,0.081446,1.075736,14:15:09.022000,9.022000000
0.041403,-0.005832,0.978687,14:15:09.022667,9.022666667
-0.042296,-0.052286,0.962607,14:15:09.023333,9.023333333
0.028738,-0.023353,0.960852,14:15:09.024000,9.024000000
0.055192,0.036739,0.975117,14:15:09.024667,9.024666667
0.051264,-0.036055,0.976648,14:15:09.025333,9.025333333
-0.048326,-0.070984,0.970258,14:15:09.026000,9.026000000
-0.075665,-0.086695,0.918769,14:15:09.026667,9.026666667
-0.073166,-0.074822,0.940106,14:15:09.027333,9.027333333
-0.045798,-0.063922,0.994927,14:15:09.028000,9.028000000
-0.105945,-0.085218,0.961214,14:15:09.028667,9.028666667
-0.098448,-0.068434,0.968677,14:15:09.029333,9.029333333
-0.106139,-0.105414,1.010932,14:15:09.030000,9.030000000
-0.088512,-0.070836,0.986976,14:15:09.030667,9.030666667
-0.092060,-0.019157,1.024223,14:15:09.031333,9.031333333
0.038267,0.015233,1.064079,14:15:09.032000,9.032000000
0.004567,0.047606,1.063265,14:15:09.032667,9.032666667
-0.119995,-0.054991,0.999285,14:15:09.033333,9.033333333
-0.122078,-0.096595,0.976661,14:15:09.034000,9.034000000
-0.047828,-0.021955,0.993842,14:15:09.034667,9.034666667
-0.021919,-0.021267,1.009003,14:15:09.035333,9.035333333
-0.037937,-0.001527,0.983489,14:15:09.036000,9.036000000
-0.135177,-0.047069,0.970616,14:15:09.036667,9.036666667
-0.106157,-0.068826,0.969249,14:15:09.037333,9.037333333
-0.109818,-0.025595,0.997036,14:15:09.038000,9.038000000
-0.078982,-0.020210,0.970861,14:15:09.038667,9.038666667
-0.090389,0.014576,0.991389,14:15:09.039333,9.039333333
-0.117301,-0.022608,1.009887,14:15:09.040000,9.040000000
-0.046244,0.039837,1.031011,14:15:09.040667,9.040666667
-0.038101,0.060752,1.049602,14:15:09.041333,9.041333333
0.005668,0.042615,1.086882,14:15:09.042000,9.042000000
0.166445,0.151770,1.095850,14:15:09.042667,9.042666667
0.120822,0.138596,1.095116,14:15:09.043333,9.043333333
-0.001050,0.040340,1.046905,14:15:09.044000,9.044000000
0.031750,0.023937,1.004389,14:15:09.044667,9.044666667
0.089644,0.093652,1.064442,14:15:09.045333,9.045333333
0.124995,0.112577,1.068368,14:15:09.046000,9.046000000
0.094769,0.086675,1.039657,14:15:09.046667,9.046666667
0.018721,0.051871,1.025652,14:15:09.047333,9.047333333
0.036350,0.081106,1.014182,14:15:09.048000,9.048000000
0.054324,0.023795,1.031857,14:15:09.048667,9.048666667
0.065010,0.057820,1.024911,14:15:09.049333,9.049333333
0.060767,0.020077,1.034670,14:15:09.050000,9.050000000
0.013385,0.020904,1.049267,14:15:09.050667,9.050666667
0.042554,0.020454,1.053440,14:15:09.051333,9.051333333
0.074614,0.048495,1.058370,14:15:09.052000,9.052000000
0.074286,0.043267,1.059275,14:15:09.052667,9.052666667
0.243111,0.148182,1.080778,14:15:09.053333,9.053333333
0.130195,0.068875,1.068744,14:15:09.054000,9.054000000
0.030877,-0.024776,0.985013,14:15:09.054667,9.054666667
0.012411,0.016881,0.982307,14:15:09.055333,9.055333333
0.124287,0.047628,1.001026,14:15:09.056000,9.056000000
0.147625,0.080114,1.008983,14:15:09.056667,9.056666667
0.026734,-0.000557,0.959387,14:15:09.057333,9.057333333
-0.013274,-0.050403,0.929004,14:15:09.058000,9.058000000
-0.032936,-0.042624,0.956637,14:15:09.058667,9.058666667
0.025988,-0.028150,0.947778,14:15:09.059333,9.059333333
0.026646,0.002763,0.954694,14:15:09.060000,9.060000000
-0.016279,-0.032207,0.938873,14:15:09.060667,9.060666667
-0.039190,-0.014644,0.954401,14:15:09.061333,9.061333333
0.017103,-0.023084,1.002892,14:15:09.062000,9.062000000
0.024015,-0.013035,0.976276,14:15:09.062667,9.062666667
0.096015,0.013838,1.004845,14:15:09.063333,9.063333333
0.164116,0.079917,1.048410,14:15:09.064000,9.064000000
0.080760,0.014939,0.998374,14:15:09.064667,9.064666667
-0.018074,-0.060595,0.953660,14:15:09.065333,9.065333333
0.010692,-0.056183,0.971391,14:15:09.066000,9.066000000
0.047310,-0.000363,0.974263,14:15:09.066667,9.066666667
0.047663,-0.001768,0.992076,14:15:09.067333,9.067333333
-0.032742,-0.041880,0.930841,14:15:09.068000,9.068000000
-0.065477,-0.054820,0.954913,14:15:09.068667,9.068666667
-0.067053,-0.067683,0.961469,14:15:09.069333,9.069333333
-0.054800,-0.059297,0.975461,14:15:09.070000,9.070000000
-0.058679,-0.058957,0.977596,14:15:09.070667,9.070666667
-0.090824,-0.099566,0.984165,14:15:09.071333,9.071333333
-0.104781,-0.072926,1.011763,14:15:09.072000,9.072000000
-0.087809,-0.051523,1.006896,14:15:09.072667,9.072666667
-0.078195,-0.028541,1.023147,14:15:09.073333,9.073333333
-0.007049,0.042000,1.016374,14:15:09.074000,9.074000000
0.044178,0.070872,1.074273,14:15:09.074667,9.074666667
-0.040713,-0.042304,1.007773,14:15:09.075333,9.075333333
-0.154469,-0.087427,0.959232,14:15:09.076000,9.076000000
-0.085087,-0.058956,0.984290,14:15:09.076667,9.076666667
-0.016831,-0.007570,1.011953,14:15:09.077333,9.077333333
-0.039719,-0.042726,1.009444,14:15:09.078000,9.078000000
-0.097423,-0.052227,1.018762,14:15:09.078667,9.078666667
-0.139163,-0.055241,0.962890,14:15:09.079333,9.079333333
-0.139039,-0.033466,0.996559,14:15:09.080000,9.080000000
-0.096173,-0.010481,1.005813,14:15:09.080667,9.080666667
-0.118394,-0.026477,0.980538,14:15:09.081333,9.081333333
-0.106961,-0.011807,0.990723,14:15:09.082000,9.082000000
-0.087300,0.025577,1.021235,14:15:09.082667,9.082666667
-0.049560,0.042609,1.032822,14:15:09.083333,9.083333333
-0.014207,0.047227,1.054815,14:15:09.084000,9.084000000
0.119271,0.101449,1.121351,14:15:09.084667,9.084666667
0.160971,0.139870,1.092856,14:15:09.085333,9.085333333
-0.000969,0.050606,1.074930,14:15:09.086000,9.086000000
-0.004501,0.012929,1.026566,14:15:09.086667,9.086666667
0.080233,0.097531,1.046344,14:15:09.087333,9.087333333
0.097725,0.114155,1.079158,14:15:09.088000,9.088000000
0.122682,0.056141,1.053492,14:15:09.088667,9.088666667
0.031278,0.054270,1.023569,14:15:09.089333,9.089333333
0.035076,0.004450,1.011371,14:15:09.090000,9.090000000
0.065420,0.022890,1.013335,14:15:09.090667,9.090666667
0.067719,0.026633,1.006736,14:15:09.091333,9.091333333
0.081350,0.046478,1.049983,14:15:09.092000,9.092000000
0.031885,0.043516,1.037381,14:15:09.092667,9.092666667
0.058878,0.058214,1.039622,14:15:09.093333,9.093333333
0.072491,0.061990,1.063580,14:15:09.094000,9.094000000
0.070578,0.073426,1.046190,14:15:09.094667,9.094666667
0.220484,0.171771,1.098000,14:15:09.095333,9.095333333
0.191954,0.112764,1.057532,14:15:09.096000,9.096000000
0.037972,0.006619,1.008121,14:15:09.096667,9.096666667
0.014078,-0.015916,0.981738,14:15:09.097333,9.097333333
0.086015,0.042309,0.989130,14:15:09.098000,9.098000000
0.103826,0.046652,1.015397,14:15:09.098667,9.098666667
0.080641,0.004686,0.985600,14:15:09.099333,9.099333333
0.001837,-0.034578,0.952313,14:15:09.100000,9.100000000
0.000981,-0.030332,0.949916,14:15:09.100667,9.100666667
0.024487,-0.024204,0.983076,14:15:09.101333,9.101333333
-0.010696,-0.026511,0.937828,14:15:09.102000,9.102000000
-0.028625,-0.018989,0.953848,14:15:09.102667,9.102666667
-0.052520,-0.062674,0.963452,14:15:09.103333,9.103333333
0.002946,-0.006318,0.979268,14:15:09.104000,9.104000000
0.026658,0.028859,0.984333,14:15:09.104667,9.104666667
0.047579,0.011332,0.996497,14:15:09.105333,9.105333333
0.170067,0.120093,1.046383,14:15:09.106000,9.106000000
0.055130,0.041338,0.999257,14:15:09.106667,9.106666667
-0.029912,-0.041937,0.959665,14:15:09.107333,9.107333333
0.000784,-0.069086,0.944723,14:15:09.108000,9.108000000
0.066168,0.029944,0.964025,14:15:09.108667,9.108666667
0.073197,-0.005788,0.981544,14:15:09.109333,9.109333333
0.012411,-0.053907,0.971364,14:15:09.110000,9.110000000
-0.031632,-0.118626,0.958136,14:15:09.110667,9.110666667
-0.037857,-0.090906,0.973000,14:15:09.111333,9.111333333
-0.039930,-0.056220,0.971346,14:15:09.112000,9.112000000
-0.068551,-0.084632,0.974474,14:15:09.112667,9.112666667
-0.084473,-0.073639,0.947095,14:15:09.113333,9.113333333
-0.127474,-0.072951,0.969548,14:15:09.114000,9.114000000
-0.051939,-0.056469,0.990758,14:15:09.114667,9.114666667
-0.077306,-0.036957,1.031490,14:15:09.115333,9.115333333
-0.002912,-0.031516,1.055832,14:15:09.116000,9.116000000
0.064999,0.084997,1.058391,14:15:09.116667,9.116666667
-0.066919,-0.017128,1.003220,14:15:09.117333,9.117333333
-0.129288,-0.101692,0.982023,14:15:09.118000,9.118000000
-0.098903,-0.086118,0.928026,14:15:09.118667,9.118666667
-0.003380,-0.024540,1.044089,14:15:09.119333,9.119333333
-0.037616,-0.029387,0.999020,14:15:09.120000,9.120000000
-0.118276,-0.025087,0.970936,14:15:09.120667,9.120666667
-0.116791,-0.091197,0.943489,14:15:09.121333,9.121333333
-0.112408,-0.065142,0.963055,14:15:09.122000,9.122000000
-0.098045,-0.035301,0.970205,14:15:09.122667,9.122666667
-0.129725,-0.030463,0.981996,14:15:09.123333,9.123333333
-0.115370,-0.034442,1.005929,14:15:09.124000,9.124000000
-0.104738,-0.009479,0.998232,14:15:09.124667,9.124666667
-0.070190,0.017028,1.022707,14:15:09.125333,9.125333333
-0.065995,0.084479,1.042226,14:15:09.126000,9.126000000
0.053533,0.117210,1.076660,14:15:09.126667,9.126666667
0.145990,0.177893,1.097790,14:15:09.127333,9.127333333
-0.023998,0.066727,1.030590,14:15:09.128000,9.128000000
-0.049058,-0.020178,0.975077,14:15:09.128667,9.128666667
0.066723,0.074744,1.038465,14:15:09.129333,9.129333333
0.119864,0.109015,1.073777,14:15:09.130000,9.130000000
0.100738,0.091688,1.073078,14:15:09.130667,9.130666667
0.020746,0.026035,1.020144,14:15:09.131333,9.131333333
0.031314,0.016592,1.007400,14:15:09.132000,9.132000000
0.040674,0.041096,1.075978,14:15:09.132667,9.132666667
0.074353,0.054445,1.063151,14:15:09.133333,9.133333333
0.037600,0.009496,1.020294,14:15:09.134000,9.134000000
-0.009643,0.036803,1.009779,14:15:09.134667,9.134666667
0.042101,0.039711,1.026262,14:15:09.135333,9.135333333
0.105426,0.055888,1.020814,14:15:09.136000,9.136000000
0.127891,0.053571,1.063809,14:15:09.136667,9.136666667
0.191691,0.144135,1.073788,14:15:09.137333,9.137333333
0.191865,0.095355,1.083497,14:15:09.138000,9.138000000
0.053193,0.023876,1.016411,14:15:09.138667,9.138666667
0.039721,0.004427,0.984602,14:15:09.139333,9.139333333
0.105017,0.026560,1.014887,14:15:09.140000,9.140000000
0.125305,0.051922,1.013474,14:15:09.140667,9.140666667
0.100775,0.016074,0.984243,14:15:09.141333,9.141333333
0.014392,-0.031939,0.965279,14:15:09.142000,9.142000000
-0.012694,-0.041953,0.925331,14:15:09.142667,9.142666667
0.016219,-0.043959,0.951950,14:15:09.143333,9.143333333
0.000002,-0.011148,0.963147,14:15:09.144000,9.144000000
-0.009273,-0.053842,0.946870,14:15:09.144667,9.144666667
-0.025360,-0.041782,0.951047,14:15:09.145333,9.145333333
-0.009430,-0.014714,0.970815,14:15:09.146000,9.146000000
0.013035,0.007946,0.959013,14:15:09.146667,9.146666667
0.030218,0.032151,0.971926,14:15:09.147333,9.147333333
0.166017,0.159117,1.085768,14:15:09.148000,9.148000000
0.150520,0.043738,1.005120,14:15:09.148667,9.148666667
0.007155,-0.031240,0.956681,14:15:09.149333,9.149333333
-0.029986,-0.051627,0.947099,14:15:09.150000,9.150000000
0.066345,-0.003802,0.974374,14:15:09.150667,9.150666667
0.045079,-0.004459,0.970693,14:15:09.151333,9.151333333
0.002605,-0.072597,0.959533,14:15:09.152000,9.152000000
-0.058998,-0.080604,0.930320,14:15:09.152667,9.152666667
-0.066783,-0.043362,0.944614,14:15:09.153333,9.153333333
-0.020593,-0.047630,0.985344,14:15:09.154000,9.154000000
-0.014228,-0.055778,0.970017,14:15:09.154667,9.154666667
-0.048473,-0.090671,0.984617,14:15:09.155333,9.155333333
-0.090962,-0.072130,0.997178,14:15:09.156000,9.156000000
-0.085232,-0.067683,0.990887,14:15:09.156667,9.156666667
-0.052957,-0.030896,0.996389,14:15:09.157333,9.157333333
-0.028051,-0.023197,1.009217,14:15:09.158000,9.158000000
0.083979,0.050276,1.054072,14:15:09.158667,9.158666667
-0.003036,-0.038035,1.014274,14:15:09.159333,9.159333333
-0.171057,-0.076980,0.968361,14:15:09.160000,9.160000000
-0.100936,-0.048047,0.959793,14:15:09.160667,9.160666667
-0.047856,-0.000082,1.029296,14:15:09.161333,9.161333333
-0.051550,-0.045898,1.021688,14:15:09.162000,9.162000000
-0.121945,-0.079854,0.968191,14:15:09.162667,9.162666667
-0.149452,-0.073314,0.963092,14:15:09.163333,9.163333333
-0.123647,-0.051761,0.969825,14:15:09.164000,9.164000000
-0.113795,-0.048580,1.016105,14:15:09.164667,9.164666667
-0.115117,-0.042621,0.994209,14:15:09.165333,9.165333333
-0.118582,-0.039723,0.977067,14:15:09.166000,9.166000000
-0.134377,-0.013552,1.001053,14:15:09.166667,9.166666667
-0.079870,-0.015937,1.034039,14:15:09.167333,9.167333333
-0.045816,0.061422,1.031553,14:15:09.168000,9.168000000
0.075402,0.085353,1.069124,14:15:09.168667,9.168666667
0.135095,0.139398,1.096653,14:15:09.169333,9.169333333
0.040981,0.084890,1.057239,14:15:09.170000,9.170000000
-0.054418,0.034827,1.010270,14:15:09.170667,9.170666667
0.025754,0.050454,1.008482,14:15:09.171333,9.171333333
0.078479,0.109404,1.067842,14:15:09.172000,9.172000000
0.091493,0.091474,1.048000,14:15:09.172667,9.172666667
0.039588,0.047776,1.010634,14:15:09.173333,9.173333333
0.033154,0.008820,1.032538,14:15:09.174000,9.174000000
0.041485,0.043006,1.010411,14:15:09.174667,9.174666667
0.056218,0.050023,1.032684,14:15:09.175333,9.175333333
0.051638,0.044827,1.041948,14:15:09.176000,9.176000000
0.031858,0.021407,1.019061,14:15:09.176667,9.176666667
0.033090,0.028711,1.004481,14:15:09.177333,9.177333333
0.073170,0.064103,1.063586,14:15:09.178000,9.178000000
0.083730,0.095028,1.077264,14:15:09.178667,9.178666667
0.212317,0.124413,1.090268,14:15:09.179333,9.179333333
0.194352,0.138180,1.095734,14:15:09.180000,9.180000000
0.071025,0.038425,1.018005,14:15:09.180667,9.180666667
0.044986,-0.010798,0.975252,14:15:09.181333,9.181333333
0.088038,0.038354,1.004331,14:15:09.182000,9.182000000
0.121990,0.062374,1.008560,14:15:09.182667,9.182666667
0.067699,0.029178,1.005214,14:15:09.183333,9.183333333
0.051852,-0.005923,0.956937,14:15:09.184000,9.184000000
-0.007046,-0.032770,0.951950,14:15:09.184667,9.184666667
0.022668,-0.044751,0.972423,14:15:09.185333,9.185333333
0.004600,-0.002549,0.943455,14:15:09.186000,9.186000000
0.007330,-0.034253,0.923329,14:15:09.186667,9.186666667
-0.029594,-0.018265,0.964158,14:15:09.187333,9.187333333
-0.017725,-0.016838,0.969850,14:15:09.188000,9.188000000
0.033868,0.002268,0.981017,14:15:09.188667,9.188666667
0.015868,-0.003445,1.000498,14:15:09.189333,9.189333333
0.170748,0.073596,1.072188,14:15:09.190000,9.190000000
0.143596,0.062993,1.018682,14:15:09.190667,9.190666667
0.013176,-0.004505,0.931087,14:15:09.191333,9.191333333
-0.034284,-0.035622,0.934116,14:15:09.192000,9.192000000
0.054819,-0.017237,0.971564,14:15:09.192667,9.192666667
0.062219,0.020285,0.978691,14:15:09.193333,9.193333333
0.041114,-0.003710,0.969741,14:15:09.194000,9.194000000
-0.042512,-0.080263,0.952626,14:15:09.194667,9.194666667
-0.028696,-0.080003,0.944741,14:15:09.195333,9.195333333
-0.047979,-0.051765,0.929926,14:15:09.196000,9.196000000
-0.033829,-0.045489,0.992677,14:15:09.196667,9.196666667
-0.065092,-0.072754,0.978488,14:15:09.197333,9.197333333
-0.088878,-0.089147,0.959189,14:15:09.198000,9.198000000
-0.077159,-0.076087,0.989855,14:15:09.198667,9.198666667
-0.049669,-0.061249,1.008854,14:15:09.199333,9.199333333
-0.081249,-0.040099,1.001438,14:15:09.200000,9.200000000
0.109540,0.052995,1.067955,14:15:09.200667,9.200666667
0.020536,0.010142,1.030012,14:15:09.201333,9.201333333
-0.122996,-0.082555,0.958834,14:15:09.202000,9.202000000
-0.111925,-0.070590,1.016836,14:15:09.202667,9.202666667
-0.040874,-0.021478,1.000497,14:15:09.203333,9.203333333
-0.012500,-0.024472,1.011202,14:15:09.204000,9.204000000
-0.122198,-0.048465,0.986191,14:15:09.204667,9.204666667
-0.158744,-0.084583,0.945396,14:15:09.205333,9.205333333
-0.129655,-0.097590,0.950940,14:15:09.206000,9.206000000
-0.089711,-0.059092,0.990417,14:15:09.206667,9.206666667
-0.100905,-0.029658,1.004570,14:15:09.207333,9.207333333
-0.148646,-0.050409,0.962033,14:15:09.208000,9.208000000
-0.119562,-0.047300,1.014966,14:15:09.208667,9.208666667
-0.076969,-0.045084,0.993322,14:15:09.209333,9.209333333
-0.028772,-0.016726,1.012871,14:15:09.210000,9.210000000
-0.007942,0.051945,1.052086,14:15:09.210667,9.210666667
0.124809,0.158057,1.105094,14:15:09.211333,9.211333333
0.028670,0.064739,1.061964,14:15:09.212000,9.212000000
-0.084456,-0.000892,1.005664,14:15:09.212667,9.212666667
0.031562,0.024885,1.004803,14:15:09.213333,9.213333333
0.049346,0.081233,1.080287,14:15:09.214000,9.214000000
0.065172,0.131813,1.022491,14:15:09.214667,9.214666667
0.022350,0.038587,1.001143,14:15:09.215333,9.215333333
-0.013166,0.033570,1.007991,14:15:09.216000,9.216000000
0.029603,0.010341,1.018722,14:15:09.216667,9.216666667
0.017293,0.078540,1.008868,14:15:09.217333,9.217333333
0.070585,0.070311,1.035882,14:15:09.218000,9.218000000
-0.005584,0.048691,1.025700,14:15:09.218667,9.218666667
0.046028,0.062186,1.045346,14:15:09.219333,9.219333333
0.052848,0.086409,1.031383,14:15:09.220000,9.220000000
0.066512,0.077860,1.078185,14:15:09.220667,9.220666667
0.167894,0.131319,1.100808,14:15:09.221333,9.221333333
0.227832,0.134847,1.110592,14:15:09.222000,9.222000000
0.094445,0.067831,1.079662,14:15:09.222667,9.222666667
0.074491,0.008976,1.012371,14:15:09.223333,9.223333333
0.104646,-0.008355,1.016876,14:15:09.224000,9.224000000
0.153480,0.069053,1.056375,14:15:09.224667,9.224666667
0.151355,0.058000,1.006213,14:15:09.225333,9.225333333
0.040301,-0.032378,0.955989,14:15:09.226000,9.226000000
-0.001477,-0.017598,0.965969,14:15:09.226667,9.226666667
0.017812,-0.017531,0.963188,14:15:09.227333,9.227333333
0.008866,-0.032319,1.016221,14:15:09.228000,9.228000000
0.005748,-0.031397,0.950642,14:15:09.228667,9.228666667
-0.020354,-0.028434,0.959053,14:15:09.229333,9.229333333
-0.001611,-0.036883,0.944878,14:15:09.230000,9.230000000
0.015373,0.003287,0.958668,14:15:09.230667,9.230666667
0.023396,0.019452,0.994743,14:15:09.231333,9.231333333
0.136224,0.090372,1.053983,14:15:09.232000,9.232000000
0.115934,0.061314,1.030419,14:15:09.232667,9.232666667
0.030588,-0.027835,0.944672,14:15:09.233333,9.233333333
-0.057875,-0.060281,0.919806,14:15:09.234000,9.234000000
0.044513,-0.007756,0.966477,14:15:09.234667,9.234666667
0.111315,0.018740,0.993160,14:15:09.235333,9.235333333
0.066944,-0.015901,0.965733,14:15:09.236000,9.236000000
-0.021319,-0.043211,0.930957,14:15:09.236667,9.236666667
-0.048185,-0.051118,0.951251,14:15:09.237333,9.237333333
-0.025739,-0.023199,0.945413,14:15:09.238000,9.238000000
-0.021359,-0.029222,0.967026,14:15:09.238667,9.238666667
-0.035297,-0.058696,0.979491,14:15:09.239333,9.239333333
-0.071594,-0.068947,0.976627,14:15:09.240000,9.240000000
-0.064039,-0.042018,0.983587,14:15:09.240667,9.240666667
-0.034394,-0.040837,0.993232,14:15:09.241333,9.241333333
-0.034451,-0.015624,0.991833,14:15:09.242000,9.242000000
0.084295,0.055050,1.035578,14:15:09.242667,9.242666667
0.048056,0.025185,1.037894,14:15:09.243333,9.243333333
-0.125025,-0.063394,0.982382,14:15:09.244000,9.244000000
-0.080120,-0.111676,0.967936,14:15:09.244667,9.244666667
-0.057649,-0.021217,1.008694,14:15:09.245333,9.245333333
-0.023122,0.002901,0.995041,14:15:09.246000,9.246000000
-0.072968,-0.074803,0.992232,14:15:09.246667,9.246666667
-0.123305,-0.109136,0.966478,14:15:09.247333,9.247333333
-0.137324,-0.088577,0.969413,14:15:09.248000,9.248000000
-0.104219,-0.081948,0.988888,14:15:09.248667,9.248666667
-0.143216,-0.048625,0.967117,14:15:09.249333,9.249333333
-0.101625,-0.067799,0.951245,14:15:09.250000,9.250000000
-0.137289,-0.045185,1.000171,14:15:09.250667,9.250666667
-0.117146,-0.016109,0.998006,14:15:09.251333,9.251333333
-0.077636,0.013789,1.023601,14:15:09.252000,9.252000000
-0.046554,0.000165,1.014240,14:15:09.252667,9.252666667
0.092610,0.130099,1.119917,14:15:09.253333,9.253333333
0.018601,0.066071,1.037533,14:15:09.254000,9.254000000
-0.074374,0.033574,1.007843,14:15:09.254667,9.254666667
-0.042132,0.018680,1.019086,14:15:09.255333,9.255333333
0.024109,0.065210,1.058645,14:15:09.256000,9.256000000
0.067837,0.077016,1.034458,14:15:09.256667,9.256666667
0.041017,0.024481,1.030216,14:15:09.257333,9.257333333
-0.038633,0.019991,0.995614,14:15:09.258000,9.258000000
0.004713,0.019122,1.002772,14:15:09.258667,9.258666667
0.030650,0.047304,1.028787,14:15:09.259333,9.259333333
0.029328,0.068853,1.025862,14:15:09.260000,9.260000000
0.011319,0.068797,1.038705,14:15:09.260667,9.260666667
0.048046,0.072293,1.047797,14:15:09.261333,9.261333333
0.050788,0.071955,1.042338,14:15:09.262000,9.262000000
0.087275,0.080007,1.046776,14:15:09.262667,9.262666667
0.164420,0.105435,1.066020,14:15:09.263333,9.263333333
0.250316,0.166813,1.126716,14:15:09.264000,9.264000000
0.121922,0.090174,1.053064,14:15:09.264667,9.264666667
0.036395,0.008183,1.029914,14:15:09.265333,9.265333333
0.092170,0.025652,1.010585,14:15:09.266000,9.266000000
0.171353,0.082930,1.025967,14:15:09.266667,9.266666667
0.128582,0.062246,1.027901,14:15:09.267333,9.267333333
0.059089,0.008148,1.000736,14:15:09.268000,9.268000000
0.013525,-0.018555,0.957874,14:15:09.268667,9.268666667
0.024844,-0.014134,0.972512,14:15:09.269333,9.269333333
0.062452,-0.025474,0.964008,14:15:09.270000,9.270000000
-0.003527,0.001002,0.978292,14:15:09.270667,9.270666667
-0.007630,-0.033985,0.963513,14:15:09.271333,9.271333333
0.017738,-0.019632,0.969552,14:15:09.272000,9.272000000
0.007528,0.002988,0.981175,14:15:09.272667,9.272666667
0.052392,0.031019,0.966791,14:15:09.273333,9.273333333
0.099991,0.086673,1.024201,14:15:09.274000,9.274000000
0.178672,0.120715,1.004048,14:15:09.274667,9.274666667
0.057308,0.009179,0.929796,14:15:09.275333,9.275333333
-0.060999,-0.053858,0.943454,14:15:09.276000,9.276000000
0.039902,-0.008559,0.960285,14:15:09.276667,9.276666667
0.090665,0.006675,0.983026,14:15:09.277333,9.277333333
0.066169,-0.036418,0.975981,14:15:09.278000,9.278000000
0.001370,-0.058140,0.925678,14:15:09.278667,9.278666667
-0.001853,-0.051955,0.914230,14:15:09.279333,9.279333333
-0.014921,-0.038048,0.962296,14:15:09.280000,9.280000000
-0.037835,-0.061035,0.948988,14:15:09.280667,9.280666667
-0.042402,-0.040141,0.955087,14:15:09.281333,9.281333333
-0.087710,-0.072229,0.961520,14:15:09.282000,9.282000000
-0.051570,-0.039632,0.973606,14:15:09.282667,9.282666667
-0.030368,-0.039975,1.000020,14:15:09.283333,9.283333333
-0.016526,-0.022753,1.002416,14:15:09.284000,9.284000000
0.114842,0.057429,1.040878,14:15:09.284667,9.284666667
0.022381,0.002734,1.031157,14:15:09.285333,9.285333333
-0.079164,-0.066941,1.006379,14:15:09.286000,9.286000000
-0.109545,-0.077545,0.962304,14:15:09.286667,9.286666667
-0.029516,-0.050437,1.014939,14:15:09.287333,9.287333333
0.018979,0.005222,1.007433,14:15:09.288000,9.288000000
-0.063180,-0.085765,0.980642,14:15:09.288667,9.288666667
-0.134864,-0.114106,0.970869,14:15:09.289333,9.289333333
-0.141119,-0.106249,0.968594,14:15:09.290000,9.290000000
-0.125126,-0.068864,0.997768,14:15:09.290667,9.290666667
-0.129208,-0.075423,0.976754,14:15:09.291333,9.291333333
-0.126016,-0.065251,0.976603,14:15:09.292000,9.292000000
-0.126166,-0.028340,1.016672,14:15:09.292667,9.292666667
-0.102427,-0.026742,0.999316,14:15:09.293333,9.293333333
-0.098228,-0.014038,1.017177,14:15:09.294000,9.294000000
-0.099215,0.001807,1.014856,14:15:09.294667,9.294666667
0.080810,0.111445,1.091382,14:15:09.295333,9.295333333
0.054177,0.055348,1.070758,14:15:09.296000,9.296000000
-0.073152,0.015370,0.977726,14:15:09.296667,9.296666667
-0.051512,-0.008320,0.993475,14:15:09.297333,9.297333333
0.030566,0.096137,1.022223,14:15:09.298000,9.298000000
0.049628,0.051851,1.052417,14:15:09.298667,9.298666667
0.000145,0.067254,0.993982,14:15:09.299333,9.299333333
-0.023868,0.016330,0.987508,14:15:09.300000,9.300000000
-0.057003,0.013975,1.017982,14:15:09.300667,9.300666667
0.002854,0.024742,1.034451,14:15:09.301333,9.301333333
0.024698,0.043939,1.042705,14:15:09.302000,9.302000000
0.009323,0.017947,1.067835,14:15:09.302667,9.302666667
0.032520,0.042845,1.039577,14:15:09.303333,9.303333333
0.019686,0.081097,1.044154,14:15:09.304000,9.304000000
0.100826,0.088481,1.077452,14:15:09.304667,9.304666667
0.094251,0.099202,1.090659,14:15:09.305333,9.305333333
0.224220,0.164674,1.128335,14:15:09.306000,9.306000000
0.149292,0.120873,1.045754,14:15:09.306667,9.306666667
0.030100,0.027402,1.029383,14:15:09.307333,9.307333333
0.095696,0.003032,1.026636,14:15:09.308000,9.308000000
0.145624,0.037576,1.032594,14:15:09.308667,9.308666667
0.158591,0.036279,1.050852,14:15:09.309333,9.309333333
0.053934,0.021009,1.007482,14:15:09.310000,9.310000000
0.019634,-0.038859,0.951799,14:15:09.310667,9.310666667
0.011487,-0.009585,1.002668,14:15:09.311333,9.311333333
0.060520,-0.012919,0.997872,14:15:09.312000,9.312000000
0.042126,-0.020959,1.000738,14:15:09.312667,9.312666667
-0.018306,-0.022761,0.972840,14:15:09.313333,9.313333333
0.027755,-0.023513,0.974551,14:15:09.314000,9.314000000
0.015662,0.011994,0.982820,14:15:09.314667,9.314666667
0.043432,0.016530,0.991100,14:15:09.315333,9.315333333
0.162799,0.060296,0.999114,14:15:09.316000,9.316000000
0.167045,0.103663,1.051456,14:15:09.316667,9.316666667
0.064907,0.027728,0.997086,14:15:09.317333,9.317333333
-0.039075,-0.023083,0.955074,14:15:09.318000,9.318000000
0.005000,-0.000454,0.963397,14:15:09.318667,9.318666667
0.111615,-0.004000,0.987988,14:15:09.319333,9.319333333
0.079375,0.006593,0.985018,14:15:09.320000,9.320000000
0.012200,-0.034348,0.935121,14:15:09.320667,9.320666667
-0.027009,-0.060726,0.918072,14:15:09.321333,9.321333333
-0.006035,-0.055465,0.955933,14:15:09.322000,9.322000000
0.012128,-0.024155,0.944770,14:15:09.322667,9.322666667
0.012749,-0.028139,0.956478,14:15:09.323333,9.323333333
-0.022467,-0.027254,0.965854,14:15:09.324000,9.324000000
-0.053222,-0.067555,0.974587,14:15:09.324667,9.324666667
-0.021543,-0.049937,0.988859,14:15:09.325333,9.325333333
-0.041212,-0.018494,1.000131,14:15:09.326000,9.326000000
0.090075,0.033651,1.046117,14:15:09.326667,9.326666667
0.095497,0.051302,1.087905,14:15:09.327333,9.327333333
-0.055759,-0.013349,0.995078,14:15:09.328000,9.328000000
-0.078334,-0.101702,0.967196,14:15:09.328667,9.328666667
-0.061492,-0.072369,1.006887,14:15:09.329333,9.329333333
0.005686,-0.017756,0.993386,14:15:09.330000,9.330000000
-0.046105,-0.043929,0.997706,14:15:09.330667,9.330666667
-0.140794,-0.096114,0.946201,14:15:09.331333,9.331333333
-0.125468,-0.088149,0.941181,14:15:09.332000,9.332000000
-0.125810,-0.075012,0.962895,14:15:09.332667,9.332666667
-0.133945,-0.063115,0.948591,14:15:09.333333,9.333333333
-0.126758,-0.108829,0.997526,14:15:09.334000,9.334000000
-0.168300,-0.073501,0.977200,14:15:09.334667,9.334666667
-0.129216,-0.035845,0.989055,14:15:09.335333,9.335333333
-0.143457,-0.037014,1.011544,14:15:09.336000,9.336000000
-0.056989,-0.006261,1.026176,14:15:09.336667,9.336666667
0.028971,0.097471,1.092533,14:15:09.337333,9.337333333
0.026512,0.108631,1.059297,14:15:09.338000,9.338000000
-0.113478,-0.010079,1.006292,14:15:09.338667,9.338666667
-0.096669,-0.042150,0.983722,14:15:09.339333,9.339333333
0.007926,0.083825,1.012292,14:15:09.340000,9.340000000
0.035129,0.085601,1.050310,14:15:09.340667,9.340666667
0.024770,0.064263,1.022492,14:15:09.341333,9.341333333
-0.027057,-0.013684,1.010532,14:15:09.342000,9.342000000
-0.041261,0.033125,1.020713,14:15:09.342667,9.342666667
0.007295,0.041614,1.012910,14:15:09.343333,9.343333333
0.004447,0.031541,1.004613,14:15:09.344000,9.344000000
0.005266,0.051492,1.043598,14:15:09.344667,9.344666667
0.014866,0.054823,1.020481,14:15:09.345333,9.345333333
0.024786,0.030023,1.027734,14:15:09.346000,9.346000000
0.070519,0.072114,1.067984,14:15:09.346667,9.346666667
0.079513,0.084262,1.084753,14:15:09.347333,9.347333333
0.245708,0.185569,1.140122,14:15:09.348000,9.348000000
0.171964,0.137874,1.096470,14:15:09.348667,9.348666667
0.085198,0.057173,1.030864,14:15:09.349333,9.349333333
0.036897,0.034767,1.008334,14:15:09.350000,9.350000000
0.150340,0.072586,1.053028,14:15:09.350667,9.350666667
0.151386,0.085581,1.024531,14:15:09.351333,9.351333333
0.075537,0.038941,1.019510,14:15:09.352000,9.352000000
0.024729,-0.025884,0.946408,14:15:09.352667,9.352666667
0.028766,-0.037729,0.970996,14:15:09.353333,9.353333333
0.047381,0.018557,1.001488,14:15:09.354000,9.354000000
0.028772,0.001529,0.972869,14:15:09.354667,9.354666667
0.031519,-0.042087,0.983996,14:15:09.355333,9.355333333
-0.001922,0.005437,0.963356,14:15:09.356000,9.356000000
0.021249,0.012247,0.979223,14:15:09.356667,9.356666667
0.003281,0.009612,0.986059,14:15:09.357333,9.357333333
0.097564,0.049330,0.987272,14:15:09.358000,9.358000000
0.217184,0.111193,1.042695,14:15:09.358667,9.358666667
0.110568,0.033256,0.978428,14:15:09.359333,9.359333333
-0.050862,-0.029919,0.929435,14:15:09.360000,9.360000000
0.003210,0.009777,0.977911,14:15:09.360667,9.360666667
0.084623,0.036550,0.992948,14:15:09.361333,9.361333333
0.087690,0.028666,0.983466,14:15:09.362000,9.362000000
0.021952,-0.055828,0.971124,14:15:09.362667,9.362666667
-0.031515,-0.067882,0.936346,14:15:09.363333,9.363333333
0.005824,-0.032544,0.942166,14:15:09.364000,9.364000000
0.018390,-0.019525,0.971868,14:15:09.364667,9.364666667
0.021397,-0.057625,0.982619,14:15:09.365333,9.365333333
-0.066969,-0.053113,0.928365,14:15:09.366000,9.366000000
-0.028730,-0.038889,0.953093,14:15:09.366667,9.366666667
-0.014801,-0.028218,0.999178,14:15:09.367333,9.367333333
0.009463,-0.018351,1.005700,14:15:09.368000,9.368000000
0.072083,0.035640,1.020044,14:15:09.368667,9.368666667
0.109327,0.052418,1.041524,14:15:09.369333,9.369333333
-0.034061,0.000457,0.964500,14:15:09.370000,9.370000000
-0.083258,-0.045718,0.948109,14:15:09.370667,9.370666667
-0.030361,-0.047379,0.958207,14:15:09.371333,9.371333333
0.031358,0.000963,1.018441,14:15:09.372000,9.372000000
-0.029621,-0.020005,1.005100,14:15:09.372667,9.372666667
-0.072402,-0.071796,0.948915,14:15:09.373333,9.373333333
-0.112168,-0.096163,0.982294,14:15:09.374000,9.374000000
-0.113797,-0.098422,0.980387,14:15:09.374667,9.374666667
-0.103298,-0.079362,0.990384,14:15:09.375333,9.375333333
-0.137801,-0.085503,0.968807,14:15:09.376000,9.376000000
-0.149906,-0.076284,0.983204,14:15:09.376667,9.376666667
-0.163806,-0.023903,0.997894,14:15:09.377333,9.377333333
-0.119366,-0.035880,1.002825,14:15:09.378000,9.378000000
-0.085345,-0.015927,1.025038,14:15:09.378667,9.378666667
-0.003464,0.069672,1.067326,14:15:09.379333,9.379333333
0.050374,0.095507,1.078594,14:15:09.380000,9.380000000
-0.092517,-0.006142,0.992426,14:15:09.380667,9.380666667
-0.087760,-0.021881,0.961725,14:15:09.381333,9.381333333
-0.011861,0.000017,0.999144,14:15:09.382000,9.382000000
0.019735,0.055469,1.016730,14:15:09.382667,9.382666667
0.024770,0.057897,1.006519,14:15:09.383333,9.383333333
-0.066929,0.012445,0.992582,14:15:09.384000,9.384000000
-0.064870,0.018022,0.975690,14:15:09.384667,9.384666667
-0.043436,0.042663,1.023766,14:15:09.385333,9.385333333
-0.005503,0.064948,1.026516,14:15:09.386000,9.386000000
-0.022424,0.020065,1.050748,14:15:09.386667,9.386666667
-0.011291,0.052528,1.026771,14:15:09.387333,9.387333333
0.006329,0.067269,1.041594,14:15:09.388000,9.388000000
0.024503,0.064521,1.040829,14:15:09.388667,9.388666667
0.105870,0.101114,1.094772,14:15:09.389333,9.389333333
0.228679,0.148019,1.131726,14:15:09.390000,9.390000000
0.214679,0.114334,1.085514,14:15:09.390667,9.390666667
0.076247,0.038093,1.021627,14:15:09.391333,9.391333333
0.053900,0.034245,1.016396,14:15:09.392000,9.392000000
0.156088,0.115083,1.025321,14:15:09.392667,9.392666667
0.157621,0.102921,1.061803,14:15:09.393333,9.393333333
0.115400,0.044360,1.020747,14:15:09.394000,9.394000000
0.014937,0.009011,1.021438,14:15:09.394667,9.394666667
0.016953,-0.014047,1.012279,14:15:09.395333,9.395333333
0.051171,0.002894,0.991244,14:15:09.396000,9.396000000
0.056641,-0.029883,1.007646,14:15:09.396667,9.396666667
0.061106,0.014068,0.960639,14:15:09.397333,9.397333333
0.025980,-0.015608,0.983653,14:15:09.398000,9.398000000
0.027677,0.034070,1.008157,14:15:09.398667,9.398666667
0.055730,0.020133,1.009746,14:15:09.399333,9.399333333
0.026979,0.047049,1.023588,14:15:09.400000,9.400000000
0.196959,0.112630,1.058156,14:15:09.400667,9.400666667
0.134535,0.066424,0.988886,14:15:09.401333,9.401333333
0.010987,0.002839,0.971495,14:15:09.402000,9.402000000
0.001756,-0.034649,0.930130,14:15:09.402667,9.402666667
0.051134,0.031982,0.985494,14:15:09.403333,9.403333333
0.099835,0.014626,0.976153,14:15:09.404000,9.404000000
0.030360,-0.025342,0.958085,14:15:09.404667,9.404666667
-0.012880,-0.072992,0.930113,14:15:09.405333,9.405333333
-0.017044,-0.039522,0.945107,14:15:09.406000,9.406000000
-0.035106,-0.028776,0.944181,14:15:09.406667,9.406666667
0.006807,-0.039460,0.942189,14:15:09.407333,9.407333333
-0.045975,-0.067588,0.949540,14:15:09.408000,9.408000000
-0.059261,-0.058225,0.956940,14:15:09.408667,9.408666667
-0.038968,-0.012104,0.973108,14:15:09.409333,9.409333333
-0.012212,-0.031481,1.002190,14:15:09.410000,9.410000000
0.040660,0.020836,1.013674,14:15:09.410667,9.410666667
0.097248,0.095701,1.042021,14:15:09.411333,9.411333333
0.061762,-0.029865,0.979637,14:15:09.412000,9.412000000
-0.066869,-0.089299,0.933226,14:15:09.412667,9.412666667
-0.074124,-0.064730,0.965694,14:15:09.413333,9.413333333
0.000266,-0.011024,1.015428,14:15:09.414000,9.414000000
-0.020197,-0.062326,1.026154,14:15:09.414667,9.414666667
-0.097002,-0.078674,0.970854,14:15:09.415333,9.415333333
-0.094950,-0.122817,0.924557,14:15:09.416000,9.416000000
-0.113926,-0.101328,0.959734,14:15:09.416667,9.416666667
-0.067908,-0.067540,0.987680,14:15:09.417333,9.417333333
-0.127603,-0.082274,0.971944,14:15:09.418000,9.418000000
-0.141265,-0.112559,0.965183,14:15:09.418667,9.418666667
-0.125803,-0.069140,0.970148,14:15:09.419333,9.419333333
-0.114232,-0.056278,1.004507,14:15:09.420000,9.420000000
-0.117081,-0.050729,1.000571,14:15:09.420667,9.420666667
0.018513,0.041454,1.033354,14:15:09.421333,9.421333333
0.038225,0.069418,1.071696,14:15:09.422000,9.422000000
-0.062006,0.032587,1.025445,14:15:09.422667,9.422666667
-0.099125,-0.050743,0.990721,14:15:09.423333,9.423333333
-0.036853,0.007722,0.965174,14:15:09.424000,9.424000000
0.017829,0.042672,1.021356,14:15:09.424667,9.424666667
0.020395,0.020591,1.014576,14:15:09.425333,9.425333333
-0.044312,-0.017450,0.988316,14:15:09.426000,9.426000000
-0.080069,-0.004464,1.006804,14:15:09.426667,9.426666667
-0.054005,0.022152,1.005561,14:15:09.427333,9.427333333
-0.037625,0.008320,1.046635,14:15:09.428000,9.428000000
-0.041366,0.042453,1.026550,14:15:09.428667,9.428666667
-0.035478,0.035434,1.017076,14:15:09.429333,9.429333333
0.027273,0.078077,1.034437,14:15:09.430000,9.430000000
0.039208,0.086804,1.048868,14:15:09.430667,9.430666667
0.073624,0.089354,1.079049,14:15:09.431333,9.431333333
0.158913,0.193264,1.127576,14:15:09.432000,9.432000000
0.204530,0.182149,1.095421,14:15:09.432667,9.432666667
0.058338,0.052318,1.034105,14:15:09.433333,9.433333333
0.032598,0.027591,1.020374,14:15:09.434000,9.434000000
0.156681,0.087370,1.049923,14:15:09.434667,9.434666667
0.139053,0.113555,1.063010,14:15:09.435333,9.435333333
0.116567,0.063983,1.038063,14:15:09.436000,9.436000000
0.087916,0.007802,0.991420,14:15:09.436667,9.436666667
0.030365,-0.019838,0.981193,14:15:09.437333,9.437333333
0.055045,-0.019789,1.009216,14:15:09.438000,9.438000000
-0.004757,0.005110,1.017149,14:15:09.438667,9.438666667
0.016049,-0.009141,0.981364,14:15:09.439333,9.439333333
0.017178,-0.014657,0.986963,14:15:09.440000,9.440000000
0.036675,0.001914,0.966250,14:15:09.440667,9.440666667
0.051342,0.009492,0.970723,14:15:09.441333,9.441333333
0.054198,0.016213,0.989647,14:15:09.442000,9.442000000
0.226485,0.104735,1.045190,14:15:09.442667,9.442666667
0.138154,0.063157,1.044652,14:15:09.443333,9.443333333
0.008826,-0.031195,0.984838,14:15:09.444000,9.444000000
-0.008822,-0.020637,0.955018,14:15:09.444667,9.444666667
0.066497,0.010857,0.973236,14:15:09.445333,9.445333333
0.107709,0.036680,0.980314,14:15:09.446000,9.446000000
0.064306,0.009014,0.979981,14:15:09.446667,9.446666667
-0.041991,-0.028772,0.928072,14:15:09.447333,9.447333333
0.007161,-0.055596,0.943562,14:15:09.448000,9.448000000
0.011764,-0.018508,0.938523,14:15:09.448667,9.448666667
-0.004330,-0.025762,0.961771,14:15:09.449333,9.449333333
-0.009034,-0.037610,0.967382,14:15:09.450000,9.450000000
-0.068081,-0.073664,0.964769,14:15:09.450667,9.450666667
0.003220,-0.010403,0.977188,14:15:09.451333,9.451333333
0.011704,-0.000152,0.999612,14:15:09.452000,9.452000000
0.017377,0.002433,1.003384,14:15:09.452667,9.452666667
0.145985,0.081207,1.055520,14:15:09.453333,9.453333333
0.098010,0.027685,1.018440,14:15:09.454000,9.454000000
-0.054721,-0.067021,0.967009,14:15:09.454667,9.454666667
-0.033993,-0.063793,0.984132,14:15:09.455333,9.455333333
0.014822,-0.020568,0.988009,14:15:09.456000,9.456000000
0.027860,-0.004709,0.995469,14:15:09.456667,9.456666667
-0.068882,-0.041299,0.994445,14:15:09.457333,9.457333333
-0.127072,-0.118174,0.934034,14:15:09.458000,9.458000000
-0.096067,-0.125564,0.972563,14:15:09.458667,9.458666667
-0.131725,-0.072191,0.999549,14:15:09.459333,9.459333333
-0.126521,-0.068330,0.982557,14:15:09.460000,9.460000000
-0.133658,-0.098077,0.974604,14:15:09.460667,9.460666667
-0.134300,-0.077971,0.977967,14:15:09.461333,9.461333333
-0.114640,-0.047469,0.993064,14:15:09.462000,9.462000000
-0.095672,-0.022399,1.003833,14:15:09.462667,9.462666667
-0.048999,-0.009225,1.022143,14:15:09.463333,9.463333333
0.065976,0.094637,1.074825,14:15:09.464000,9.464000000
-0.010428,0.033235,1.029142,14:15:09.464667,9.464666667
-0.122958,-0.070903,1.017874,14:15:09.465333,9.465333333
-0.082844,-0.034207,0.981323,14:15:09.466000,9.466000000
0.007494,0.014917,1.033854,14:15:09.466667,9.466666667
0.001883,0.033467,1.025188,14:15:09.467333,9.467333333
-0.071230,-0.040891,0.993302,14:15:09.468000,9.468000000
-0.100485,-0.036507,0.959818,14:15:09.468667,9.468666667
-0.096592,-0.010022,0.989031,14:15:09.469333,9.469333333
-0.013687,0.023076,1.006108,14:15:09.470000,9.470000000
-0.039082,0.016055,1.013488,14:15:09.470667,9.470666667
-0.054524,-0.000112,1.022918,14:15:09.471333,9.471333333
-0.043885,0.016115,1.017149,14:15:09.472000,9.472000000
0.020431,0.054333,1.045828,14:15:09.472667,9.472666667
0.054209,0.085592,1.047352,14:15:09.473333,9.473333333
0.130541,0.136701,1.101354,14:15:09.474000,9.474000000
0.187110,0.177320,1.117974,14:15:09.474667,9.474666667
0.093547,0.103296,1.055876,14:15:09.475333,9.475333333
0.049166,0.027384,1.002107,14:15:09.476000,9.476000000
0.058548,0.060024,1.029419,14:15:09.476667,9.476666667
0.160023,0.086612,1.065796,14:15:09.477333,9.477333333
0.149460,0.062564,1.029183,14:15:09.478000,9.478000000
0.045510,0.027601,1.005895,14:15:09.478667,9.478666667
0.016472,-0.001130,1.000586,14:15:09.479333,9.479333333
0.071636,-0.000007,1.017441,14:15:09.480000,9.480000000
0.047032,0.012293,0.994689,14:15:09.480667,9.480666667
-0.008261,0.028301,0.997181,14:15:09.481333,9.481333333
0.009674,-0.008658,1.001847,14:15:09.482000,9.482000000
0.018136,-0.012994,1.014809,14:15:09.482667,9.482666667
0.043525,0.018797,1.025987,14:15:09.483333,9.483333333
0.072724,0.025633,1.031086,14:15:09.484000,9.484000000
0.180074,0.105463,1.060051,14:15:09.484667,9.484666667
0.145362,0.091640,1.053896,14:15:09.485333,9.485333333
0.045767,0.015137,0.996398,14:15:09.486000,9.486000000
0.002510,-0.012852,0.954629,14:15:09.486667,9.486666667
0.030288,0.010107,0.974404,14:15:09.487333,9.487333333
0.103258,0.060672,0.993211,14:15:09.488000,9.488000000
0.038208,0.001673,0.942509,14:15:09.488667,9.488666667
-0.020470,-0.057894,0.932600,14:15:09.489333,9.489333333
-0.033546,-0.064569,0.920388,14:15:09.490000,9.490000000
-0.001742,-0.049377,0.931589,14:15:09.490667,9.490666667
-0.013867,0.000397,0.950518,14:15:09.491333,9.491333333
-0.054366,-0.039307,0.955538,14:15:09.492000,9.492000000
-0.074914,-0.040938,0.955359,14:15:09.492667,9.492666667
-0.026835,-0.019950,0.963461,14:15:09.493333,9.493333333
0.003629,-0.034957,0.970819,14:15:09.494000,9.494000000
0.023537,-0.009087,0.994960,14:15:09.494667,9.494666667
0.137109,0.083793,1.055249,14:15:09.495333,9.495333333
0.077496,-0.005611,1.010964,14:15:09.496000,9.496000000
-0.034916,-0.039965,0.941697,14:15:09.496667,9.496666667
-0.076300,-0.071219,0.971698,14:15:09.497333,9.497333333
-0.004973,-0.023830,1.008226,14:15:09.498000,9.498000000
0.032775,-0.005952,1.012378,14:15:09.498667,9.498666667
-0.011256,-0.036316,1.005206,14:15:09.499333,9.499333333
-0.059811,-0.103873,0.941725,14:15:09.500000,9.500000000
-0.090739,-0.074051,0.964156,14:15:09.500667,9.500666667
-0.080363,-0.061825,1.004006,14:15:09.501333,9.501333333
-0.072622,-0.078199,0.989963,14:15:09.502000,9.502000000
-0.158890,-0.095054,1.010920,14:15:09.502667,9.502666667
-0.144317,-0.087492,0.968326,14:15:09.503333,9.503333333
-0.134669,-0.052572,0.976815,14:15:09.504000,9.504000000
-0.091240,-0.057500,0.977664,14:15:09.504667,9.504666667
-0.106776,-0.037566,1.020180,14:15:09.505333,9.505333333
0.040016,0.094990,1.068883,14:15:09.506000,9.506000000
-0.030109,0.019335,1.037712,14:15:09.506667,9.506666667
-0.117926,-0.033337,1.001156,14:15:09.507333,9.507333333
-0.126830,-0.024072,0.998637,14:15:09.508000,9.508000000
-0.012578,-0.012002,1.011905,14:15:09.508667,9.508666667
-0.042012,0.017927,1.016770,14:15:09.509333,9.509333333
-0.085546,-0.000812,0.988653,14:15:09.510000,9.510000000
-0.116536,-0.041214,0.967912,14:15:09.510667,9.510666667
-0.042827,-0.009731,0.979448,14:15:09.511333,9.511333333
-0.089542,0.034914,1.003264,14:15:09.512000,9.512000000
-0.035062,0.029972,0.990276,14:15:09.512667,9.512666667
-0.072013,0.008683,1.010118,14:15:09.513333,9.513333333
-0.015703,0.018280,1.008064,14:15:09.514000,9.514000000
0.014649,0.068819,1.043796,14:15:09.514667,9.514666667
0.037677,0.077499,1.056525,14:15:09.515333,9.515333333
0.117110,0.132849,1.116736,14:15:09.516000,9.516000000
0.185324,0.197506,1.115374,14:15:09.516667,9.516666667
0.118581,0.122489,1.030995,14:15:09.517333,9.517333333
0.027220,0.030690,1.012710,14:15:09.518000,9.518000000
0.068040,0.061418,1.038794,14:15:09.518667,9.518666667
0.188994,0.099247,1.060437,14:15:09.519333,9.519333333
0.122245,0.086034,1.074120,14:15:09.520000,9.520000000
0.106513,0.045406,1.005336,14:15:09.520667,9.520666667
0.046893,0.024749,1.004035,14:15:09.521333,9.521333333
0.036156,0.034246,0.997696,14:15:09.522000,9.522000000
0.070569,0.039017,1.002959,14:15:09.522667,9.522666667
0.043523,0.026497,1.017326,14:15:09.523333,9.523333333
0.045217,-0.031098,0.997870,14:15:09.524000,9.524000000
0.045786,-0.015173,0.995797,14:15:09.524667,9.524666667
0.092151,0.031578,1.014786,14:15:09.525333,9.525333333
0.076788,0.058072,1.024910,14:15:09.526000,9.526000000
0.127799,0.093055,1.073974,14:15:09.526667,9.526666667
0.179127,0.132376,1.058005,14:15:09.527333,9.527333333
0.090741,0.032145,0.983907,14:15:09.528000,9.528000000
0.004437,-0.025953,0.952140,14:15:09.528667,9.528666667
0.056112,-0.010746,0.987182,14:15:09.529333,9.529333333
0.140495,0.013189,0.965657,14:15:09.530000,9.530000000
0.078244,0.025323,0.980714,14:15:09.530667,9.530666667
-0.013879,-0.061872,0.930148,14:15:09.531333,9.531333333
0.000192,-0.074113,0.928258,14:15:09.532000,9.532000000
0.001861,-0.055505,0.914355,14:15:09.532667,9.532666667
0.004576,-0.028421,0.967363,14:15:09.533333,9.533333333
-0.062279,-0.022132,0.954357,14:15:09.534000,9.534000000
-0.027989,-0.052671,0.975411,14:15:09.534667,9.534666667
-0.012234,-0.023757,0.976154,14:15:09.535333,9.535333333
0.009087,-0.016034,0.966303,14:15:09.536000,9.536000000
0.056100,0.002604,0.980650,14:15:09.536667,9.536666667
0.126416,0.067739,1.057119,14:15:09.537333,9.537333333
0.116008,0.096240,1.048970,14:15:09.538000,9.538000000
-0.015229,-0.018359,0.991790,14:15:09.538667,9.538666667
-0.059346,-0.082600,0.957256,14:15:09.539333,9.539333333
0.030735,-0.044746,1.006322,14:15:09.540000,9.540000000
0.057714,0.009234,0.991865,14:15:09.540667,9.540666667
-0.002648,-0.027387,0.972397,14:15:09.541333,9.541333333
-0.061275,-0.073132,0.967413,14:15:09.542000,9.542000000
-0.086042,-0.104860,0.963613,14:15:09.542667,9.542666667
-0.070241,-0.072387,0.993644,14:15:09.543333,9.543333333
-0.080848,-0.070355,0.989163,14:15:09.544000,9.544000000
-0.111036,-0.101577,0.973201,14:15:09.544667,9.544666667
-0.156871,-0.080045,0.978255,14:15:09.545333,9.545333333
-0.118756,-0.085280,0.991322,14:15:09.546000,9.546000000
-0.103467,-0.013226,1.013387,14:15:09.546667,9.546666667
-0.070533,-0.035671,1.014433,14:15:09.547333,9.547333333
0.068648,0.056323,1.065666,14:15:09.548000,9.548000000
0.024435,0.041001,1.037889,14:15:09.548667,9.548666667
-0.122995,-0.064309,0.958031,14:15:09.549333,9.549333333
-0.108938,-0.052844,0.987383,14:15:09.550000,9.550000000
-0.013218,-0.005661,1.024275,14:15:09.550667,9.550666667
0.015150,0.007051,1.020259,14:15:09.551333,9.551333333
-0.035605,-0.024917,0.983281,14:15:09.552000,9.552000000
-0.090565,-0.044432,0.987847,14:15:09.552667,9.552666667
-0.100094,-0.016682,0.987426,14:15:09.553333,9.553333333
-0.078847,0.043172,0.968835,14:15:09.554000,9.554000000
-0.044287,-0.003401,1.034137,14:15:09.554667,9.554666667
-0.088218,0.026786,0.985603,14:15:09.555333,9.555333333
-0.068405,0.046128,1.034879,14:15:09.556000,9.556000000
-0.036523,0.039114,1.007566,14:15:09.556667,9.556666667
0.046424,0.070713,1.046786,14:15:09.557333,9.557333333
0.068277,0.095814,1.088262,14:15:09.558000,9.558000000
0.195242,0.208350,1.112234,14:15:09.558667,9.558666667
0.128826,0.126931,1.079069,14:15:09.559333,9.559333333
0.035997,0.015578,1.028273,14:15:09.560000,9.560000000
0.063119,0.036761,1.025438,14:15:09.560667,9.560666667
0.144578,0.104191,1.053748,14:15:09.561333,9.561333333
0.141155,0.088481,1.064069,14:15:09.562000,9.562000000
0.058191,0.015475,1.010433,14:15:09.562667,9.562666667
0.029645,0.009696,1.009724,14:15:09.563333,9.563333333
0.058601,0.018904,1.001356,14:15:09.564000,9.564000000
0.077187,0.030431,1.023135,14:15:09.564667,9.564666667
0.075817,-0.001691,1.012677,14:15:09.565333,9.565333333
0.039716,0.017213,1.007795,14:15:09.566000,9.566000000
0.055078,0.003099,1.013075,14:15:09.566667,9.566666667
0.084884,0.014578,1.022958,14:15:09.567333,9.567333333
0.090334,0.034322,1.041381,14:15:09.568000,9.568000000
0.113712,0.098907,1.059173,14:15:09.568667,9.568666667
0.226746,0.139108,1.060634,14:15:09.569333,9.569333333
0.090859,0.042066,1.013821,14:15:09.570000,9.570000000
-0.009371,-0.030787,0.955085,14:15:09.570667,9.570666667
0.053018,0.025333,0.981241,14:15:09.571333,9.571333333
0.136097,0.033524,0.993777,14:15:09.572000,9.572000000
0.049630,0.013176,0.989169,14:15:09.572667,9.572666667
0.013519,-0.038820,0.947643,14:15:09.573333,9.573333333
0.000209,-0.064487,0.920586,14:15:09.574000,9.574000000
-0.007581,-0.038853,0.939718,14:15:09.574667,9.574666667
0.004956,-0.053121,0.962103,14:15:09.575333,9.575333333
0.008211,-0.040899,0.970123,14:15:09.576000,9.576000000
0.005025,-0.017787,0.930587,14:15:09.576667,9.576666667
-0.036512,-0.015498,0.961721,14:15:09.577333,9.577333333
0.003564,-0.003166,0.968943,14:15:09.578000,9.578000000
-0.018364,-0.008957,0.971432,14:15:09.578667,9.578666667
0.135491,0.068491,1.022222,14:15:09.579333,9.579333333
0.139915,0.057981,1.044193,14:15:09.580000,9.580000000
0.000007,-0.017611,0.985080,14:15:09.580667,9.580666667
-0.066910,-0.084760,0.955651,14:15:09.581333,9.581333333
0.039279,-0.029843,0.992406,14:15:09.582000,9.582000000
0.081626,0.013941,1.004328,14:15:09.582667,9.582666667
0.029541,-0.050059,1.003519,14:15:09.583333,9.583333333
-0.037573,-0.068696,0.953597,14:15:09.584000,9.584000000
-0.012490,-0.073408,0.944198,14:15:09.584667,9.584666667
-0.072875,-0.045220,0.960048,14:15:09.585333,9.585333333
-0.053243,-0.107731,0.972678,14:15:09.586000,9.586000000
-0.105281,-0.123802,0.994975,14:15:09.586667,9.586666667
-0.146057,-0.105641,0.982836,14:15:09.587333,9.587333333
-0.112093,-0.084877,0.974814,14:15:09.588000,9.588000000
-0.102495,-0.075835,0.998462,14:15:09.588667,9.588666667
-0.102673,-0.015590,0.993252,14:15:09.589333,9.589333333
0.045806,0.071379,1.082362,14:15:09.590000,9.590000000
-0.021402,0.027245,1.054418,14:15:09.590667,9.590666667
-0.111518,-0.054139,0.976786,14:15:09.591333,9.591333333
-0.129824,-0.063293,0.973185,14:15:09.592000,9.592000000
-0.070712,-0.015265,1.030523,14:15:09.592667,9.592666667
-0.050902,0.014543,1.036622,14:15:09.593333,9.593333333
-0.061634,-0.035627,0.989904,14:15:09.594000,9.594000000
-0.116758,-0.042761,0.960587,14:15:09.594667,9.594666667
-0.123892,-0.029641,0.962605,14:15:09.595333,9.595333333
-0.068416,-0.006100,0.999269,14:15:09.596000,9.596000000
-0.062574,-0.004382,1.024798,14:15:09.596667,9.596666667
-0.071251,0.016555,0.980695,14:15:09.597333,9.597333333
-0.076396,0.005064,1.008172,14:15:09.598000,9.598000000
-0.018417,0.043586,1.030634,14:15:09.598667,9.598666667
-0.023351,0.063206,1.069611,14:15:09.599333,9.599333333
0.019402,0.098350,1.037511,14:15:09.600000,9.600000000
0.157079,0.176471,1.090433,14:15:09.600667,9.600666667
0.112315,0.125755,1.093658,14:15:09.601333,9.601333333
0.037545,0.066612,1.014202,14:15:09.602000,9.602000000
0.070827,0.037653,1.041471,14:15:09.602667,9.602666667
0.125312,0.095673,1.080464,14:15:09.603333,9.603333333
0.144405,0.088342,1.055284,14:15:09.604000,9.604000000
0.107322,0.042404,1.045943,14:15:09.604667,9.604666667
0.061856,-0.001839,0.988786,14:15:09.605333,9.605333333
0.034157,0.017505,1.006708,14:15:09.606000,9.606000000
0.085580,0.028622,0.989996,14:15:09.606667,9.606666667
0.058068,-0.010308,1.024626,14:15:09.607333,9.607333333
0.067747,0.020837,1.018392,14:15:09.608000,9.608000000
0.044392,0.039887,1.026382,14:15:09.608667,9.608666667
0.030899,0.034151,1.039563,14:15:09.609333,9.609333333
0.067882,0.051196,1.032122,14:15:09.610000,9.610000000
0.106487,0.082294,1.054402,14:15:09.610667,9.610666667
0.183366,0.137626,1.084196,14:15:09.611333,9.611333333
0.133385,0.026970,1.030358,14:15:09.612000,9.612000000
0.015622,0.002083,0.971481,14:15:09.612667,9.612666667
0.027617,-0.011881,0.972868,14:15:09.613333,9.613333333
0.123540,0.036561,1.013256,14:15:09.614000,9.614000000
0.082009,0.013311,0.954834,14:15:09.614667,9.614666667
0.050692,-0.010826,0.944182,14:15:09.615333,9.615333333
-0.026499,-0.073758,0.924373,14:15:09.616000,9.616000000
-0.011488,-0.052181,0.926682,14:15:09.616667,9.616666667
-0.010814,-0.014404,0.960701,14:15:09.617333,9.617333333
-0.049089,-0.034250,0.968885,14:15:09.618000,9.618000000
-0.042732,-0.071596,0.962090,14:15:09.618667,9.618666667
-0.032402,-0.043194,0.945264,14:15:09.619333,9.619333333
0.014013,-0.010381,0.986338,14:15:09.620000,9.620000000
0.008379,-0.003398,0.976148,14:15:09.620667,9.620666667
0.101226,0.047741,1.035339,14:15:09.621333,9.621333333
0.144501,0.087836,1.052257,14:15:09.622000,9.622000000
0.046771,0.004813,0.986810,14:15:09.622667,9.622666667
-0.052227,-0.052220,0.957570,14:15:09.623333,9.623333333
0.000093,-0.024207,0.955091,14:15:09.624000,9.624000000
0.074106,0.001220,0.992682,14:15:09.624667,9.624666667
0.007822,-0.000891,0.978054,14:15:09.625333,9.625333333
-0.016262,-0.092586,0.972103,14:15:09.626000,9.626000000
-0.052734,-0.088940,0.943850,14:15:09.626667,9.626666667
-0.071303,-0.090168,0.950639,14:15:09.627333,9.627333333
-0.074256,-0.099260,0.966733,14:15:09.628000,9.628000000
-0.126781,-0.111144,0.960923,14:15:09.628667,9.628666667
-0.111013,-0.094182,0.968245,14:15:09.629333,9.629333333
-0.135461,-0.099495,0.994386,14:15:09.630000,9.630000000
-0.077408,-0.056267,1.002928,14:15:09.630667,9.630666667
-0.074550,-0.032217,1.027462,14:15:09.631333,9.631333333
0.031650,0.058077,1.068151,14:15:09.632000,9.632000000
0.022178,0.040542,1.062170,14:15:09.632667,9.632666667
-0.103555,-0.073486,1.006017,14:15:09.633333,9.633333333
-0.166587,-0.076119,0.966818,14:15:09.634000,9.634000000
-0.055748,-0.018058,0.994853,14:15:09.634667,9.634666667
0.001448,-0.000714,1.009315,14:15:09.635333,9.635333333
-0.049254,0.010619,1.010818,14:15:09.636000,9.636000000
-0.133667,-0.045973,0.971436,14:15:09.636667,9.636666667
-0.169582,-0.040704,0.973564,14:15:09.637333,9.637333333
-0.149487,-0.007358,0.970049,14:15:09.638000,9.638000000
-0.051520,0.002928,0.993847,14:15:09.638667,9.638666667
-0.108246,-0.002512,0.999854,14:15:09.639333,9.639333333
-0.061652,-0.016784,1.001925,14:15:09.640000,9.640000000
-0.060661,0.004130,1.025421,14:15:09.640667,9.640666667
-0.011683,0.053740,1.052657,14:15:09.641333,9.641333333
0.013364,0.050064,1.064442,14:15:09.642000,9.642000000
0.150714,0.168945,1.107384,14:15:09.642667,9.642666667
0.100836,0.143482,1.092198,14:15:09.643333,9.643333333
0.036495,0.062747,1.024763,14:15:09.644000,9.644000000
0.013442,0.041541,1.020798,14:15:09.644667,9.644666667
0.088124,0.093013,1.043357,14:15:09.645333,9.645333333
0.150117,0.088230,1.092075,14:15:09.646000,9.646000000
0.087870,0.074800,1.051469,14:15:09.646667,9.646666667
0.051968,0.032884,1.001040,14:15:09.647333,9.647333333
0.052771,0.048232,0.996572,14:15:09.648000,9.648000000
0.063352,0.058575,1.029672,14:15:09.648667,9.648666667
0.069031,0.052562,1.020018,14:15:09.649333,9.649333333
0.056194,0.029930,1.029934,14:15:09.650000,9.650000000
0.029210,0.042644,1.030163,14:15:09.650667,9.650666667
0.071807,0.067763,1.020039,14:15:09.651333,9.651333333
0.086966,0.026589,1.041348,14:15:09.652000,9.652000000
0.110676,0.069207,1.024275,14:15:09.652667,9.652666667
0.239954,0.149432,1.104818,14:15:09.653333,9.653333333
0.119665,0.065672,1.034465,14:15:09.654000,9.654000000
0.015794,-0.010404,0.986569,14:15:09.654667,9.654666667
0.054380,0.009144,0.958347,14:15:09.655333,9.655333333
0.111521,0.038775,0.991278,14:15:09.656000,9.656000000
0.097817,0.038365,1.013703,14:15:09.656667,9.656666667
0.020316,-0.001036,0.988850,14:15:09.657333,9.657333333
-0.000617,-0.046626,0.942599,14:15:09.658000,9.658000000
-0.021222,-0.044067,0.966040,14:15:09.658667,9.658666667
0.037990,0.008804,0.959171,14:15:09.659333,9.659333333
0.004523,-0.010656,0.932481,14:15:09.660000,9.660000000
-0.043088,-0.042845,0.964824,14:15:09.660667,9.660666667
-0.027464,-0.035260,0.945848,14:15:09.661333,9.661333333
0.006602,0.001646,0.959734,14:15:09.662000,9.662000000
0.011497,0.002793,0.990282,14:15:09.662667,9.662666667
0.103354,0.026353,1.002847,14:15:09.663333,9.663333333
0.206892,0.085758,1.030828,14:15:09.664000,9.664000000
0.032763,0.032171,0.981525,14:15:09.664667,9.664666667
-0.052958,-0.053267,0.951892,14:15:09.665333,9.665333333
0.041029,-0.034855,0.963203,14:15:09.666000,9.666000000
0.082415,-0.007358,0.989848,14:15:09.666667,9.666666667
0.061355,-0.030380,1.009790,14:15:09.667333,9.667333333
-0.049641,-0.073297,0.949462,14:15:09.668000,9.668000000
-0.083045,-0.083449,0.954453,14:15:09.668667,9.668666667
-0.064866,-0.094390,0.948859,14:15:09.669333,9.669333333
-0.033424,-0.088279,0.967270,14:15:09.670000,9.670000000
-0.062831,-0.084120,0.976568,14:15:09.670667,9.670666667
-0.110376,-0.086136,0.985844,14:15:09.671333,9.671333333
-0.111574,-0.033352,0.963807,14:15:09.672000,9.672000000
-0.076066,-0.077611,0.992453,14:15:09.672667,9.672666667
-0.091219,-0.051131,1.025655,14:15:09.673333,9.673333333
0.047056,-0.003136,1.047203,14:15:09.674000,9.674000000
0.044753,0.062751,1.037817,14:15:09.674667,9.674666667
-0.082082,-0.053112,0.983909,14:15:09.675333,9.675333333
-0.141315,-0.094550,0.989839,14:15:09.676000,9.676000000
-0.084804,-0.046270,0.978708,14:15:09.676667,9.676666667
-0.019855,-0.001214,1.003684,14:15:09.677333,9.677333333
-0.051877,-0.010383,0.975251,14:15:09.678000,9.678000000
-0.152476,-0.040830,0.969489,14:15:09.678667,9.678666667
-0.141039,-0.056464,0.963412,14:15:09.679333,9.679333333
-0.135713,-0.037278,1.000040,14:15:09.680000,9.680000000
-0.113148,-0.038968,0.977464,14:15:09.680667,9.680666667
-0.099737,-0.037882,0.975709,14:15:09.681333,9.681333333
-0.117815,-0.047759,0.994032,14:15:09.682000,9.682000000
-0.080009,-0.008203,1.016024,14:15:09.682667,9.682666667
-0.054530,0.055343,1.014525,14:15:09.683333,9.683333333
-0.014016,0.046109,1.037804,14:15:09.684000,9.684000000
0.126201,0.144352,1.097780,14:15:09.684667,9.684666667
0.125186,0.167836,1.106548,14:15:09.685333,9.685333333
-0.023874,0.053227,1.034287,14:15:09.686000,9.686000000
0.010043,0.024622,1.007995,14:15:09.686667,9.686666667
0.066359,0.067361,1.023812,14:15:09.687333,9.687333333
0.112351,0.144654,1.050681,14:15:09.688000,9.688000000
0.114385,0.087536,1.044923,14:15:09.688667,9.688666667
0.037591,0.040650,1.013724,14:15:09.689333,9.689333333
0.041563,0.016253,1.007619,14:15:09.690000,9.690000000
0.076377,0.023888,1.049180,14:15:09.690667,9.690666667
0.106986,0.039921,1.053275,14:15:09.691333,9.691333333
0.057085,0.041879,1.006072,14:15:09.692000,9.692000000
0.043296,0.018093,1.030767,14:15:09.692667,9.692666667
0.057308,0.021299,1.020607,14:15:09.693333,9.693333333
0.076510,0.054371,1.013529,14:15:09.694000,9.694000000
0.107405,0.041156,1.046749,14:15:09.694667,9.694666667
0.261543,0.143007,1.102079,14:15:09.695333,9.695333333
0.162033,0.111382,1.082863,14:15:09.696000,9.696000000
0.035506,0.005167,0.991211,14:15:09.696667,9.696666667
0.067720,-0.023777,0.978967,14:15:09.697333,9.697333333
0.071188,0.014293,0.997632,14:15:09.698000,9.698000000
0.140182,0.065149,1.024432,14:15:09.698667,9.698666667
0.098908,-0.001687,0.959006,14:15:09.699333,9.699333333
-0.011294,-0.047660,0.945062,14:15:09.700000,9.700000000
-0.015625,-0.048908,0.937115,14:15:09.700667,9.700666667
0.020587,-0.043142,0.951374,14:15:09.701333,9.701333333
0.017838,-0.031503,0.930075,14:15:09.702000,9.702000000
-0.022418,-0.024595,0.952927,14:15:09.702667,9.702666667
-0.037437,-0.048954,0.973465,14:15:09.703333,9.703333333
-0.029252,-0.009277,0.986097,14:15:09.704000,9.704000000
0.042429,0.003175,0.993729,14:15:09.704667,9.704666667
0.070959,0.019457,1.004604,14:15:09.705333,9.705333333
0.194110,0.099250,1.053981,14:15:09.706000,9.706000000
0.058087,0.047630,0.988226,14:15:09.706667,9.706666667
-0.026339,-0.050923,0.950600,14:15:09.707333,9.707333333
-0.021623,-0.025873,0.955197,14:15:09.708000,9.708000000
0.051109,0.017047,0.982162,14:15:09.708667,9.708666667
0.072707,0.010832,0.985015,14:15:09.709333,9.709333333
-0.013995,-0.032411,0.984548,14:15:09.710000,9.710000000
-0.070455,-0.088028,0.947995,14:15:09.710667,9.710666667
-0.045877,-0.052684,0.961152,14:15:09.711333,9.711333333
-0.007248,-0.014212,0.973330,14:15:09.712000,9.712000000
-0.018710,-0.063842,0.960229,14:15:09.712667,9.712666667
-0.111462,-0.071193,0.989609,14:15:09.713333,9.713333333
-0.119749,-0.067689,0.990802,14:15:09.714000,9.714000000
-0.070891,-0.048048,1.001047,14:15:09.714667,9.714666667
-0.033655,-0.034274,1.021912,14:15:09.715333,9.715333333
-0.002288,0.028884,1.033461,14:15:09.716000,9.716000000
0.076423,0.049896,1.076832,14:15:09.716667,9.716666667
-0.048566,-0.037121,0.997481,14:15:09.717333,9.717333333
-0.109880,-0.087548,0.980813,14:15:09.718000,9.718000000
-0.083900,-0.044567,0.999459,14:15:09.718667,9.718666667
-0.033688,-0.020274,1.017008,14:15:09.719333,9.719333333
-0.035405,0.006087,1.014264,14:15:09.720000,9.720000000
-0.063793,-0.087294,0.949794,14:15:09.720667,9.720666667
-0.158152,-0.079810,0.964254,14:15:09.721333,9.721333333
-0.123783,-0.014272,0.971253,14:15:09.722000,9.722000000
-0.101531,-0.024043,0.997568,14:15:09.722667,9.722666667
-0.085630,-0.025543,0.981158,14:15:09.723333,9.723333333
-0.119063,-0.009211,1.012929,14:15:09.724000,9.724000000
-0.113902,0.005019,1.028001,14:15:09.724667,9.724666667
-0.074532,0.034020,1.036482,14:15:09.725333,9.725333333
-0.052877,0.076423,1.040493,14:15:09.726000,9.726000000
0.080894,0.141362,1.086036,14:15:09.726667,9.726666667
0.141048,0.133743,1.091173,14:15:09.727333,9.727333333
0.022221,0.069901,1.013853,14:15:09.728000,9.728000000
-0.056906,0.039381,1.005635,14:15:09.728667,9.728666667
0.025456,0.058611,1.036460,14:15:09.729333,9.729333333
0.143375,0.105031,1.075320,14:15:09.730000,9.730000000
0.080373,0.099688,1.050796,14:15:09.730667,9.730666667
0.031363,0.039581,1.025660,14:15:09.731333,9.731333333
0.001524,0.032247,1.017444,14:15:09.732000,9.732000000
0.042007,0.044856,1.041671,14:15:09.732667,9.732666667
0.051495,0.073228,1.040007,14:15:09.733333,9.733333333
0.065429,0.044896,1.027264,14:15:09.734000,9.734000000
0.033446,0.056133,1.034078,14:15:09.734667,9.734666667
0.027400,0.044603,1.041010,14:15:09.735333,9.735333333
0.067761,0.085538,1.040427,14:15:09.736000,9.736000000
0.092329,0.117711,1.052067,14:15:09.736667,9.736666667
0.224255,0.161873,1.094876,14:15:09.737333,9.737333333
0.190402,0.105596,1.102267,14:15:09.738000,9.738000000
0.044459,0.017826,1.032380,14:15:09.738667,9.738666667
0.045229,0.010737,0.975840,14:15:09.739333,9.739333333
0.092969,0.066778,0.994825,14:15:09.740000,9.740000000
0.121406,0.050420,1.023642,14:15:09.740667,9.740666667
0.066120,0.016555,1.001645,14:15:09.741333,9.741333333
0.022322,-0.049636,0.961202,14:15:09.742000,9.742000000
-0.013973,-0.014084,0.955276,14:15:09.742667,9.742666667
-0.015374,-0.013175,0.973109,14:15:09.743333,9.743333333
0.009056,-0.035245,0.964765,14:15:09.744000,9.744000000
-0.032452,-0.050828,0.949909,14:15:09.744667,9.744666667
-0.032789,-0.060496,0.958406,14:15:09.745333,9.745333333
0.008865,0.015238,0.974986,14:15:09.746000,9.746000000
0.016859,0.004379,0.971878,14:15:09.746667,9.746666667
0.037408,0.005711,1.001682,14:15:09.747333,9.747333333
0.204677,0.112074,1.036197,14:15:09.748000,9.748000000
0.107218,0.075737,1.002437,14:15:09.748667,9.748666667
-0.006592,-0.041013,0.943438,14:15:09.749333,9.749333333
0.002139,-0.027833,0.953820,14:15:09.750000,9.750000000
0.060619,-0.005719,0.978076,14:15:09.750667,9.750666667
0.064829,0.008450,0.997053,14:15:09.751333,9.751333333
-0.000855,-0.029091,0.982544,14:15:09.752000,9.752000000
-0.071245,-0.054860,0.950534,14:15:09.752667,9.752666667
-0.054890,-0.084638,0.935241,14:15:09.753333,9.753333333
-0.017598,-0.044230,0.961202,14:15:09.754000,9.754000000
-0.034309,-0.039072,0.970221,14:15:09.754667,9.754666667
-0.096169,-0.082663,1.002415,14:15:09.755333,9.755333333
-0.102835,-0.078156,0.983514,14:15:09.756000,9.756000000
-0.076211,-0.052894,0.989490,14:15:09.756667,9.756666667
-0.036015,-0.056943,0.980510,14:15:09.757333,9.757333333
-0.027229,0.004973,1.032167,14:15:09.758000,9.758000000
0.117279,0.067547,1.077994,14:15:09.758667,9.758666667
-0.029860,-0.007358,0.999230,14:15:09.759333,9.759333333
-0.148812,-0.088634,0.972466,14:15:09.760000,9.760000000
-0.077222,-0.074702,0.994008,14:15:09.760667,9.760666667
-0.050090,-0.024467,1.035971,14:15:09.761333,9.761333333
0.005425,-0.033113,1.004967,14:15:09.762000,9.762000000
-0.096011,-0.055897,0.968526,14:15:09.762667,9.762666667
-0.173067,-0.098938,0.952247,14:15:09.763333,9.763333333
-0.155386,-0.071054,0.957172,14:15:09.764000,9.764000000
-0.121168,-0.028841,0.974411,14:15:09.764667,9.764666667
-0.123025,-0.057815,0.974542,14:15:09.765333,9.765333333
-0.127778,-0.062614,1.002385,14:15:09.766000,9.766000000
-0.117170,-0.009346,1.006273,14:15:09.766667,9.766666667
-0.075565,0.008477,1.031422,14:15:09.767333,9.767333333
-0.051271,0.009724,1.035100,14:15:09.768000,9.768000000
0.045693,0.112430,1.057133,14:15:09.768667,9.768666667
0.143656,0.151416,1.103222,14:15:09.769333,9.769333333
0.006714,0.072131,1.044354,14:15:09.770000,9.770000000
-0.054359,0.036198,1.005130,14:15:09.770667,9.770666667
0.034628,0.020327,1.023726,14:15:09.771333,9.771333333
0.107726,0.111754,1.046119,14:15:09.772000,9.772000000
0.072701,0.089834,1.061446,14:15:09.772667,9.772666667
0.031506,0.008199,1.047123,14:15:09.773333,9.773333333
0.036482,0.033952,1.010604,14:15:09.774000,9.774000000
0.042037,0.031632,1.030381,14:15:09.774667,9.774666667
0.077667,0.024205,1.068345,14:15:09.775333,9.775333333
-0.002894,0.072628,1.055701,14:15:09.776000,9.776000000
0.018892,0.023344,1.044540,14:15:09.776667,9.776666667
0.060174,0.046937,1.047159,14:15:09.777333,9.777333333
0.072260,0.065259,1.055361,14:15:09.778000,9.778000000
0.043942,0.065325,1.076003,14:15:09.778667,9.778666667
0.218186,0.126869,1.086827,14:15:09.779333,9.779333333
0.211766,0.150943,1.101403,14:15:09.780000,9.780000000
0.072816,0.044687,1.003875,14:15:09.780667,9.780666667
0.017082,0.000310,0.999309,14:15:09.781333,9.781333333
0.108827,0.023742,1.031675,14:15:09.782000,9.782000000
0.159977,0.068453,1.012442,14:15:09.782667,9.782666667
0.079679,0.001238,1.028471,14:15:09.783333,9.783333333
0.046718,-0.012138,0.978200,14:15:09.784000,9.784000000
0.032155,-0.025357,0.936389,14:15:09.784667,9.784666667
0.044703,-0.017856,0.973805,14:15:09.785333,9.785333333
0.020968,-0.005718,0.965852,14:15:09.786000,9.786000000
-0.016204,-0.020094,0.952088,14:15:09.786667,9.786666667
-0.024693,-0.018466,0.956451,14:15:09.787333,9.787333333
-0.030349,-0.002134,0.942482,14:15:09.788000,9.788000000
0.024343,-0.014287,0.974944,14:15:09.788667,9.788666667
0.044038,0.005547,0.988093,14:15:09.789333,9.789333333
0.153404,0.100811,1.053676,14:15:09.790000,9.790000000
0.131711,0.095755,1.012137,14:15:09.790667,9.790666667
-0.002878,-0.013805,0.958311,14:15:09.791333,9.791333333
-0.001723,-0.038069,0.942661,14:15:09.792000,9.792000000
0.055881,0.019852,0.966576,14:15:09.792667,9.792666667
0.074795,0.027490,0.990200,14:15:09.793333,9.793333333
0.015189,-0.023168,0.975338,14:15:09.794000,9.794000000
-0.024653,-0.072882,0.930608,14:15:09.794667,9.794666667
-0.041496,-0.067145,0.956059,14:15:09.795333,9.795333333
-0.011531,-0.063884,0.986572,14:15:09.796000,9.796000000
-0.045294,-0.037081,0.970570,14:15:09.796667,9.796666667
-0.054067,-0.039215,0.983549,14:15:09.797333,9.797333333
-0.088744,-0.086055,0.981466,14:15:09.798000,9.798000000
-0.075766,-0.050620,1.002478,14:15:09.798667,9.798666667
-0.024749,-0.028768,0.973516,14:15:09.799333,9.799333333
-0.051061,-0.041130,0.984212,14:15:09.800000,9.800000000
0.114808,0.081983,1.045662,14:15:09.800667,9.800666667
-0.007088,-0.013554,1.027145,14:15:09.801333,9.801333333
-0.129230,-0.051288,0.989830,14:15:09.802000,9.802000000
-0.092474,-0.060955,0.944139,14:15:09.802667,9.802666667
-0.061549,-0.063528,0.990337,14:15:09.803333,9.803333333
-0.022166,0.002431,1.037993,14:15:09.804000,9.804000000
-0.091808,-0.061714,0.981622,14:15:09.804667,9.804666667
-0.163219,-0.102623,0.950992,14:15:09.805333,9.805333333
-0.115365,-0.104194,0.938586,14:15:09.806000,9.806000000
-0.116391,-0.062275,0.975216,14:15:09.806667,9.806666667
-0.104935,-0.057498,0.980322,14:15:09.807333,9.807333333
-0.122002,-0.049163,0.978446,14:15:09.808000,9.808000000
-0.137116,-0.014817,0.998809,14:15:09.808667,9.808666667
-0.091548,-0.018635,0.992080,14:15:09.809333,9.809333333
-0.052293,0.020640,1.021894,14:15:09.810000,9.810000000
0.034326,0.045842,1.078110,14:15:09.810667,9.810666667
0.096075,0.132926,1.107713,14:15:09.811333,9.811333333
-0.009502,0.081623,1.052225,14:15:09.812000,9.812000000
-0.062694,0.004874,1.004527,14:15:09.812667,9.812666667
0.011452,0.049482,1.037968,14:15:09.813333,9.813333333
0.072360,0.086945,1.048111,14:15:09.814000,9.814000000
0.037748,0.044417,1.070856,14:15:09.814667,9.814666667
0.006355,0.067642,1.008938,14:15:09.815333,9.815333333
-0.019993,0.041432,0.980866,14:15:09.816000,9.816000000
0.006585,0.055883,1.032854,14:15:09.816667,9.816666667
0.036758,0.059121,1.040199,14:15:09.817333,9.817333333
0.022878,0.018708,1.025448,14:15:09.818000,9.818000000
0.020213,0.029218,1.041016,14:15:09.818667,9.818666667
0.040780,0.048783,1.075182,14:15:09.819333,9.819333333
0.063893,0.036207,1.039816,14:15:09.820000,9.820000000
0.092468,0.084360,1.074751,14:15:09.820667,9.820666667
0.160483,0.140264,1.095468,14:15:09.821333,9.821333333
0.214596,0.182812,1.113315,14:15:09.822000,9.822000000
0.112305,0.052889,1.062745,14:15:09.822667,9.822666667
0.054355,-0.020532,1.009757,14:15:09.823333,9.823333333
0.067995,0.035173,1.012027,14:15:09.824000,9.824000000
0.178004,0.084676,1.026711,14:15:09.824667,9.824666667
0.108817,0.062384,1.021630,14:15:09.825333,9.825333333
0.081850,-0.001136,0.972321,14:15:09.826000,9.826000000
0.037584,-0.031596,0.960252,14:15:09.826667,9.826666667
0.007584,-0.022940,0.976986,14:15:09.827333,9.827333333
0.034491,0.001325,0.927448,14:15:09.828000,9.828000000
0.008906,-0.052033,0.968827,14:15:09.828667,9.828666667
-0.007399,0.007830,0.958544,14:15:09.829333,9.829333333
-0.018649,-0.016756,0.960310,14:15:09.830000,9.830000000
0.014974,0.003655,0.981220,14:15:09.830667,9.830666667
0.010816,0.010943,0.977196,14:15:09.831333,9.831333333
0.127676,0.085960,1.024931,14:15:09.832000,9.832000000
0.145507,0.084231,1.038581,14:15:09.832667,9.832666667
0.011850,-0.017991,0.956836,14:15:09.833333,9.833333333
-0.043118,-0.051772,0.940071,14:15:09.834000,9.834000000
0.064718,-0.001555,0.963077,14:15:09.834667,9.834666667
0.094579,0.050771,0.991549,14:15:09.835333,9.835333333
0.058521,0.027841,0.966111,14:15:09.836000,9.836000000
-0.032096,-0.062879,0.959305,14:15:09.836667,9.836666667
-0.059840,-0.075223,0.923217,14:15:09.837333,9.837333333
-0.042488,-0.047271,0.970871,14:15:09.838000,9.838000000
-0.034240,-0.047831,0.948069,14:15:09.838667,9.838666667
-0.070411,-0.061614,0.979398,14:15:09.839333,9.839333333
-0.054295,-0.051522,0.974471,14:15:09.840000,9.840000000
-0.053513,-0.034830,0.984333,14:15:09.840667,9.840666667
-0.045281,-0.028109,0.984737,14:15:09.841333,9.841333333
-0.033322,-0.035913,1.037138,14:15:09.842000,9.842000000
0.093610,0.087179,1.090465,14:15:09.842667,9.842666667
0.042220,0.002042,1.028997,14:15:09.843333,9.843333333
-0.090830,-0.087628,0.962515,14:15:09.844000,9.844000000
-0.104258,-0.093107,0.955814,14:15:09.844667,9.844666667
-0.060203,-0.034935,0.988725,14:15:09.845333,9.845333333
-0.005976,-0.004840,1.015054,14:15:09.846000,9.846000000
-0.048552,-0.064927,0.955945,14:15:09.846667,9.846666667
-0.136229,-0.088066,0.974058,14:15:09.847333,9.847333333
-0.136337,-0.074423,0.944630,14:15:09.848000,9.848000000
-0.126139,-0.032948,0.945006,14:15:09.848667,9.848666667
-0.125373,-0.073022,0.985126,14:15:09.849333,9.849333333
-0.148919,-0.062985,0.978743,14:15:09.850000,9.850000000
-0.166355,-0.041870,0.995978,14:15:09.850667,9.850666667
-0.110817,-0.005007,0.991785,14:15:09.851333,9.851333333
-0.060281,-0.013605,1.020682,14:15:09.852000,9.852000000
-0.062874,0.021312,1.016769,14:15:09.852667,9.852666667
0.095365,0.110191,1.082568,14:15:09.853333,9.853333333
0.003398,0.097353,1.021401,14:15:09.854000,9.854000000
-0.044716,0.029698,0.982211,14:15:09.854667,9.854666667
-0.017751,0.019411,0.975329,14:15:09.855333,9.855333333
0.033388,0.061930,1.032366,14:15:09.856000,9.856000000
0.060813,0.108325,1.050646,14:15:09.856667,9.856666667
0.042173,0.038176,1.019316,14:15:09.857333,9.857333333
-0.010570,-0.003195,0.973463,14:15:09.858000,9.858000000
-0.006198,0.040666,1.031744,14:15:09.858667,9.858666667
0.022475,0.021035,1.040766,14:15:09.859333,9.859333333
0.029457,0.046006,1.052490,14:15:09.860000,9.860000000
0.018448,0.033175,1.064628,14:15:09.860667,9.860666667
0.034664,0.036423,1.049054,14:15:09.861333,9.861333333
0.053111,0.072929,1.041147,14:15:09.862000,9.862000000
0.068144,0.083445,1.086602,14:15:09.862667,9.862666667
0.161804,0.087335,1.077071,14:15:09.863333,9.863333333
0.254232,0.152604,1.111638,14:15:09.864000,9.864000000
0.142550,0.099874,1.044849,14:15:09.864667,9.864666667
0.062491,-0.015951,1.038525,14:15:09.865333,9.865333333
0.085822,0.048988,0.993897,14:15:09.866000,9.866000000
0.169301,0.089056,1.014517,14:15:09.866667,9.866666667
0.145905,0.066033,0.991040,14:15:09.867333,9.867333333
0.038915,0.010178,1.003712,14:15:09.868000,9.868000000
0.030899,-0.038354,0.967689,14:15:09.868667,9.868666667
0.033340,-0.024243,0.994074,14:15:09.869333,9.869333333
0.026718,-0.029484,0.981104,14:15:09.870000,9.870000000
0.026483,-0.011119,0.979126,14:15:09.870667,9.870666667
0.007105,-0.056618,0.957451,14:15:09.871333,9.871333333
-0.023546,-0.023024,0.960377,14:15:09.872000,9.872000000
0.059530,0.015058,0.996817,14:15:09.872667,9.872666667
0.041582,0.013930,1.009796,14:15:09.873333,9.873333333
0.123770,0.053627,1.029822,14:15:09.874000,9.874000000
0.185318,0.086528,1.049061,14:15:09.874667,9.874666667
0.054452,-0.003668,0.949429,14:15:09.875333,9.875333333
-0.011150,-0.053933,0.937189,14:15:09.876000,9.876000000
0.020643,-0.001402,0.969427,14:15:09.876667,9.876666667
0.072089,0.030844,0.988995,14:15:09.877333,9.877333333
0.043016,0.015718,0.990127,14:15:09.878000,9.878000000
0.001880,-0.049061,0.949559,14:15:09.878667,9.878666667
-0.008967,-0.095829,0.935185,14:15:09.879333,9.879333333
-0.001979,-0.057435,0.936596,14:15:09.880000,9.880000000
0.005802,-0.019871,0.949340,14:15:09.880667,9.880666667
0.020793,-0.041599,0.952823,14:15:09.881333,9.881333333
-0.077931,-0.068192,0.946630,14:15:09.882000,9.882000000
-0.069700,-0.040090,0.997094,14:15:09.882667,9.882666667
-0.012380,-0.042750,0.963936,14:15:09.883333,9.883333333
-0.023804,0.001691,1.009517,14:15:09.884000,9.884000000
0.101044,0.037318,1.062368,14:15:09.884667,9.884666667
0.069941,0.044133,1.039690,14:15:09.885333,9.885333333
-0.048012,-0.043235,0.993234,14:15:09.886000,9.886000000
-0.129574,-0.084076,0.949080,14:15:09.886667,9.886666667
-0.028929,-0.055554,1.004778,14:15:09.887333,9.887333333
0.027887,-0.000887,0.997692,14:15:09.888000,9.888000000
-0.098309,-0.035871,0.997713,14:15:09.888667,9.888666667
-0.140500,-0.074005,0.956984,14:15:09.889333,9.889333333
-0.121443,-0.089548,0.951293,14:15:09.890000,9.890000000
-0.109670,-0.084499,0.987757,14:15:09.890667,9.890666667
-0.128942,-0.060771,0.983668,14:15:09.891333,9.891333333
-0.104973,-0.075768,0.962888,14:15:09.892000,9.892000000
-0.175058,-0.063347,0.975085,14:15:09.892667,9.892666667
-0.119342,-0.033201,0.996943,14:15:09.893333,9.893333333
-0.090540,0.005074,1.028163,14:15:09.894000,9.894000000
-0.085051,0.022531,1.040128,14:15:09.894667,9.894666667
0.073751,0.119327,1.083175,14:15:09.895333,9.895333333
0.043943,0.090817,1.075927,14:15:09.896000,9.896000000
-0.080434,0.008856,0.990792,14:15:09.896667,9.896666667
-0.083855,-0.012848,0.994310,14:15:09.897333,9.897333333
0.007683,0.058081,1.038275,14:15:09.898000,9.898000000
0.059531,0.117779,1.061306,14:15:09.898667,9.898666667
0.040704,0.064803,1.043962,14:15:09.899333,9.899333333
-0.038623,0.010865,0.987060,14:15:09.900000,9.900000000
-0.016186,0.036871,1.020267,14:15:09.900667,9.900666667
0.035979,0.044740,1.051032,14:15:09.901333,9.901333333
0.037894,0.055986,1.044443,14:15:09.902000,9.902000000
-0.020978,0.040923,1.047439,14:15:09.902667,9.902666667
0.005320,0.053222,1.030583,14:15:09.903333,9.903333333
0.044947,0.042888,1.059641,14:15:09.904000,9.904000000
0.048784,0.101968,1.065410,14:15:09.904667,9.904666667
0.114778,0.099427,1.048689,14:15:09.905333,9.905333333
0.241385,0.201367,1.133211,14:15:09.906000,9.906000000
0.174203,0.122058,1.092325,14:15:09.906667,9.906666667
0.045655,0.016026,1.015658,14:15:09.907333,9.907333333
0.072683,0.021784,1.014138,14:15:09.908000,9.908000000
0.141007,0.075091,1.013637,14:15:09.908667,9.908666667
0.128005,0.063954,1.033572,14:15:09.909333,9.909333333
0.093009,0.038053,1.003595,14:15:09.910000,9.910000000
0.000949,0.002251,0.980051,14:15:09.910667,9.910666667
0.021559,0.003915,0.972811,14:15:09.911333,9.911333333
0.032909,-0.042496,0.987019,14:15:09.912000,9.912000000
0.041679,-0.010765,0.987848,14:15:09.912667,9.912666667
0.021181,0.003475,0.959879,14:15:09.913333,9.913333333
0.003524,-0.034048,0.988696,14:15:09.914000,9.914000000
0.040626,-0.008538,1.000349,14:15:09.914667,9.914666667
0.075796,0.032901,0.964660,14:15:09.915333,9.915333333
0.094979,0.052468,0.998381,14:15:09.916000,9.916000000
0.175203,0.105906,1.037526,14:15:09.916667,9.916666667
0.072034,0.004150,0.998793,14:15:09.917333,9.917333333
0.009518,-0.069666,0.922796,14:15:09.918000,9.918000000
0.001393,-0.021977,0.957546,14:15:09.918667,9.918666667
0.095892,0.044700,0.995379,14:15:09.919333,9.919333333
0.093859,-0.004751,0.960629,14:15:09.920000,9.920000000
0.010146,-0.024534,0.944535,14:15:09.920667,9.920666667
-0.007134,-0.067430,0.917486,14:15:09.921333,9.921333333
-0.023158,-0.054521,0.913438,14:15:09.922000,9.922000000
-0.032626,-0.049914,0.961345,14:15:09.922667,9.922666667
-0.012562,-0.072952,0.947075,14:15:09.923333,9.923333333
-0.062565,-0.038667,0.952284,14:15:09.924000,9.924000000
-0.038043,-0.050101,0.969165,14:15:09.924667,9.924666667
-0.049487,-0.042766,0.994881,14:15:09.925333,9.925333333
0.019464,-0.007613,1.013062,14:15:09.926000,9.926000000
0.078118,0.024093,1.035939,14:15:09.926667,9.926666667
0.062419,0.066968,1.059706,14:15:09.927333,9.927333333
-0.036690,-0.055965,1.011998,14:15:09.928000,9.928000000
-0.129883,-0.099949,0.967582,14:15:09.928667,9.928666667
-0.016118,-0.061601,0.992374,14:15:09.929333,9.929333333
-0.027517,-0.001653,1.001243,14:15:09.930000,9.930000000
-0.008989,-0.064397,1.003255,14:15:09.930667,9.930666667
-0.092823,-0.085045,0.948243,14:15:09.931333,9.931333333
-0.159340,-0.075001,0.948375,14:15:09.932000,9.932000000
-0.129087,-0.063712,0.963447,14:15:09.932667,9.932666667
-0.105427,-0.059727,0.952439,14:15:09.933333,9.933333333
-0.124289,-0.085839,0.977711,14:15:09.934000,9.934000000
-0.122725,-0.071420,0.996176,14:15:09.934667,9.934666667
-0.120427,-0.025975,1.015241,14:15:09.935333,9.935333333
-0.065374,-0.023591,1.004347,14:15:09.936000,9.936000000
-0.081944,-0.003780,1.011621,14:15:09.936667,9.936666667
0.033852,0.100233,1.058183,14:15:09.937333,9.937333333
0.046357,0.106087,1.058646,14:15:09.938000,9.938000000
-0.079871,-0.034600,1.003015,14:15:09.938667,9.938666667
-0.098013,0.006994,0.984229,14:15:09.939333,9.939333333
0.004819,0.052472,1.019646,14:15:09.940000,9.940000000
0.066445,0.063866,1.053200,14:15:09.940667,9.940666667
0.015311,0.050905,1.050073,14:15:09.941333,9.941333333
-0.041968,0.022837,1.000485,14:15:09.942000,9.942000000
-0.037957,0.051654,1.003850,14:15:09.942667,9.942666667
0.023389,0.034331,1.015445,14:15:09.943333,9.943333333
0.014580,0.051942,1.050426,14:15:09.944000,9.944000000
-0.003962,0.042020,1.034408,14:15:09.944667,9.944666667
0.028053,0.053434,1.030963,14:15:09.945333,9.945333333
0.035661,0.081825,1.046635,14:15:09.946000,9.946000000
0.050329,0.094942,1.063675,14:15:09.946667,9.946666667
0.100349,0.080648,1.050363,14:15:09.947333,9.947333333
0.235302,0.175486,1.115512,14:15:09.948000,9.948000000
0.138652,0.145049,1.072452,14:15:09.948667,9.948666667
0.065959,0.031510,1.020578,14:15:09.949333,9.949333333
0.071200,0.052514,1.026032,14:15:09.950000,9.950000000
0.102164,0.070148,1.049370,14:15:09.950667,9.950666667
0.119800,0.076278,1.045000,14:15:09.951333,9.951333333
0.078321,0.027956,1.014823,14:15:09.952000,9.952000000
0.013235,-0.029011,0.961391,14:15:09.952667,9.952666667
0.054326,-0.015397,0.984044,14:15:09.953333,9.953333333
0.045833,0.001952,0.996032,14:15:09.954000,9.954000000
0.011467,0.021377,1.003022,14:15:09.954667,9.954666667
-0.001110,0.004404,0.971368,14:15:09.955333,9.955333333
-0.026080,-0.012570,0.992141,14:15:09.956000,9.956000000
0.040453,-0.015770,0.975977,14:15:09.956667,9.956666667
0.065090,-0.003336,1.013861,14:15:09.957333,9.957333333
0.078690,0.025941,1.003166,14:15:09.958000,9.958000000
0.147451,0.120392,1.043775,14:15:09.958667,9.958666667
0.082235,0.036365,0.992684,14:15:09.959333,9.959333333
0.006425,-0.034057,0.935792,14:15:09.960000,9.960000000
0.013294,-0.015080,0.951540,14:15:09.960667,9.960666667
0.079172,0.041527,0.986248,14:15:09.961333,9.961333333
0.110511,0.032715,0.976483,14:15:09.962000,9.962000000
0.028901,-0.022987,0.955469,14:15:09.962667,9.962666667
-0.036336,-0.044994,0.915166,14:15:09.963333,9.963333333
-0.025090,-0.062885,0.922315,14:15:09.964000,9.964000000
0.018171,-0.040560,0.944332,14:15:09.964667,9.964666667
-0.020246,-0.045515,0.947119,14:15:09.965333,9.965333333
-0.068797,-0.077068,0.981671,14:15:09.966000,9.966000000
-0.059969,-0.040596,0.961055,14:15:09.966667,9.966666667
-0.013468,-0.054815,1.004744,14:15:09.967333,9.967333333
-0.017358,-0.012816,0.993807,14:15:09.968000,9.968000000
0.090084,0.026531,1.042141,14:15:09.968667,9.968666667
0.158663,0.080152,1.067033,14:15:09.969333,9.969333333
0.004188,-0.022504,0.997353,14:15:09.970000,9.970000000
-0.102480,-0.081418,0.965512,14:15:09.970667,9.970666667
-0.021768,-0.055101,0.958416,14:15:09.971333,9.971333333
0.031841,-0.038027,0.993627,14:15:09.972000,9.972000000
-0.017898,-0.029015,0.996760,14:15:09.972667,9.972666667
-0.139425,-0.103252,0.969355,14:15:09.973333,9.973333333
-0.138539,-0.098360,0.951047,14:15:09.974000,9.974000000
-0.112876,-0.072943,0.953637,14:15:09.974667,9.974666667
-0.102362,-0.100289,0.998711,14:15:09.975333,9.975333333
-0.151825,-0.076452,0.986849,14:15:09.976000,9.976000000
-0.134737,-0.094584,0.991024,14:15:09.976667,9.976666667
-0.131649,-0.063545,0.969845,14:15:09.977333,9.977333333
-0.101177,-0.028007,1.024824,14:15:09.978000,9.978000000
-0.090161,-0.019121,1.035861,14:15:09.978667,9.978666667
0.003552,0.085931,1.066122,14:15:09.979333,9.979333333
0.052885,0.047703,1.081240,14:15:09.980000,9.980000000
-0.051813,-0.001004,1.033483,14:15:09.980667,9.980666667
-0.113652,-0.039021,0.980183,14:15:09.981333,9.981333333
-0.046108,0.022008,1.010151,14:15:09.982000,9.982000000
0.051013,0.055768,1.032588,14:15:09.982667,9.982666667
-0.004938,0.056457,1.013568,14:15:09.983333,9.983333333
-0.026472,0.012073,1.004178,14:15:09.984000,9.984000000
-0.110137,-0.009720,0.980422,14:15:09.984667,9.984666667
-0.020726,0.014345,1.004824,14:15:09.985333,9.985333333
0.014694,0.057407,1.020270,14:15:09.986000,9.986000000
-0.003358,0.043299,1.005426,14:15:09.986667,9.986666667
-0.021234,0.065861,1.040891,14:15:09.987333,9.987333333
-0.040234,0.075496,1.021907,14:15:09.988000,9.988000000
0.084690,0.114655,1.048657,14:15:09.988667,9.988666667
0.076750,0.078105,1.090942,14:15:09.989333,9.989333333
0.197795,0.176963,1.117215,14:15:09.990000,9.990000000
0.178171,0.118525,1.105007,14:15:09.990667,9.990666667
0.088826,0.054422,1.022481,14:15:09.991333,9.991333333
0.068943,0.048166,1.029551,14:15:09.992000,9.992000000
0.110377,0.084736,1.063702,14:15:09.992667,9.992666667
0.160069,0.089004,1.040880,14:15:09.993333,9.993333333
0.119935,0.036821,1.015620,14:15:09.994000,9.994000000
0.069174,0.000437,1.015415,14:15:09.994667,9.994666667
0.024457,0.009105,1.008714,14:15:09.995333,9.995333333
0.042208,0.003381,0.983220,14:15:09.996000,9.996000000
0.033255,0.000768,1.007637,14:15:09.996667,9.996666667
0.016883,-0.028043,0.981263,14:15:09.997333,9.997333333
0.022765,-0.009658,0.977893,14:15:09.998000,9.998000000
0.013343,0.011781,0.981260,14:15:09.998667,9.998666667
0.021881,0.025818,0.983649,14:15:09.999333,9.999333333
